feat_0,feat_1,feat_2,feat_3,feat_4,feat_5,feat_6,feat_7,feat_8,feat_9,feat_10,feat_11,feat_12,Class
-3.001412727,0.842501892,-0.004392523,-0.495648753,-0.767347486,-1.151800012,-1.124655688,0.550556933,-2.001858351,-3.635200228,2.092098572,-0.839797407,-0.511105212,0
-1.375069252,3.935754058,-1.947822576,-0.773650912,-0.074056537,2.638232643,-0.09217408,-0.25881367,-2.632741638,2.126441828,-0.120198344,1.953656748,0.281695914,0
-0.578300328,0.347300078,-0.205724778,-0.0319163,-0.586519593,0.177730932,-0.8552333,1.129882408,-0.707296226,1.231800186,-1.228655325,-0.822820044,-0.157567761,0
-1.989695621,0.016358384,0.081290635,0.279237754,0.237348119,-0.764086356,0.078434507,-0.738414705,-1.542901662,-0.955017704,-0.52808064,0.668731731,-0.699782744,0
0.253592976,1.275498108,-0.693153721,-0.145002508,1.246268509,1.197096462,2.101381374,-0.780943348,-0.381510993,1.086959505,-0.756325388,0.335350027,1.421022043,0
-2.077592317,1.436100353,-0.37931675,0.294698361,0.043083742,-0.243532245,-0.647848453,-0.595052706,-1.593175408,0.381726647,1.763537502,0.198022801,-0.016226209,0
-0.288772997,0.222830487,-0.239646977,0.218843524,-0.094229756,0.381899728,-0.338250321,-0.063950374,-0.623500995,-0.521894539,-0.255624108,0.357451275,-1.319616748,0
-1.908844162,-1.524276091,0.716236012,1.265342629,-0.247388182,-1.639574467,-0.351126245,0.498478315,-1.197878457,0.076586807,1.339864263,0.781957044,-1.423676312,0
-2.202466112,3.472391677,-0.661841068,1.224724522,0.151795949,-0.354049011,0.763512567,1.556656568,-0.815886374,1.622875984,0.696223683,-0.85378638,1.504112838,0
-1.28096041,0.323999338,0.414456337,-0.498437981,0.239380891,-1.423231228,0.421513647,-0.978637489,0.053187918,-1.401984268,-2.102701754,1.102626308,-0.291025893,0
-0.649734884,-0.703796608,0.170263003,0.789951591,-0.301937986,-0.326365645,-1.428169081,-1.370430901,-0.710798733,0.465229553,1.802945663,-0.592352433,-0.095561669,0
-0.791399167,-0.943740531,0.254188959,-0.758351984,-0.210791318,-0.473285124,-1.334286501,2.068547584,-0.825339371,0.474771097,-1.181699783,-1.052924619,1.036544076,0
1.142406912,0.664792055,-0.668408661,0.189746761,0.408953393,1.611882395,0.175290522,1.79879532,-0.005766039,-1.363519128,0.49580026,-0.000445423,-1.106023201,0
-3.439010439,1.339866993,-0.309564489,1.460903426,-0.236520515,-0.760660264,0.597661001,-0.955518768,-2.697378633,-1.770774423,1.008752072,-0.101259688,-0.161269501,0
-1.238525647,2.644320152,-0.803720351,1.185908255,-0.449866301,0.536623303,-0.420239075,-0.082838378,-0.910663741,1.873576394,-0.893419086,-0.934485348,1.375179058,0
-2.556298379,1.450584001,-0.095030994,-1.285439899,1.013286498,-1.031418015,-0.175978331,-0.400428061,-1.362551089,-0.094753146,1.146170451,2.13198365,2.029297356,0
-2.386327057,-3.245460229,1.42672904,0.41290867,1.455027608,-2.784044305,0.596301098,0.458160021,-1.305709728,-1.143832154,0.633929109,-0.641623916,-0.446056987,0
-2.692676321,0.58842435,0.56971566,-2.030275151,-0.302130385,-2.275454156,0.375820326,0.662753458,-0.633833669,-1.740226581,-0.870943551,0.0377806,-0.443719203,0
-1.659408936,2.69892667,-0.95245339,1.106979098,0.180625769,0.733322476,0.311186497,0.186717561,-1.571140016,-0.290038544,-2.254357673,0.178010526,1.1078403,0
1.004616795,0.997077625,-0.729729373,1.914956308,0.055875845,1.594487611,1.110760479,0.586797077,-0.015601499,1.661281289,0.51614731,0.548223237,-0.81117835,0
0.230384524,1.562178256,-0.774964347,0.422662143,1.248342161,1.275241065,-0.241994212,0.551141902,-0.371307849,1.080448327,0.739479575,-1.508890862,1.359426918,0
-0.940268004,-1.004244652,0.341003364,-1.801231629,-0.148065616,-0.691857377,1.421570512,-0.198300401,-0.805727116,0.189501743,-0.324534928,0.636573575,0.083544967,0
-1.260409818,-0.2955942,0.14009003,-0.331974238,-0.939495512,-0.577479589,-0.634671123,0.304776545,-1.007019247,2.06231642,-0.04345314,0.538924488,0.653574997,0
-1.173159242,-0.890180376,0.338654709,-0.959954096,-1.667575788,-0.793778346,-0.433263507,-1.156828705,-0.929212698,-0.475650681,-0.105410957,1.272829124,-0.262639005,0
-2.478137868,-1.135060753,0.684140382,1.004692887,-2.982541912,-1.867721741,0.26410857,-2.00046108,-1.476451673,-0.302852244,0.604493656,-0.987532927,0.60604268,0
-1.229642774,-1.322761848,0.501691581,-1.148149488,-1.047957041,-1.02787242,-1.309185221,1.309577369,-0.935687408,-1.140193585,-1.489055968,-1.012457625,-0.085234294,0
-3.018908807,-3.195621292,1.4983331,0.138723321,-0.399586173,-3.146420351,-1.455470451,-0.575178955,-1.660248712,0.849056101,0.663765472,-0.768516567,-0.287307688,0
-2.090263363,-0.420692618,0.355499569,0.070197229,0.067472889,-1.261443154,0.436166166,1.346083414,-1.341776973,-1.288668584,-0.599877899,0.829817778,1.313182899,0
-1.583725334,-0.686230407,0.370988044,-0.697955491,-0.532042607,-1.057176992,0.49847441,0.498323587,-1.062932687,0.166810305,-0.172347069,1.449964191,0.825538923,0
-2.627258993,-2.061766377,1.020267581,1.401928253,-0.670177455,-2.347523399,-0.078419528,0.708468578,-1.544361715,0.689602379,2.208614763,0.164574618,-0.189266422,0
-2.733144462,-3.86174062,1.688237181,-1.078910764,-0.824359653,-3.260686774,-1.423972868,0.298228126,-1.481925524,-1.624916009,-0.975528607,0.304160295,1.119008508,0
-2.728243964,-1.076806332,0.985318163,-1.079601319,0.610881283,-2.64334166,0.763423813,-0.771239799,-0.975624488,-0.398877756,1.330950936,-0.402583071,-1.012379974,0
-2.597707139,-1.536453268,0.836047147,-0.372736559,0.315643308,-2.105728515,1.581314716,0.181192448,-1.539703671,-1.517497758,-0.827699477,-3.236993693,0.080887119,0
-1.885467582,2.006220706,-0.63617028,0.779930345,1.680086649,0.194141162,-0.503499071,1.343534654,-1.576063204,-1.77575829,0.371563906,0.453514849,1.096481557,0
-1.642453053,-1.319613387,1.144117962,-0.990426362,0.672452775,-2.604955515,-0.604138287,-0.462830523,0.147565252,0.74422912,0.85599729,1.973733443,-0.163278385,0
0.109455991,0.636922857,-0.440241014,-0.985839717,-0.420823991,0.80624677,-0.260727389,-1.819314356,-0.416665807,-1.220030236,1.727203096,-2.421887543,-0.399491038,0
-1.410142437,-0.757990761,0.341647321,-1.17853262,1.475964695,-0.915358744,-0.701015197,-0.064607718,-1.030755826,1.454222219,0.144647384,0.765586485,1.143627993,0
-3.399761592,-2.040428376,1.18269169,-0.188140284,-2.009652368,-2.946214697,-0.160188139,-0.62918927,-1.838594814,-1.99873792,0.372938148,-0.09463132,-0.737149893,0
-2.815615621,1.433231518,-0.218014512,0.936805677,0.106435416,-0.82123065,1.268358611,-0.182314701,-1.877888527,-0.664966511,-1.542822149,-0.965575006,-0.107127217,0
-0.839759314,-0.733423741,0.251365312,0.353056373,0.967584719,-0.554701501,1.490711657,-0.043487891,-0.71688996,0.399366643,0.433794074,-0.640216466,-0.938368251,0
-1.530665033,-0.754910073,0.318403327,0.482665026,-0.579855181,-0.898496785,-1.078364164,-0.518435632,-1.18585405,0.042907326,-0.002685726,-1.049913545,0.269235133,0
-1.697628723,0.767737465,0.122378329,-0.767546501,0.000304964,-1.036912892,0.060736126,1.35361211,-0.634713355,-1.07449839,1.020381874,-0.329743159,0.785846413,0
-2.843766161,0.691338826,0.456615851,-1.652934562,-0.899618658,-2.098700292,-0.614190418,0.543806654,-0.942698565,-0.203156366,0.310186517,0.728741586,-0.848066927,0
-1.70331293,3.935460751,-0.905404109,-1.539054922,-2.077159659,0.17965564,0.797252299,1.3964657,-0.580762754,-0.359976174,0.412114301,-0.31951245,0.51486118,0
-1.937621452,-1.828434053,0.830592171,-1.18193587,0.505737342,-1.800383815,0.982176173,1.111355313,-1.193505277,0.966539809,1.568159398,-0.751029603,-0.163093839,0
1.384674277,2.809039621,-1.456804294,-0.042420752,1.016555816,2.716572707,0.410879281,-0.5182778,0.037720376,1.170032968,-0.421960989,-0.037883028,-1.720938401,0
-2.515714605,-1.230005257,0.734905912,-0.722142589,-1.305942964,-1.960340565,1.635069583,0.635697062,-1.466247079,-1.765497867,1.441905271,-1.933301599,-1.183101327,0
-2.951917268,0.88007415,-0.178891182,-0.877777306,-0.433431638,-0.754991272,-0.387760923,0.238557532,-2.32210263,1.288210471,0.838146897,0.878205565,0.839247845,0
-0.836591622,0.504546597,-0.227190751,0.12796929,-0.096216681,0.096669864,0.397087844,-0.773511049,-0.863616894,0.447749853,-0.26913734,-0.898860288,-0.042141453,0
-0.439774082,0.052375574,-0.138336878,0.926715277,-1.411358894,0.168456767,-0.372654846,-1.822615594,-0.655312726,-0.545327646,0.743063739,0.302057507,-1.268718049,0
-1.505707359,1.056655123,-0.10810171,1.08950446,-1.16552939,-0.560341928,0.690617522,0.67198774,-0.76854172,1.944048294,0.311207594,0.335555855,-2.191985299,0
-0.540031039,-0.193343898,-0.016149617,0.789123431,-1.226763597,-0.051257596,-0.580477878,-0.008934154,-0.652160696,-0.34560319,-0.437778104,1.683486233,-1.698556069,0
-1.954047197,3.325299506,-1.04257506,0.71591714,-1.448124775,0.632703249,-0.203883469,0.668562616,-1.563007503,-1.523442058,0.180321249,-0.564951527,0.629135298,0
-2.82896705,2.117296201,-0.452570734,0.48661948,-1.303001922,-0.533419243,-1.473280173,0.033551597,-1.905113958,-1.482913041,-0.005587134,-0.127507979,-0.443926494,0
-3.09958211,-3.358505976,1.591129725,0.062834419,0.357932278,-3.322927121,-1.333704659,0.991512652,-1.644096359,0.674733983,-0.072899459,-1.528938905,-1.061626945,0
-2.580855846,-2.005659648,0.99618148,-0.103925087,-0.855664068,-2.299220852,1.061091353,-0.57256839,-1.515993903,-0.689267213,-0.238372132,-0.1529355,-1.524827632,0
-2.054289413,-0.959496173,0.55751346,0.030614465,-0.589846398,-1.519948698,0.681927738,-0.220312405,-1.259363522,-0.534505154,-0.725610873,-0.334529433,-0.288764547,0
-3.955960444,0.975977247,0.261299434,-0.297642536,0.192784078,-2.076583528,0.528288332,1.374311621,-2.13964624,-0.45666759,0.07205085,0.787375138,-0.776991212,0
-2.433880009,-2.23551586,1.063410929,0.523902007,0.178109625,-2.328551831,-0.054142167,1.874996446,-1.408409565,0.033493387,0.037612355,-0.620895797,0.895192168,0
-3.69760094,-3.153602016,1.631535072,1.236188767,-1.799630261,-3.659043147,-0.359028501,-0.692187512,-1.922686486,0.120815471,-0.623999537,0.525658117,-0.861288684,0
-2.895935312,2.446231715,-0.63577492,0.114126074,0.347598771,-0.252800287,-0.226334416,-0.202086906,-2.129070792,-0.305238272,-0.180165374,-0.715946739,0.989604543,0
-1.751428874,-1.231345505,0.586004015,1.278756127,0.255609366,-1.401708979,0.950176423,1.646481892,-1.13392043,-2.47248931,0.889550496,0.892762743,0.983320994,0
-3.115460817,-1.008956885,0.738835818,0.472273214,0.025342879,-2.219906557,1.55501274,-0.060701317,-1.816131419,0.172279748,0.141654221,-0.00707913,0.013271752,0
-0.153223928,0.92086445,-0.471599083,0.821015541,0.190407634,0.701854224,-0.262934375,0.901090839,-0.504427216,1.190263574,-0.004383542,-1.710995223,0.526043219,0
0.495794786,1.345279912,-0.762155974,-0.357100799,0.445430886,1.398940752,0.517748822,0.312270878,-0.272729279,0.938142606,1.023997675,1.491794692,0.398462598,0
-2.076820674,-1.477907226,0.715238443,1.305779198,-0.376744972,-1.702056295,-0.250592461,0.090276868,-1.312184884,1.213122565,0.536850861,-1.045470175,-0.088933551,0
-2.78655505,0.426783173,0.250239496,1.227404017,-1.386965476,-1.52125847,-0.28207471,0.644802819,-1.55328626,-0.083990223,0.476777691,-0.30023926,-0.233310852,0
0.194921469,-0.365060523,-0.124285576,-0.563638464,1.827770771,0.466303922,-0.110339707,1.259191361,-0.381181359,1.591087884,-0.035195881,0.15305316,0.911483302,0
-2.290752711,1.679112524,0.259927576,-0.118820843,0.018382033,-1.840050241,-0.447054436,0.760744762,-0.163643832,-0.30541722,1.418396869,0.054726425,0.092804546,0
-0.612518679,0.784386654,-0.361241878,-0.414772039,-0.07506122,0.367023593,-0.244181772,-0.892504326,-0.759791806,-0.916265053,-1.955859628,-0.304997704,-1.322956559,0
-0.918523297,-0.029618141,-0.028080153,0.597508304,0.046485145,-0.1908945,-0.204128396,-0.166061812,-0.887215449,0.909175557,-0.899721562,0.220678354,-0.233577224,0
-2.653027517,-2.329596241,1.158228621,0.51608741,1.208320835,-2.573755109,-0.80844643,2.054055275,-1.457278399,-1.745605536,-0.030471507,0.845310329,-1.298432942,0
-1.416556439,-1.2683494,0.49470106,-0.279614783,-0.22127364,-1.08505162,-0.444233962,1.078357192,-1.073971828,-0.770104262,-0.241138714,-1.296269356,0.486701745,0
-2.188770169,2.478600847,-0.597550038,-1.054151397,-0.315159357,-0.146851084,-0.074037006,0.839443217,-1.401608847,0.520046494,2.462873965,0.828337468,0.194551007,0
-2.722442687,3.170742207,-0.689481737,-0.770313538,0.539547533,-0.335422179,0.319196445,-1.068203831,-1.557173758,1.081406544,-0.990604337,-0.625165788,-0.279839076,0
-2.001944001,1.261330475,-0.069041541,-1.089419266,-0.521171426,-0.863964788,0.567485729,-1.465491555,-0.961439274,0.096757268,0.565354187,0.002504061,-1.32563591,0
-0.473282386,0.324985155,-0.229381978,-1.468182732,0.638840061,0.269513868,-0.750860502,-0.273907023,-0.685327594,-0.473191188,-0.857569743,-1.083532003,-1.190332925,0
-1.660478197,0.827528766,0.031902061,0.680302892,-0.879913405,-0.842014618,0.743829635,0.136732656,-0.760631862,0.633572744,0.487786018,-1.73029548,-1.751108606,0
-2.656094337,1.031563391,0.150227788,0.204905389,0.542178974,-1.469232009,-1.711204029,-0.060397925,-1.212245987,0.177201074,0.320663048,1.979804603,-0.090732282,0
-2.399776732,-2.213364332,1.0373044,-0.488830454,0.447874228,-2.267289699,0.252843772,-0.20020689,-1.420665567,0.690555604,-1.741843975,-0.042263915,-0.296031296,0
-2.108525742,-1.803070416,0.85181103,0.468131733,0.819783725,-1.906714891,0.238317207,1.055072538,-1.276203964,0.711383617,-0.889601491,0.097451084,0.21187464,0
-0.868294103,0.343885487,0.414521555,-0.467390599,0.162673072,-1.311317017,-0.213965723,-0.926717162,0.428541711,1.005828621,-0.526484823,-0.601787509,-0.199699082,0
-3.25929655,-3.478293786,1.620555506,0.16260667,0.65564696,-3.393660701,0.163435011,0.626132901,-1.806974988,-0.058308559,1.257344543,-1.602206905,1.219423642,0
-0.871931832,-1.306525947,0.393072659,-1.336267123,-0.335948485,-0.684056789,-1.113139877,0.543793298,-0.854899279,-0.795955112,-0.91026463,-0.800444747,-0.818464105,0
-2.293094369,2.272994753,-0.600198929,-0.33225105,-0.414348021,-0.098725286,0.324413471,-0.638633165,-1.652151665,-0.245411483,0.286552944,-0.915795212,1.785259809,1
-2.113998496,1.743147968,-0.08889619,0.080595824,0.532128572,-1.020491259,-0.688228262,1.336555172,-0.744129792,0.425983122,-0.920590944,0.679939873,-0.857476347,0
-0.362805368,0.058296743,0.348525929,-0.595904506,1.281077545,-0.915522181,-0.496817465,-1.359586986,0.508677397,0.686873419,0.797016705,0.397077599,0.044496836,0
-0.61343862,-0.598880881,0.141567644,1.198058833,0.74365711,-0.287668917,-0.131702297,-1.403498477,-0.66515928,1.129938253,-0.625140558,-0.453326913,-0.534790754,0
-1.847444432,2.9045905,-0.263356416,-1.238521473,-2.360541491,-0.955885136,1.388322205,-0.063057648,-0.035698493,-1.33214982,-0.309924221,-1.29604924,-0.098849161,1
-0.236324048,0.623343627,-0.356756332,1.965859893,0.062361964,0.521939109,-0.97475017,-0.857362112,-0.541444677,-1.450149093,1.480593677,0.016167744,-0.831579408,0
-1.416980297,2.798904658,-0.803365926,-1.697019813,-1.255417564,0.430044496,0.46039744,0.054504422,-0.950296725,1.041710199,1.471451303,-0.611062715,1.61931398,0
-3.757204669,0.118983131,0.453686066,-0.816901252,-0.712040655,-2.154539971,-0.184884983,-0.340395157,-2.17423387,0.746394874,0.265328055,0.346146944,-0.77654329,0
-1.347728593,-2.078431556,0.776713838,1.349359789,-1.082594701,-1.420220016,-0.207131858,-0.360070582,-0.985905299,-0.562482205,1.412015989,0.954725916,-0.585374967,0
-2.996943683,-1.97844059,1.066130476,1.298174339,0.935586073,-2.58744434,-0.425699708,0.02681872,-1.702080052,-0.047271622,1.897541695,-2.299095349,-0.154317707,0
-2.283259647,2.57300328,-0.580208395,-0.963670292,-0.503772147,-0.246593418,0.902117163,-0.47016608,-1.374735431,0.10376825,0.097307817,1.614629834,0.57664958,0
-0.628475064,1.386719639,-0.372760353,-0.108485562,-0.2719037,0.176986739,0.355677245,-0.474476171,-0.349888298,0.705100549,0.954034039,-1.653814377,-0.01084034,0
-2.143853289,-2.148440221,0.990648812,-0.825583881,-0.448305246,-2.110458399,-0.571739923,-2.520707573,-1.253389601,0.733523365,0.798007305,-0.426083129,1.073698241,0
-1.378210079,-0.549155658,0.741293251,-1.263075651,-0.014641354,-1.885808886,1.588765223,0.674367786,0.049709435,-0.818605904,-1.098724177,1.105807303,-0.281143726,0
0.599699759,-0.012821956,-0.295772609,-3.225306189,0.414092489,0.848256388,1.747388538,-1.276392996,-0.149498563,-1.567357725,0.014577522,-0.662621942,-2.06589469,0
-1.618633783,0.217105216,0.211454326,-1.150153979,-0.875027422,-1.022733524,0.126616112,0.027342994,-0.776957386,1.638761247,-0.189661525,-0.452502848,0.64524482,0
-1.691958472,0.438114977,-0.305528977,-0.544623389,1.249821097,0.050899536,-0.501894115,-0.650473999,-1.835926837,0.92529055,1.354892932,2.111613218,0.522766742,0
-2.955690383,0.141413235,0.653090504,-0.463050957,0.815922286,-2.383403551,-0.200263859,-0.625984794,-1.01016882,3.354573389,-1.07713082,0.594798196,0.553489664,0
-2.924804032,-2.577152906,1.288335116,1.215328132,1.793475536,-2.860263616,-0.337707759,-0.229181701,-1.587509431,1.02392492,-0.605839286,-0.253994529,-1.119587658,0
-1.594377523,0.097119342,0.755149273,-0.303201086,0.956417207,-2.206580618,-1.602923913,0.548978464,0.374515929,-0.752209684,-0.245402393,0.150853437,-0.311704214,0
-3.32134038,0.018017993,1.247808683,-1.460285906,1.078651946,-3.794244034,1.150128678,2.82200025,-0.087247749,-0.387053026,-0.290382992,0.144627634,0.873169292,0
-2.16581725,0.790205261,0.157247801,-0.188880137,2.02908986,-1.25894466,1.104869955,-0.360197908,-0.948550263,-0.795436584,0.141638128,2.038641925,1.266803608,0
-2.010277665,-1.555573321,0.732716402,2.434334985,0.477081666,-1.695217847,-1.299761705,-0.921302025,-1.27284431,0.989670436,-1.611064161,-1.62645219,-2.366740695,0
-1.494998987,0.392185212,-0.050238216,-0.724959059,0.446207276,-0.455095744,-0.253403563,-0.680700087,-1.125434688,-0.667661636,-1.211390909,-0.772365478,0.795662704,0
-2.700466558,2.561486458,-0.646793715,-0.235606243,-0.865869267,-0.211903316,0.834817159,-0.652397919,-1.897054823,-1.686105462,0.097428796,-1.497170936,0.174176256,0
-1.75863135,0.641236008,-0.0165958,-0.108756092,-0.825303816,-0.694916032,-1.143784754,-0.209343062,-1.09423683,-0.722556088,-0.017230064,-0.413777728,-0.62553836,0
-0.342121633,0.335190192,0.386413676,0.308432381,1.199497451,-1.092729097,1.369353368,1.911663885,0.818465958,1.707686717,-0.901351943,-0.649800325,0.316078192,0
-1.594917004,1.427578833,-0.545471613,1.149418076,-1.201373744,0.275508287,-1.210348651,-0.692640225,-1.550836411,-0.23606983,0.742275233,-1.651734944,-0.358601215,0
-1.922654354,1.462891088,-0.061994797,-0.781740472,-0.83313778,-0.92786513,-1.577753228,0.147705821,-0.725910809,-0.372387185,-1.467272398,-1.195352559,0.621952242,0
-3.265329764,2.898826331,-0.276898385,-0.529604049,1.012890574,-1.332184126,-0.335357071,-0.807995169,-1.308554848,-1.425032507,-1.446790654,0.195429916,0.179318501,0
-0.265181778,0.442979178,-0.313718768,0.521129104,1.373633272,0.479362715,-1.209540728,0.802560672,-0.604736749,-0.594345708,2.026988756,1.751183513,-0.038827727,0
-1.687182277,-0.414667418,0.259713279,0.07280902,-0.666800681,-0.930054539,1.076694125,-2.564086132,-1.200200174,0.147100331,-0.582504166,-0.568128801,-0.522602925,0
-1.533492342,-1.557509336,0.644524507,-0.368647458,1.599091209,-1.356993228,-1.064219701,-0.890291388,-1.055809529,0.293526833,-0.448194719,-2.41673365,1.22231785,0
-2.398391056,-0.157490629,0.482478266,-0.632439038,-0.408896175,-1.730737027,0.209926052,-1.004340262,-1.129454639,1.396597846,0.860185211,1.184984448,1.81731082,0
-2.715374131,-1.271844443,0.779816267,0.925523311,-1.173865055,-2.105090968,0.879952481,-1.067318583,-1.571071845,-1.015462626,1.876140208,-1.347685821,1.649181717,0
-3.172799392,2.023033717,-0.521780689,-0.51024979,1.336594076,-0.44254734,-1.146067942,0.566786391,-2.43102281,-0.172202165,-0.524829121,-1.359289051,1.650520903,0
-1.186631971,0.030126465,0.124200702,1.148284563,1.378322929,-0.634564039,-1.350096282,-0.817263653,-0.735071195,0.961025212,1.596041035,-1.535137418,-0.360861301,0
-2.403821567,-1.424484594,0.744302217,1.07064214,1.10941882,-1.881064067,-1.800030393,-1.044976175,-1.49264581,0.012490747,0.64996163,2.187067285,1.121082149,0
1.56639438,2.035863652,-1.241955406,-0.574452402,1.995996323,2.553322927,0.170440488,-0.752680332,0.101229827,0.476148662,-1.876936976,-1.906227092,-0.297792538,0
-2.011008851,1.029803936,0.253140647,0.401321374,0.40529411,-1.515903634,0.451395952,-0.421976864,-0.419336278,0.415964376,0.07389555,-2.385554143,1.610028716,0
2.144494196,1.039403146,-0.387966013,-0.384114401,-0.267982422,1.133407426,-2.025087385,1.483818944,1.778198221,0.343560351,1.257073218,1.995225517,-0.743964932,1
-0.891266716,0.934464862,-0.086209101,-0.527597343,0.431996563,-0.389818517,1.142054592,-1.930086869,-0.274084353,-0.306593075,0.586851539,-0.19368366,2.463013689,0
-1.962771426,1.925558703,-0.556478935,-0.685934504,-1.228779351,0.01944769,-0.098872626,0.747995399,-1.524987699,-0.390267531,-0.580163722,0.951384984,-1.569776685,0
0.091489512,-0.070164714,-0.181494784,-0.202789838,1.3858781,0.462629072,-1.123034723,-0.526860711,-0.379702602,0.309952471,0.097728172,0.340145415,0.876966102,0
-0.857308169,0.27610851,-0.111146669,-0.065791908,-0.424456856,-0.092236782,-1.28612734,1.151143372,-0.791887687,0.588650926,-0.443769563,-0.486148308,0.935449744,0
-1.741763212,-0.032776005,0.059864395,2.210959211,-0.83996287,-0.626714869,1.395861697,-0.700908183,-1.411149832,-1.198704232,0.468702967,0.359900558,-1.92950969,0
-3.220563292,1.204650717,0.540212929,0.964435644,-0.184165518,-2.577268761,0.238824326,-0.38125095,-0.700952229,0.313843032,1.897885838,-0.503558125,0.35181959,0
-1.747854471,0.98510741,0.274483381,0.864157112,1.063047484,-1.4726907,-1.490311022,1.469947756,-0.175019483,-0.578363387,2.266489655,-0.928185629,-0.099725348,0
-0.999825218,1.932021076,-0.412421777,0.71588246,-0.563216386,-0.031721367,0.815774353,-0.6681124,-0.356053767,-0.68553663,-0.249943591,0.190136245,2.706469573,0
1.568871102,1.345036492,-0.602569588,-0.266104226,0.41475321,1.346680407,1.707493493,2.274511776,1.02221191,0.247126821,-1.45536799,0.499734935,-0.427673725,1
-3.097745996,-2.444922126,1.279809028,-1.529914761,1.543237404,-2.937261745,0.720724878,-0.298688874,-1.658941866,0.930799411,-2.555005065,0.158239127,-1.910024562,0
-2.808991128,-2.08950575,1.072888408,-0.218019792,-0.723295388,-2.509540049,-1.586644557,-1.293291098,-1.605705231,0.129102473,2.002269095,-1.018197779,0.504193199,0
-2.422891369,-1.57296828,0.82115288,-0.511290777,0.687464452,-2.008695248,-0.516882352,0.386082158,-1.447724252,1.45074726,0.009826512,0.254897569,-0.226798411,0
-2.894019024,1.225971732,-0.39983523,-0.378542854,0.757872362,-0.35872201,0.805082238,0.368183197,-2.509031976,-0.993354518,-0.989262369,0.055212354,-0.682344426,0
-2.342996052,0.492971136,0.270953903,-1.249296926,0.17790626,-1.463522758,-0.43895077,-1.142967199,-1.070058223,-0.567588355,0.243339565,-1.281669917,-0.067394253,0
-0.824964835,2.944476454,-1.071418738,-0.868729233,-0.006411217,1.157589322,0.03726761,1.139290518,-0.926060383,-0.246773131,0.164175823,-1.404896698,1.182235219,0
-3.463213236,-2.356474629,1.289979301,-0.56631227,-0.46503234,-3.096821484,-0.445609716,0.449352818,-1.889235874,-1.113328566,-1.113480661,-0.324434858,-2.133995392,0
-0.675830757,1.346182346,-0.116957191,-0.222042569,0.179908526,-0.402544982,-0.497696806,-0.900369903,0.152430936,0.768437497,-0.301096444,-1.302002662,1.099868625,0
-1.995073673,1.228551597,0.360990729,0.565255056,0.996581295,-1.825693549,-1.606120881,-0.724307564,-0.015063369,-1.462717335,0.086333019,0.294592621,-2.10098121,0
0.654156391,1.733673542,-0.929336041,0.578942021,-0.225040187,1.687340614,0.085412781,0.961471935,-0.219574523,0.63012321,0.807409976,0.294087321,-0.081796752,0
-1.630903682,-1.336595601,0.574978564,1.260144955,1.560801157,-1.304969642,1.521388096,-0.021988836,-1.131985217,-1.698709526,-2.100250564,0.868152611,-0.465814222,0
-3.685375652,-2.891548798,1.52912829,-0.737068569,1.230619844,-3.515319147,0.166313079,1.333626187,-1.946137275,-2.173118605,-0.208607144,0.131411431,-1.745513053,0
1.507554001,1.17388738,-0.414535674,0.629230432,-0.460223737,0.962681919,1.561250213,0.448752047,1.262777627,-2.022585378,-0.45806354,1.046554168,-0.00373187,1
-2.357340094,-1.953200294,0.948618052,-0.842615041,-0.622614992,-2.145301833,0.903904555,-0.005658452,-1.388360624,0.17787262,-0.125865551,-0.860414883,0.488600194,0
-1.988311543,1.650386366,0.041244376,-1.20326879,-0.508582979,-1.246784231,-2.012675314,0.392154358,-0.411634465,-0.769845904,-1.285555167,0.725096855,-0.360107817,0
0.115148687,-0.760748961,0.055381329,0.21712544,-1.269362568,0.174820072,-0.267750535,-0.457058685,-0.343138148,0.372012215,0.123561473,-1.175455317,-1.175579202,0
-2.302236915,-1.007307184,0.627301554,1.909303154,0.365654187,-1.732949358,-1.217339732,0.650180753,-1.354996869,1.704324516,2.3998175,0.255394801,0.743608335,0
-0.424934897,-0.421115327,0.007961173,-1.091129034,-0.392630862,0.007266615,0.759578251,-0.93820741,-0.667602681,1.826772343,0.23877695,0.245101625,-0.808767302,0
-3.235563097,-2.970343306,1.477778941,0.240236924,-0.167642066,-3.24143216,-0.926246982,0.18142172,-1.727374084,-1.361189745,0.178591422,-0.323790324,0.417611696,0
-1.828777224,0.369665802,0.426395186,0.724094203,2.397023918,-1.624380404,0.482039797,0.899041533,-0.36431374,-0.969279198,0.843989252,-0.46379727,0.405029604,0
-0.963589034,2.10523989,-0.92393734,-0.905695591,-1.041379089,1.07790374,-1.084758802,1.633584832,-1.342760407,1.01742167,0.114912726,1.276983059,-0.44567674,0
-1.492994796,-0.473246113,0.807002751,0.190310125,-0.328566516,-2.09459905,-0.060885977,0.318255247,0.15357509,-1.901074429,0.083294638,0.664275204,0.222387814,0
-2.537532611,-0.158392122,0.887200232,-1.064517973,-1.48671847,-2.688385218,-0.181150877,1.126723637,-0.343572983,-1.373047545,0.659774759,0.417621516,1.499940093,0
-2.485341254,-1.695388381,0.880533917,-1.450998179,2.268602711,-2.118377537,1.002700774,0.346431556,-1.46042218,0.092379714,0.437916605,0.254733441,1.981386204,0
0.74290995,0.235798051,-0.420592785,0.691771235,-0.759330071,1.085314129,-0.362748055,-1.963088896,-0.118883589,-0.916970768,-1.514436821,0.112441659,0.13444537,0
-1.047447586,-1.702278769,0.598269655,1.636850511,0.315195585,-1.061035036,0.161396914,0.580102747,-0.843230809,-0.226432977,-0.331882224,0.117163945,-1.153211012,0
0.799292847,0.577982794,-0.567762128,-0.662249489,-1.755089741,1.31514464,-0.562173932,0.391434345,-0.144382434,0.322518995,0.607128275,-1.451589667,-0.298495726,0
-2.415713123,-0.67918145,0.498930914,-0.666602806,-0.969484033,-1.589813724,0.356081105,0.842774572,-1.497143296,1.246106911,0.52893408,0.162510588,-1.742476541,0
-3.645640976,-3.475823237,1.721422088,1.262224212,0.415928509,-3.734726072,-0.867565667,-0.13137379,-1.916195384,-2.02691993,1.189999221,0.534223306,-1.27575757,0
-2.70091508,1.025552295,-0.325981863,0.26583217,-1.333921543,-0.400106515,-0.633186941,-1.581475428,-2.324327904,-1.174352962,0.879845924,-1.563741088,0.162961671,0
-1.709898093,-0.547827553,0.904785029,-1.222733254,1.253534058,-2.352726519,-0.440809531,0.895235217,0.127874785,-0.48068041,0.923014819,0.024923486,0.819900777,0
-1.507055014,-0.790885747,0.6210466,1.116809644,0.343454642,-1.565381969,-0.586178634,-2.349879797,-0.513064934,1.247820773,1.449339756,1.400656575,0.680100683,0
0.826347267,1.817925731,-1.014718828,2.660759551,-0.685652123,1.901053289,-0.450963253,0.399277126,-0.197879232,1.479599206,-1.10915259,2.559859743,-0.387905026,0
-0.055550007,0.227819662,-0.278113085,-0.644955547,-0.93522598,0.534661062,1.069994415,0.027480653,-0.502419129,-0.770647126,-0.185133453,1.456141904,1.01850343,0
-1.997459759,0.565176895,0.376002254,1.050903493,0.405004716,-1.627430207,0.59448913,-0.645520199,-0.478718863,-0.558529723,-0.695159989,0.989272191,-0.755378667,0
-1.093317002,0.310388133,-0.089239244,-0.021646507,-0.632583133,-0.222042377,0.961304674,-1.439441756,-0.923237684,0.922288957,-1.43825943,-1.013221439,-0.194009122,0
-2.035189498,1.309308077,0.090857804,-1.364440559,-0.825270545,-1.253024879,-2.018260153,0.250572489,-0.595892087,1.455674857,-0.7013281,0.110107586,-1.135518045,0
-3.082036786,-1.147202741,0.787881527,0.980563259,0.545610663,-2.27293419,0.39627754,0.923974334,-1.780111349,0.868654058,0.203692278,-0.020787184,1.639297135,0
-0.760793391,-1.067717215,0.336506163,0.04512984,0.610223563,-0.607590295,-1.843051026,-1.207455382,-0.706477413,-1.279100371,1.319692358,-0.518835929,1.121967737,0
-1.970687932,1.786387121,-0.552543952,0.06178827,2.748782416,0.057120933,0.066588827,0.292035722,-1.626972715,2.060341544,-1.068047138,-0.514209444,0.999991005,0
-1.768795829,-0.398902925,0.298085989,-0.079343747,-0.616763379,-1.046156761,-0.715047798,-0.762444182,-1.17360457,-0.566537162,-0.124917468,2.082845264,0.319816759,0
-2.941014643,-0.314373192,-0.110816965,2.750948534,0.853551908,-0.486702788,0.566930965,1.61297139,-3.051579396,-0.497997556,0.393625415,0.93857154,-0.318202458,0
-3.04986756,-0.065411234,0.539778059,-0.127590681,-0.862138782,-2.08096073,-0.495322982,0.14056955,-1.501052183,-0.819708801,-1.466809465,-0.28997678,-1.035230843,0
-3.724134865,-0.596999447,1.339566205,0.517000303,-1.12981503,-3.90251943,-0.518625001,2.597437207,-0.692266065,-1.029655256,-1.39808204,0.393378344,-0.180550291,0
-0.665794207,1.551661313,-1.14332674,-0.3533859,-1.119760908,1.855772893,1.155948007,0.689329187,-1.988229641,-1.010878142,-0.309769178,-2.030796269,0.49986161,0
-2.825720383,1.456568816,0.024586686,-0.257100618,-0.241058934,-1.3825113,1.163871046,-0.171382674,-1.324974098,0.769206347,-0.45855266,-0.495999255,0.142751587,0
-1.882818612,-1.782158035,0.792723638,0.04901304,0.177187779,-1.714949622,-1.376256952,-1.039680295,-1.196064847,-0.123928689,-0.067358196,-0.964833069,-0.830822736,0
-1.393928901,3.731411184,-1.225504115,1.122229794,0.36103742,1.066494916,1.577848133,0.893929281,-1.181126183,0.063697205,2.057028249,-0.328147103,2.633383565,0
-1.329535962,-0.296629126,0.156645333,-0.407676613,-1.946598678,-0.634601692,-0.951489807,-1.444291846,-1.031011805,0.456990886,0.835782816,-0.549242253,-0.336175355,0
-3.432866282,-2.625357593,1.360969013,0.543791858,0.252031485,-3.154618024,0.455054559,0.833558045,-1.904197047,2.881597808,0.51995533,-0.6640326,1.580313753,0
-2.130971558,1.860970833,-0.317378671,-0.097794997,-1.116919512,-0.548619543,-0.47601,-0.75411248,-1.183626986,0.146747472,0.329958788,-1.478113714,0.310479277,0
-0.246675515,0.129342478,-0.202485717,0.52896247,0.487104373,0.342605544,0.540003113,-1.766941369,-0.573156876,-0.249199936,0.267951548,-0.433908761,0.286325856,0
-1.769949152,-2.045623578,0.885407947,0.463205682,-0.132542862,-1.800041499,-0.050433985,0.632099078,-1.086243334,0.066882154,-0.131594418,0.855427749,1.240028262,0
-1.978449354,-1.408911926,0.665498689,-0.872196991,-0.623270116,-1.585111555,-0.174527033,-0.152061621,-1.286371846,-0.745416449,-0.701281093,1.255536012,-0.900187624,0
-3.703033393,2.141815726,-0.010608714,-0.904131374,-0.11084851,-1.796460951,-0.601442461,0.490469894,-1.65847328,-0.687503285,0.68436065,-1.270084739,-2.477903509,0
-1.071211249,0.773087224,0.206361649,-0.020731528,-1.348950345,-1.04853859,-1.488987503,0.0858071,0.104730464,-0.54837562,-1.557717117,1.161742301,0.251978811,0
-2.174729523,1.365929014,-0.217737004,-0.285047565,-0.608672802,-0.613337696,0.418106538,-0.134608569,-1.367857369,0.013209145,0.01782986,0.552978837,-0.032058261,0
2.284064991,-0.444560831,0.996702623,-0.601089566,-0.637328356,-1.445261449,-1.31112695,-0.473024465,3.898933526,0.383597881,0.477576111,0.064995874,1.346886004,1
-2.050368467,-0.001040443,0.33240591,0.699136595,0.651007651,-1.344955518,0.856985348,-0.659682196,-1.045455307,-0.114151218,0.631888765,0.352441654,0.467658019,0
-1.137023054,0.866116192,-0.118550343,0.435415653,1.104263067,-0.363365659,0.140425867,-0.753264212,-0.612280896,0.446446783,-0.105001503,-0.43117972,-0.468477651,0
-0.41346455,0.82561711,-0.390879651,1.169625088,0.387583404,0.47717812,0.661523627,1.466633736,-0.621683615,-0.733140529,-0.280248322,-0.367576002,0.757389677,0
-0.554207649,0.555919446,-0.297674545,0.17284587,0.942630549,0.319931504,0.130695944,-0.439465715,-0.736813646,-0.339334321,0.719683817,0.147612921,0.380102511,0
-2.234906839,1.34734074,-0.185451077,1.284053399,0.453421246,-0.697386807,0.056243746,0.103979924,-1.361845842,1.550798615,2.608465448,0.293359643,-0.360286606,0
-1.014419686,-0.908547241,0.294323353,-1.362210285,0.24158221,-0.640999698,1.919397997,-1.109164937,-0.903770006,-0.395256926,-1.371185398,-0.439424412,-1.499651384,0
-2.274229391,2.108234449,-0.028810106,1.338677974,0.528260761,-1.331205642,0.903718361,0.941748855,-0.47667758,-0.60732691,-0.592743729,0.684493025,-1.260007898,0
-2.12363109,-1.833558837,0.870581866,0.579063349,-2.608913113,-1.942932512,-1.342563257,-1.119161767,-1.270040872,-0.0106431,-1.767892106,-0.895223262,0.463076847,0
-4.157456709,2.982532937,-0.708601285,1.038839712,-0.220834492,-0.639934165,0.24445445,-1.471211744,-2.993709184,-1.511093548,1.055353067,-0.608437041,0.406542138,0
-1.273304513,-0.770503518,0.340619957,-0.439423137,-0.848781335,-0.869158857,-0.397600102,-0.838902733,-0.922908662,-1.334170291,1.888715309,-1.816663332,1.729539774,0
-1.250366958,-0.265618758,0.56844185,-1.73604206,-2.075595065,-1.556523192,-0.444970203,0.030233803,-0.014793085,-1.154618568,-1.159282399,0.687373242,1.437546751,0
-4.140487125,2.834888888,-0.467989362,1.731196902,-1.09727293,-1.128839943,0.921826292,-2.381292395,-2.549264102,-0.576011686,-0.309349172,0.112807388,0.099541582,0
-0.717291981,-1.989806243,1.5484239,0.648372778,0.427837861,-3.019555702,-0.773414927,1.234456979,1.362246688,-0.717558639,-0.004481796,0.029151912,-1.024894899,0
-2.505741592,2.231406592,-0.591060233,-0.263499473,-0.06086957,-0.166187903,-0.424076593,1.107310534,-1.848390129,-1.518995163,-1.077388964,0.433463674,0.667394438,0
-4.270238792,-3.985607728,2.02560046,-0.317106036,0.293058828,-4.425674443,0.038645145,0.413436963,-2.159739298,1.155027452,1.452786134,1.277287069,-0.502473888,0
-0.233812926,0.469087063,-0.29547459,-0.698589603,-0.080735321,0.437868283,-1.490469403,-1.341203693,-0.516918823,0.901516514,-0.75927215,1.836285175,0.137571469,0
-1.753576144,-1.306080245,0.597262379,-1.803400452,-1.481965843,-1.401611236,-0.172788005,0.69328585,-1.166329927,0.055226883,0.929103609,0.692299545,0.275312996,0
-4.294216491,-3.420054897,1.823160311,0.333046796,-0.458883094,-4.172136587,0.437663557,1.0118431,-2.212663308,-0.277923872,-0.517930562,0.920662146,-1.651653564,0
-1.000060518,2.674563935,-0.588788926,-1.007510856,0.16975643,0.107374039,1.374056551,0.757923034,-0.197611007,0.967334365,0.142586292,-1.284968746,-0.586417278,0
-1.694247279,-1.37224958,0.61804612,-0.688540381,1.420766382,-1.408388724,-0.14261374,1.399626176,-1.117288962,1.707203085,0.061929171,1.89913879,0.732926135,0
-1.831097381,1.724835268,-0.245806657,0.804787444,1.818464378,-0.576607356,-0.484019623,0.342853466,-0.862812199,-0.912325514,-0.462499153,0.879307293,0.039309199,0
-1.998690005,-0.365507591,0.65051872,-0.414563863,-0.293692526,-1.923450284,-1.05510163,1.49600317,-0.55868736,-0.431765489,-1.663386711,-1.074462766,0.593170991,0
-0.989290131,-1.557162855,0.567293365,0.532667637,0.066385401,-1.024978448,-0.367185558,-1.503242528,-0.753606623,-0.894993027,-0.633320055,0.570065656,0.330826683,0
-2.019028489,0.104640819,0.399976217,-1.399373046,0.958035269,-1.526267923,0.047120272,0.673458876,-0.787584595,-0.173486591,1.447134798,-0.387117274,-0.336310045,0
2.008695908,0.919294119,-0.620674422,-1.577820339,-0.388371522,1.664151724,0.182365885,-0.26643377,1.047823512,-1.900977871,0.646482681,-0.427033098,-0.815996885,1
-0.85979665,-0.4920468,0.137094087,-1.359379891,-0.527566405,-0.386116536,1.254512745,1.059958265,-0.810570131,0.065442095,-0.601112147,0.187231077,0.355368855,0
-2.316384826,0.183049096,0.410623009,0.06503261,-1.381680034,-1.663733526,-0.039219277,-0.614814673,-0.964826492,-0.11246329,0.198677867,0.693289359,-0.467692937,0
-2.083312384,-1.578798049,0.763601884,-2.746502853,2.588803118,-1.778171719,0.207719265,0.058007679,-1.284664064,-0.362155833,0.72584167,0.221290447,-0.020444099,0
-2.947223449,0.144323079,0.768434744,1.511322799,-0.691334861,-2.6435597,0.775089412,1.152934177,-0.741808943,-0.3607045,-0.219687045,-1.540432717,0.386226064,0
-1.149096254,-1.109601724,0.409923165,1.41873358,-1.867259646,-0.871392049,-1.55337495,-1.727032887,-0.912109609,-0.725907027,0.069708742,-0.350795158,1.394919135,0
-2.164638719,0.440094466,0.046757476,-0.406853072,-0.16615056,-0.885067509,0.080284952,1.683373343,-1.456804923,0.384237436,-0.903850246,1.370850755,-0.029146351,0
-1.818849282,-3.077686407,1.260625108,-0.104047008,-0.270715724,-2.302574895,1.495645205,-0.250650107,-1.05758663,-0.784986753,-0.484904082,0.443047798,1.20613556,0
-0.153609099,0.879790879,0.004862619,-0.535262705,0.60448956,-0.364346571,0.017688065,2.605160551,0.533592338,0.180779018,-0.305484976,1.732594266,0.618015365,1
-3.343852186,-3.10962896,1.525960704,1.339305784,0.778212482,-3.333016969,1.163615809,-2.780382333,-1.817819783,0.666883258,-0.244997932,-0.019977786,-1.32728117,0
-3.421796979,-2.197199461,1.244790287,0.071890426,-1.934429434,-3.038336031,0.444369446,-0.997404233,-1.835548722,1.19758323,-0.982708786,-0.227466085,-2.328351569,0
-4.280790592,-3.663159097,1.931980887,-1.533700679,1.269745986,-4.329661234,-0.677894706,0.636751266,-2.138275519,0.753052612,-0.992977496,0.254500356,0.814937283,0
-0.802072398,-0.573022331,0.14392848,-0.19423418,-0.689528042,-0.356522388,-0.775260447,-0.759368005,-0.805281839,-1.635561291,-1.476548813,1.724777068,2.261812304,0
-3.378315143,-4.70091128,2.110261011,-0.535675717,-0.763015504,-4.109129856,-0.622943739,-1.320582787,-1.724937432,-0.136163316,0.048491805,-1.941669965,-0.403197718,0
0.244033171,2.598398525,-1.225530058,0.398643472,-0.430846418,1.937019654,0.906452541,0.632400045,-0.596700972,0.083213036,2.180820119,2.347035948,1.603869725,0
-2.733142939,0.160412179,0.678506826,1.476912296,1.195185402,-2.38351455,-1.192896194,-0.324978594,-0.744619457,0.594466482,-1.22872676,0.155918586,-0.115971253,0
-2.906196491,0.564781502,0.398010347,-1.253766332,-0.127501319,-1.939354962,-1.032675529,-0.376588875,-1.223190292,0.867399541,1.612390622,-0.113217298,0.687041092,0
-1.687862518,0.601530361,0.347295361,-0.890822668,-0.220598521,-1.485784137,0.356286548,-1.040485098,-0.24563123,-0.201678028,-1.294420972,-2.373229733,-0.475425689,0
-3.300261236,2.321031774,-0.71953103,1.141454578,0.017219583,-0.135525974,1.333638562,0.82354612,-2.763539233,0.676837654,-1.081109348,0.94916607,-1.211768207,0
-0.34193736,0.559604441,-0.29813872,0.62488677,-0.218564886,0.38092597,0.20942466,-0.260348617,-0.549738827,1.195179632,-1.081508913,1.031023139,0.552369285,0
-0.064352161,0.82036426,-0.456907781,-0.111191107,-0.699300944,0.729473606,0.536892384,1.721425022,-0.468887509,-1.877385768,-1.621758404,-1.127028724,-0.403697833,0
-1.676878643,-2.310414237,0.9608095,-0.640085322,0.923166171,-1.851185903,1.055873139,0.872956866,-1.033477257,2.618728821,-0.26438336,-0.587442802,2.193314957,0
-0.537341351,0.455458657,-0.24796887,2.459231205,1.066587906,0.247359492,0.652913328,-0.212033934,-0.685562859,0.297365168,1.083826105,-1.246909652,0.285661382,0
-0.66175748,1.33057545,-0.145882719,-0.439718359,0.824659563,-0.327406479,-0.100860923,0.93146952,0.088169696,2.006105097,0.424896104,-0.937786666,-0.691628425,0
-2.84841995,-2.764374948,1.327628964,0.580757984,0.505671694,-2.861581147,1.807378903,-0.956129023,-1.572418296,-2.312697462,-0.943072875,-0.480853755,-0.325154028,0
-1.024089036,-0.471314735,0.191752047,0.539667878,-0.037479454,-0.564746378,-0.321244021,-0.192382551,-0.815926629,-0.626388575,-0.651939426,0.293650581,1.999263818,0
-1.390185543,-0.030753551,0.570467332,-1.295022726,-0.687835193,-1.683942513,-1.09928125,0.605806649,0.042996996,-0.660310406,-2.211567577,0.289715023,-1.204151076,0
-1.522597655,-1.497484848,0.631020109,0.120929643,0.315771438,-1.344307332,-0.43552968,-1.211942226,-1.03178286,-0.606337316,0.915737012,0.441263217,0.11948749,0
-3.750658496,-3.191948592,1.65751783,2.626877291,-1.049809958,-3.719804427,-0.456524469,-0.570140922,-1.939350685,-0.7124078,2.162870003,-0.711659193,0.664605261,0
-2.083973294,0.498183899,0.561332223,-0.187092513,0.3036418,-2.049147797,-1.356736983,1.74610532,-0.188463331,0.003313782,0.588611846,0.65269752,-0.118380256,0
-1.49182432,0.24388928,0.260611165,-0.567188299,-0.87878568,-1.107036055,-0.048002732,2.390294505,-0.535933436,1.63559973,-1.12411609,1.089620398,-0.158436915,0
0.952207291,0.557776688,-0.543886919,-1.144207229,-0.898749425,1.31221057,0.218106868,0.03633894,0.027632983,-1.17228757,-0.414504942,-0.469289653,0.509838437,0
-4.301287796,2.12784948,-0.631619238,1.760082598,0.79342966,-0.555818653,1.163023303,-0.495627674,-3.584665106,0.543680899,1.098870788,0.901517998,0.329892597,0
-2.520794707,1.351237336,-0.252894962,0.620086589,0.097288729,-0.628280122,0.953750259,0.264948601,-1.759909991,-1.10386419,-0.152210951,0.129911673,0.060242031,0
-4.362988023,1.417066465,0.537085262,0.168692745,0.248225507,-2.974350434,-0.026899852,-1.264337302,-1.547010621,0.405354169,-1.138580734,-0.732108775,-0.556734512,0
0.896008999,0.812095308,0.432532203,1.125326607,0.655163897,-1.007640005,-0.131981525,-0.758481816,2.359179817,1.530940717,-0.808646141,0.393022783,0.441322178,1
-3.216812615,0.168944986,0.810095097,-1.215784441,-1.854786451,-2.82445608,-0.064392441,0.869329104,-0.865374176,-1.480267457,-0.005536359,0.355402537,0.772888178,0
-1.39002895,0.681299515,-0.016657483,-0.829467735,-0.956467144,-0.602512486,0.449908889,1.349473105,-0.74258288,-0.782943079,0.384850565,0.388958536,0.661939584,0
1.778750706,2.785501888,-0.616379617,0.410655925,-0.311990544,0.932615648,0.408580363,1.141397597,2.249906117,0.069226456,-0.978608218,-0.499954492,-1.18678065,1
-1.255531099,1.50408787,-0.446684758,-0.755842458,0.316104994,0.122514907,-1.422706244,-1.227162999,-0.975703898,-0.429746663,-0.140239949,-0.433872622,-0.350994142,0
-3.073716973,2.478328577,-0.772275727,0.145758639,-0.559225798,-0.005804924,1.075934123,0.98959933,-2.566618309,1.482444029,0.9379896,-0.892464968,0.937406282,0
-0.784401949,-0.97262125,0.308039502,0.345527983,0.521030275,-0.58324469,-0.644751547,-1.34564742,-0.719967863,-0.501643079,-0.411508044,0.760320439,1.652453374,0
-1.107942687,-1.958154347,0.73543329,0.021475216,0.962414054,-1.299675038,0.092012991,-0.006401936,-0.779336951,-2.39642495,0.895916698,0.956510881,-0.742747168,0
-2.401211913,-0.131605001,0.351535721,-0.369000189,-0.410857199,-1.443692115,1.009103412,-0.237813882,-1.406383726,-0.224555042,-1.058450489,-0.668149192,0.968744621,0
-2.290782146,0.498658983,0.144880408,1.161532901,-0.194438127,-1.164549326,-0.397298412,0.169519758,-1.303082616,-0.042921988,-1.1549842,-1.197157421,-0.69450685,0
0.460261452,0.751569826,-0.528575824,1.373253869,-0.843425268,1.067505597,-0.476129348,0.10812017,-0.222926855,-0.39484837,1.226785426,1.424514481,1.131165894,0
-3.357586367,1.73605998,-0.213046738,-0.360031324,-2.076616012,-1.095206477,0.788364801,0.80742985,-2.113937578,-1.286609125,-0.398583664,0.153031753,-1.630512878,0
-1.986784988,-2.162596282,0.963601895,-1.269387458,0.585814383,-1.998838327,0.979204896,-0.531889695,-1.187482217,0.834224951,-0.111665701,-0.972495349,2.185878609,0
-1.710324817,0.773084008,-0.067882672,-0.321169399,-0.141136822,-0.610981047,1.264769527,0.519637468,-1.06869046,0.07968098,-0.14346973,-1.79807836,-0.979180436,0
-0.735507356,-1.50523784,0.49019281,0.622471145,0.510428875,-0.795156229,1.404134305,-0.065457905,-0.666212954,2.64690928,1.090322208,0.257360663,0.68984329,0
-0.607743457,-1.39376077,0.391411077,-1.160566673,0.627457214,-0.573436002,1.386095818,-0.159674492,-0.69305113,1.635451735,-0.4180503,-0.588341071,-1.883618039,0
-2.045548834,-0.898837798,0.497728302,1.060890619,0.402659251,-1.403151749,-0.372432847,0.496525441,-1.340583168,0.148450608,-0.301315762,-1.298523784,0.179131888,0
-2.633862806,-0.432503861,0.779752224,1.81289022,0.238377405,-2.376229759,-0.175596135,2.2051873,-0.873412999,-1.617663805,-0.81281049,0.007431802,-0.075714404,0
0.024166652,3.080633726,-1.104887512,-0.710282037,-1.338341825,1.43062634,0.139168462,-0.714612812,-0.157998062,-1.237254983,-0.151416068,1.568533939,-0.419133794,0
-0.978390283,-1.208666419,0.409085576,-0.972936232,-0.116735531,-0.785452902,-1.032273633,-0.797835019,-0.838878045,0.508119548,2.504668145,-0.760462887,0.88364534,0
-2.863924726,0.833991044,0.315134337,0.913826656,0.186047712,-1.833768313,1.916454321,0.207121277,-1.171239817,-1.071218223,-1.622706571,0.891578457,-1.759951926,0
-3.486521702,1.86994664,0.024115316,-0.822519644,0.023620602,-1.71726057,-0.879274462,-0.567863147,-1.594463309,1.423631182,-1.940430226,-0.550353588,0.843383453,0
-2.536808068,0.296137131,0.502673591,-0.447221129,-0.151345735,-1.975792612,1.139186313,0.927973537,-0.866353039,-1.133459639,1.076575315,-0.343075931,1.200629661,0
-0.09157539,-0.21164231,-0.125271443,-0.245343297,-1.857056191,0.332006056,-0.510832204,-0.075847637,-0.519040159,0.38973848,-0.681403,0.302731287,0.505557273,1
0.375483237,0.259533542,-0.344319353,0.272276781,0.127872495,0.798009497,-0.124456523,-0.222136787,-0.250887173,-1.805029128,-1.051284357,0.458541754,0.385576036,0
-2.324151278,1.217990792,-0.319740894,0.69398324,-0.259747383,-0.373159768,-0.884036374,0.306456321,-1.83764806,-1.422075327,0.585817297,0.861648862,0.693517664,0
0.253950689,0.768333123,-0.522907497,0.446631532,0.553335573,0.989246434,0.044026161,-0.551378558,-0.377855157,0.907345008,-1.181461087,0.390874148,-0.1073761,0
-2.315015919,0.906009244,-0.098917009,0.247288126,-1.619689866,-0.761730767,0.513047867,-0.886112651,-1.567130639,1.359771893,-0.044708757,-0.339821168,0.182134871,0
-2.425392658,1.001506752,0.096409975,0.607312581,-0.548955041,-1.270074549,1.182476566,1.116098666,-1.15397392,-0.861828851,-0.723069845,-0.134051436,0.211504262,0
-2.267591355,0.86475408,-0.115207313,-0.87089882,-0.246553608,-0.696616737,0.579581248,0.057622763,-1.593066755,0.286863843,1.325263603,-1.731324579,-0.498978743,0
-0.821447182,-1.235362941,0.378041245,-1.564622846,-0.283028274,-0.660399107,1.302360885,-1.411920409,-0.791411121,-0.149468694,0.913216259,-1.141198131,1.678873123,0
-1.701921892,2.585270958,-0.60316619,-0.913049184,-0.50694869,-0.031133392,0.295229741,0.589283433,-0.909432769,1.560366818,0.877134619,1.225421061,2.193925152,0
-0.006129537,0.749051207,-0.433039405,-1.014666542,2.162080181,0.717188286,-1.779812429,0.274344775,-0.417731804,0.270539969,-1.840254653,1.167193866,-1.240788779,0
-1.614886213,-1.58979944,0.671564907,0.002407218,1.638842686,-1.430454717,0.501021658,0.891298471,-1.09032389,-0.191671087,0.282589299,0.041054368,1.883724055,0
-0.762207275,2.506944505,-0.885010498,2.084071274,0.378979362,0.906631463,-0.297444755,0.148495306,-0.779666079,-1.127856246,0.450414161,-0.550093292,0.486031602,0
0.589990337,-0.242352309,-0.209040518,0.725785529,1.40704719,0.729382211,-0.481962091,-0.583764695,-0.134739085,0.560949303,-0.945965851,-0.347213977,-0.295045845,0
-2.947668313,2.43022396,-0.458461692,-0.61014594,-0.548202489,-0.664211395,2.207929218,1.458192477,-1.788366188,-1.07566761,0.297914605,0.286657269,-0.956579025,0
-2.373654126,-2.950032566,1.295247243,0.179379835,2.074383013,-2.585977083,-1.195896357,0.457364632,-1.369087968,-0.598528042,-1.893721428,-0.606304113,0.535731609,0
-0.503492135,-0.421507799,0.038581497,0.881228392,0.671344933,-0.084698369,-0.771705577,-2.392180992,-0.667794131,1.282668262,0.256735554,0.124598336,1.394657122,0
-1.910592983,-0.205657508,0.756859834,-0.791227177,1.377577336,-2.195338951,-1.512628774,-1.214043873,-0.123824275,0.055753103,1.034826114,0.449525088,-1.547241597,0
-0.67105064,0.378332929,-0.216239362,0.628492861,0.810375747,0.1639195,-0.67436963,0.246434179,-0.788713642,0.76755571,-1.030250512,1.44673759,0.444690845,0
-2.469644339,-1.359783301,0.769547625,-0.701154304,-0.242539069,-1.98002885,-0.970798732,-0.235638753,-1.445179626,0.541451094,0.519753727,0.385564022,0.205543421,0
-3.684764438,-3.73966359,1.803874227,0.60638703,0.574702331,-3.840329042,0.038651285,-0.079316642,-1.962339174,-0.93557153,-1.654098367,-1.180463682,1.087416474,0
-0.083321739,0.923783794,-0.500722988,0.206587663,-0.374758849,0.787041317,0.460182981,1.342712643,-0.506549857,-0.409626523,-1.169338427,-2.142206574,-0.842681908,0
-1.954991866,1.020188363,0.044011361,-0.329791181,-0.013973682,-1.022104902,2.151541064,-0.114331099,-0.846813929,0.803774323,-1.31940322,0.245726284,1.281890248,0
-1.458167135,-0.833907088,0.376100661,-0.160308349,2.249262666,-0.980682163,1.060359166,-1.215049021,-1.052068217,0.622042269,1.35209666,0.944819199,0.983475753,0
-0.709542391,-1.43939969,0.448353881,-1.070649204,0.473814039,-0.715907941,-2.615778323,1.412805255,-0.68825904,-1.486247943,0.084271418,0.789499847,0.683519677,0
-1.107341787,2.30106202,-0.698235636,1.036228127,-0.874548524,0.455811405,1.183776986,-1.475853723,-0.815699748,-0.24354225,-0.382756112,-0.233596936,-0.205537665,0
-2.646891509,1.176626403,-0.204795481,0.580091726,-1.174222282,-0.712408364,0.442436913,0.419217013,-1.892463533,-0.300403959,-1.395898461,1.57971878,-0.246859172,0
-0.40951428,0.298044963,0.113036045,1.142959737,-0.07210316,-0.479160783,-0.430675128,1.744996268,0.118516356,0.384765022,-1.113691515,1.533759768,1.057977032,0
-2.79719362,0.201267951,0.70505602,0.51590623,0.396267917,-2.476549657,0.222863996,0.246117729,-0.710482777,-1.108016394,0.024777746,-0.263705306,0.557937782,0
-1.383269981,2.408386811,-0.675963258,0.927591521,1.81736833,0.288006783,-0.626983774,-1.205528605,-0.926557525,0.420798889,-0.076535939,-0.329551878,-0.649288661,0
-2.205403228,-2.454349707,1.073692404,-0.737055732,-0.090230306,-2.209096498,-0.352669157,1.321956767,-1.349197672,-0.17318641,-0.166587766,0.59004683,0.320254647,0
-1.352581824,0.499387033,0.498337949,0.075630371,1.311571387,-1.695719482,0.622302677,3.264289511,0.309785028,0.364308909,-1.40796021,0.356362465,-0.775643648,0
-0.939454811,0.212870299,0.214793777,-2.393941066,-0.363401983,-0.832888626,0.855461864,-0.171211212,-0.179532893,1.479304444,-1.494577871,-1.224109293,0.888044202,0
-2.81768943,-2.499484213,1.23130363,0.312358493,0.146043321,-2.727306795,-1.304597768,-0.015440909,-1.563946257,-0.269452248,-0.21984637,0.607570943,-0.728847236,0
-3.218588561,0.222547968,0.990317866,-1.283085436,1.125930331,-3.252502855,-0.428428435,1.228115294,-0.422547527,-1.259002727,-0.041607495,0.773341695,-0.42337749,0
-2.883023815,-2.115889612,1.112216385,-0.469110598,0.21756553,-2.610818062,0.796842155,-1.969960568,-1.601812842,1.062254122,-0.74207345,-0.891509078,-0.470267295,0
-1.726805156,-0.954299969,0.45670197,-0.318132113,0.235122531,-1.198681107,-0.530560038,-0.737490002,-1.195695471,-1.433249896,1.404428839,-0.356227258,0.015197296,0
-0.568486068,-1.152232463,0.305845319,0.525588335,1.115934422,-0.452896779,2.237284385,-1.296182553,-0.670433706,1.044175215,1.34718058,0.565291045,-0.22324493,0
-2.131914616,-1.488429474,0.770862579,0.556922635,0.571802921,-1.840398138,1.342473852,-2.337671564,-1.24334938,0.387531769,-0.636350727,0.215403109,-0.289064842,0
-2.146396072,-2.08841453,0.95020037,0.745460444,0.67467593,-2.040545917,1.008448758,-2.626589725,-1.301549697,-0.177474088,-0.793072817,2.74320367,1.100444724,0
-0.170433356,-0.621672772,0.059097488,0.00149114,0.357377514,0.035160198,0.588786892,0.400669011,-0.480355578,1.139106327,-0.823333345,-1.085776168,0.512296149,0
-0.665795315,0.737996636,-0.322423808,1.393700908,-0.286347309,0.279916369,-1.392912981,-0.573880088,-0.753854142,0.119642188,0.046267048,0.217454288,0.742645954,0
-1.491123774,-1.125329311,0.455304289,-0.38216563,-1.619544594,-1.067451693,-0.373009183,0.417822994,-1.120707064,-1.354297161,-0.78896313,-0.00397431,1.896968734,0
-3.077234147,-1.260630848,0.822682177,0.774334216,0.487656732,-2.310630393,1.634929257,-0.62842329,-1.782517982,-0.424078614,-0.099476034,-1.063071955,0.124198437,0
-2.877119764,0.585171209,0.798017397,1.824889152,1.602964347,-2.845260853,-0.218538254,1.044291798,-0.285095312,-0.394047285,0.257995797,0.279841305,-0.343538225,0
0.145587572,1.20257869,0.584578789,-0.193222204,-1.526678603,-1.706080823,0.116496696,-0.477841787,2.336536642,-0.19343888,-1.181034728,0.295070744,-0.526568121,1
-2.012782953,-2.947921748,1.235427448,-1.543712139,1.744138393,-2.346954927,1.063342985,0.871138185,-1.186596619,0.540425154,-0.914023295,0.729281016,2.631879948,0
0.154434282,2.444916309,-0.388238864,0.241469797,1.643436151,0.066277165,-0.764971209,0.599503848,1.089072395,0.868723256,-0.638214773,-1.317770045,0.864982185,0
1.773939524,1.494657662,-0.429380703,0.784377859,1.241258527,0.960531697,-0.325965975,-1.503690582,1.701567743,-1.28287075,-1.828827445,-0.092749256,0.144909792,1
-2.690246681,1.022295011,0.658897756,0.006547967,-0.437235942,-2.629386468,-0.712777885,0.901998378,-0.107704453,0.817866425,0.243221573,-1.200643732,-2.081341389,0
-1.269992965,2.514038269,-0.784172229,-1.340554295,0.527119592,0.528972929,-0.576189707,0.140027822,-0.991547138,-1.685194531,0.106419323,0.133907869,-0.817203604,0
-2.491502869,1.357976246,0.138127794,0.846722339,-0.633329922,-1.508954935,-0.616855333,0.139351208,-0.851976114,1.206970325,0.135841748,-0.38876875,-1.261877443,0
-1.374194782,-0.762084809,0.706765958,0.496573887,0.972867642,-1.73156351,-0.57388054,0.018803013,-0.183217409,-0.755598248,-1.28530132,-1.732568802,0.440566903,0
-0.736102703,0.201908779,-0.12005708,0.132948934,-0.975510586,-0.011003374,-0.450993867,0.400948138,-0.761431853,0.391990285,0.23143377,-0.163824539,1.515231175,0
-3.480812992,1.914350402,0.146373763,-1.000138921,-0.879673813,-2.008466152,0.551283333,-0.58917905,-1.282020969,0.871993465,-0.607077191,0.138225237,1.532978248,0
-2.203549725,1.143513784,0.454169262,-0.213291525,0.585891431,-2.067277024,0.771508538,0.500491094,-0.051540202,-0.959097541,0.03374499,-1.177966283,0.474926669,0
-1.790961094,-1.291240757,0.61630238,-0.459675783,-0.882279086,-1.460786881,2.478846057,-0.334261165,-1.145178345,-0.898626676,-0.983311732,0.139774381,-1.029845037,0
-1.519538195,2.186958358,-0.844484269,-1.485295182,0.308590219,0.708637936,1.367525754,-0.281078244,-1.588969225,-0.955981916,0.927813679,-1.693072854,-0.031561713,0
-1.668495997,-0.944150628,0.603359655,1.237710696,-0.8584916,-1.518013755,0.315090943,0.252192151,-0.808149225,-0.240732162,0.329969925,0.676428105,0.896601295,0
-1.759363401,3.288822277,-0.784360712,0.719880584,2.17348283,0.116101407,-0.91101699,0.400641589,-0.840886115,-0.960759998,-0.78076687,-1.371465757,0.287455261,0
-3.114014244,2.906146916,-0.929322092,0.586849235,0.007284972,0.188457381,-0.401794243,1.592978365,-2.634772811,0.545085756,-0.79505209,-0.012891784,-0.37387408,0
-1.264440238,-1.191673524,0.496706581,0.140999875,1.743835901,-1.072647584,-0.062480331,1.000046143,-0.879392965,0.399359313,-1.72398003,-2.184798002,0.459180555,0
-2.770430231,1.673752336,0.050353988,2.672156743,-0.41205227,-1.501276553,1.960717832,-0.792275954,-1.056737043,0.439510019,0.194628578,0.21179242,0.033937885,0
-1.211543395,-1.97871803,0.747970318,0.010958188,-1.639326419,-1.350770796,-1.705824283,-0.641581872,-0.857029603,2.895299688,0.401585451,-0.387592378,0.59749582,0
-0.637161869,0.698734608,-0.207010195,-0.028124324,0.672612891,0.040232442,-2.995266891,-0.226760797,-0.499212262,-2.204482051,-1.079161817,-2.239322667,1.544333487,0
-2.857252079,0.908984124,0.152436481,1.439116534,-1.754952237,-1.489218108,-0.653900757,-0.132232729,-1.474465016,-0.922384629,-0.032697636,-0.60217935,-0.376684153,0
-2.058458399,-1.804366388,0.858292303,-1.648809878,-0.767311966,-1.906514379,-1.966845088,0.856153189,-1.218908348,1.199403643,-0.061125726,1.049782472,-0.780532758,0
-1.858317221,-0.363043068,0.79200834,1.113014444,-1.520694273,-2.204689878,0.618702622,-0.905419251,-0.116811615,0.061424894,-0.818742326,0.288732347,-1.636841093,0
-3.256529727,0.624003064,0.472539983,0.551398343,0.619656692,-2.230237516,0.454672741,-0.751023391,-1.317686803,0.079694067,-0.604874399,-0.285095516,-0.472500893,0
-1.580251426,-0.128831106,0.437755817,-0.356542429,-0.416791651,-1.403363559,1.207425749,-2.002948414,-0.493959554,-1.707225995,1.132287375,0.788498947,0.041080864,0
-0.988725606,-0.596559622,1.037773417,-0.808053429,0.287100637,-2.429155448,-0.841913041,-2.153009439,1.019638773,0.893055927,-0.238617029,0.74627839,-0.960613176,0
-1.77471513,-1.366223145,0.615909479,0.602323683,-0.956288913,-1.428873408,-1.331512299,1.250003218,-1.187852348,0.005470578,0.086398637,-1.107199374,-0.2756311,0
-0.434168333,-0.112450777,-0.067370988,0.819121707,-1.523255932,0.067029441,-0.678993883,0.392575677,-0.614247548,-0.549624195,0.668639679,-0.581146709,1.978591129,0
-0.94451843,1.563371677,0.043345635,-0.511437529,-0.420933565,-0.919872449,-0.070473574,0.669075254,0.439610984,0.139452466,0.782466022,-1.318401382,0.600913782,0
-2.298618571,-1.399418338,0.732741108,0.700658155,1.561567585,-1.833300679,1.239919398,2.35973041,-1.408002863,0.618523971,-0.249438273,-0.605104924,0.652291449,0
-1.741883304,0.527990406,0.112789982,-1.271690142,0.576094728,-0.943729665,0.762863561,-1.221771088,-0.87385861,-0.374783794,0.899499962,-0.978670042,-2.069318351,0
-2.823601971,-2.058112413,1.100903481,1.099058519,-0.686820673,-2.588313521,0.207604169,1.005947859,-1.532170566,-0.21960308,-0.05133547,0.967387068,-1.374400928,0
-2.181929356,2.854505132,-0.895461331,0.130151062,1.490143596,0.398695566,-0.148555415,0.42653929,-1.783410806,0.11562079,-0.965871634,-1.20408695,-1.061472973,0
-2.882265387,3.309735762,-0.792826604,-1.096983444,-0.611380021,-0.195981684,-0.776811529,0.101211612,-1.824842422,-0.209968906,1.086056523,0.93928616,1.59597524,0
-2.087703718,1.123357122,-0.417227927,0.510456731,0.087858012,-0.050630884,-0.488531062,-0.451633346,-1.920548445,2.20840777,1.128309055,-1.486724887,-2.08771589,0
-2.820083929,-3.059744576,1.391709667,-0.789743638,0.764144313,-2.894986796,-0.070757823,0.613343957,-1.624411043,2.08005026,0.049099811,-0.269401311,-1.069727905,0
-1.311887293,-1.248751105,0.493739697,1.611593297,-0.840951336,-1.059559761,0.50528698,-1.139185488,-0.970094984,0.530316445,1.24229914,-1.195742597,-0.107800149,0
-1.497193654,-1.255331475,0.550443335,1.23381473,-0.495297046,-1.239298074,0.939398379,0.556738543,-1.009602658,0.991303613,0.239106546,0.013140757,-0.1865357,0
-2.795420105,1.299984166,-0.185888976,1.470213511,0.681660125,-0.841458649,0.581068183,-0.367115485,-1.887651741,1.621825802,1.267360182,0.933567409,-1.28456545,0
-1.152279058,1.55719079,-0.870311625,-0.315158306,-0.121930414,1.094347489,-0.111112714,-1.271453699,-1.796370561,-0.709034112,0.336122903,-1.080252562,1.414745338,0
-2.183693487,-1.068866418,0.869026816,0.749994705,0.460175795,-2.225313025,1.594783796,-1.154113227,-0.755086442,1.07137601,-0.843522811,-0.312712377,-0.474743455,0
-2.922927345,-2.540550048,1.2588475,0.474395605,-0.294828083,-2.805706351,-0.944510753,0.661541511,-1.624704486,0.234990159,0.31707841,-0.203505535,0.597582115,0
1.20186049,0.698888767,-0.664855735,-0.269503807,-0.780494422,1.609000702,-0.491110148,0.491173058,0.079578841,-0.034553006,0.37927174,-1.93203695,-1.202812359,0
-0.506609388,-0.010974505,-0.090786936,-0.697203978,-0.833244448,0.063592872,-0.373210934,-0.91688787,-0.654285591,0.119007925,0.53640632,0.561677709,0.156883464,0
-3.13955816,-3.466498732,1.641548874,0.580454365,1.012517466,-3.410869689,1.465591165,-0.049768712,-1.646505506,0.423919199,-0.216239043,0.166059117,1.430965256,0
-0.00110671,0.851933178,-0.498717867,0.10801206,-0.519449189,0.831447476,0.700355728,-1.079787577,-0.483897895,0.45402817,0.648550204,0.150204379,1.200427937,0
-1.001960305,1.117772012,-0.397720954,0.368064938,-1.120267151,0.220310044,-1.10291447,0.032928367,-0.932824778,0.904755908,-1.120794737,0.577951782,0.489502604,0
-0.512841828,1.246399772,0.519908061,1.664646536,-0.962315693,-1.764757005,-0.217232967,0.365240275,1.649178609,0.366503648,0.703049305,-1.912610843,0.449335053,1
-1.629272527,-1.423995102,0.604003328,-0.394536968,-0.265744395,-1.339624186,-1.266131744,-0.079991513,-1.13068844,-1.234323206,0.041075181,-0.051951621,-1.089918519,0
-2.989740218,-2.69392079,1.34122674,-0.829867998,0.432955915,-2.957931729,0.839322356,-1.029200861,-1.612718836,-0.124998666,0.980358828,-0.072576226,1.035052704,0
-0.50044162,-0.803918408,0.157682527,-0.430442958,-1.280139783,-0.219601965,1.071312443,0.521183243,-0.683402126,0.501669376,2.390180916,0.312650327,0.656083648,0
-1.867529296,1.185508791,-0.122690876,-0.289120427,-0.256165906,-0.676892533,-0.287430208,-0.699814944,-1.021038475,-1.786967566,-0.897589005,-1.053930848,0.338140325,0
0.176466176,0.7439595,-0.468149472,0.305113633,1.223623251,0.851274449,-0.381907361,1.216047226,-0.340856455,-0.20754933,0.688493394,-0.721838197,-0.051325494,0
-3.934237941,1.600322082,0.056113451,-0.147442452,0.607076555,-1.824284327,-0.520597081,-0.105809644,-2.114931163,0.302009386,0.111001024,1.457515212,0.461459704,0
-1.280761598,2.453701352,-0.411906042,-2.297912533,-0.460555573,-0.297163806,-0.342512408,-0.184906617,-0.210756036,0.294145884,0.773261221,0.025755351,-0.470999421,0
-2.558597741,-1.34866354,0.782446709,-1.366580489,0.93333919,-2.03884826,0.994624773,0.351026514,-1.485615407,-0.398049299,-1.24816761,0.839464913,-0.608998195,0
0.961318525,0.643982234,-0.592324205,0.773132627,0.835757573,1.394406996,-0.912500822,0.744344245,-0.008729537,0.73455499,0.081598369,0.133913355,1.182285791,0
-2.697333186,1.56367401,0.08758263,-1.968682138,-2.207186518,-1.525953786,0.750832109,2.503636642,-0.991557107,0.982115312,0.975814654,-0.693329905,-2.244181542,0
-2.802309127,0.111205994,1.340812607,-0.319096034,0.170705483,-3.888156641,-0.900811741,-0.171171195,0.644237181,-1.600189287,0.706520773,-0.172031362,-0.734320002,0
1.684834482,0.475203311,-0.05154351,-0.56831499,0.276295017,0.436029805,2.269044071,2.175866503,1.710407008,-1.54800842,0.241712376,-0.282978217,-0.382602389,1
-0.617823134,-1.028449617,0.282526937,0.302051175,1.122974393,-0.457724186,1.750118291,0.364157344,-0.673423951,0.558115867,0.082357702,0.86007118,1.500059619,0
-2.93893283,0.45563423,-0.272265041,0.069876384,1.185480519,-0.390418562,0.606492626,1.089321357,-2.837135733,0.393952009,-0.863007138,-0.614736947,-0.200817235,0
-0.092423854,0.1443862,-0.226744887,1.3362337,0.614919687,0.436835302,0.646003094,-0.65017004,-0.481654805,-0.436566336,-1.782992902,-0.483759072,0.072114478,0
-1.797398948,-0.051992929,0.839492207,0.426694842,-0.803732623,-2.404048597,2.685305309,-1.168924502,0.275142459,1.101074387,2.587830498,0.695686711,0.126065718,0
0.338028929,0.239586848,-0.347279624,-1.00392315,1.31686339,0.800923699,-0.480755685,0.870888754,-0.305127541,0.309636615,1.774225725,-0.518997447,-0.132632911,0
0.046004011,-0.26879967,-0.13464447,1.271919996,0.432114165,0.413026431,-0.168113774,0.272231747,-0.462600484,1.871747859,-0.266095543,1.93409197,0.278105344,0
-2.051161845,-1.829268239,0.85834715,0.097295538,-0.055372337,-1.895787651,-0.684209372,-1.227879253,-1.231004433,1.616784968,-0.986763755,1.416976082,-1.643328644,0
-1.132322529,0.114461595,0.087072563,-0.305441214,-0.006582581,-0.564318606,-0.49435012,-0.249985385,-0.70798681,1.416674841,1.487480939,1.208168718,-0.579521091,0
-1.988090304,1.704680227,-0.40230556,-0.88780138,0.434126982,-0.259911066,-0.015865918,1.509546863,-1.36608441,1.388800104,-0.355546671,0.737070671,-0.298937397,0
-0.986726317,-0.375861234,0.135125287,-1.541750955,-0.22760123,-0.459076022,-0.363518315,0.367274781,-0.839088746,-1.591382413,-1.889362205,-0.232312522,-0.565150452,0
-5.688724352,-5.784631189,2.96232311,1.295113306,0.048256257,-6.327308662,1.240280277,0.098921338,-2.639830701,-1.125581739,-0.535631349,1.206818581,-1.129116056,0
-2.767441073,-2.357469024,1.165246548,-0.257993951,2.761055967,-2.612886857,0.325897875,-0.551976694,-1.562253107,1.163860444,-1.070521305,-1.814889615,-0.316972108,0
-0.234856909,1.730735378,-0.301292645,0.186836238,-0.83800702,0.007637085,0.786798592,1.321973678,0.411018852,-0.334442892,-1.060839309,-1.363306256,-0.76555809,0
-0.891597161,-0.320110865,0.105343672,1.41617331,-1.318968722,-0.383675515,-0.291189201,1.414110987,-0.781215779,0.044739162,1.338414199,0.031070839,1.864047944,0
-1.005528706,3.137302491,-1.419989807,-1.609071008,-0.359298725,1.828260881,1.275119748,-0.876023304,-1.721857041,-0.40248008,-0.017386889,0.555488775,-0.177659819,0
2.220362219,3.896477056,-1.459395591,1.569871193,-1.694322701,2.581593146,0.917962414,0.443793889,1.573514741,0.467780457,-0.734511192,-0.367728527,0.391135228,1
-0.443437502,-1.309850957,0.318323978,0.651544662,-0.571486238,-0.389761788,-0.69170636,-1.036437887,-0.650909565,0.986322688,-1.179003261,-0.035804677,-0.628958944,0
-1.267818524,1.364453481,-0.657861703,-0.874154695,0.437567346,0.646918772,-0.339991111,0.231980329,-1.564490246,-1.625682707,2.332049604,-0.026915881,-0.001984624,1
-2.867526311,1.454391943,0.113442398,1.196666438,-0.373455201,-1.595313196,-1.844896438,1.572126336,-1.163743963,0.51644399,0.465786782,-1.62463307,-0.312323974,0
-2.483552958,1.120309395,0.192082353,-0.76470773,1.374290914,-1.545544354,0.179020914,0.059173466,-0.901411814,-0.510498559,1.3542882,-0.857894757,-1.674569626,0
0.499577702,1.390706021,-0.792731879,-1.397053733,0.425555989,1.453416981,-0.772180245,-1.124943556,-0.304114337,-1.018457999,-0.394647802,0.348581567,-0.386343453,0
-3.688078268,1.778741099,-0.374513267,0.364711773,-1.338330627,-0.839365632,1.532783885,1.230484356,-2.732952275,-0.54440102,1.047849057,1.246164998,0.310838398,0
-3.606602225,2.298620006,0.075958707,-0.1571785,-0.878136318,-2.020032989,-1.319171958,0.383655024,-1.262971815,-0.122771426,0.902325761,-0.270536737,0.623255423,0
-1.328023117,-1.715811985,0.666443474,0.765352416,-1.396846849,-1.29182671,0.557539998,-1.310817609,-0.945387876,-0.558832293,-0.038753946,-0.666274369,0.085878538,0
-1.641925317,2.057556064,-0.437739062,0.099229623,0.797851825,-0.20363233,-1.348034252,-0.803938377,-0.879851538,-0.659299037,-0.236154568,0.369979214,-0.804012998,0
-2.341264032,-0.857043651,0.551850901,0.011844306,0.824028284,-1.62587813,-1.09096351,0.979465191,-1.44618168,-0.118160867,0.337506379,-0.713770275,0.524398506,0
-1.25945623,1.369678685,0.121181426,0.235777154,-1.443594582,-1.11921148,-0.244408286,-0.666980519,0.194624188,-0.256170675,-0.561394511,-0.229124627,-0.700863654,1
-0.435243262,-1.048591081,0.25898716,0.616953185,-2.107502767,-0.344595727,2.14844623,1.120889028,-0.58183822,-0.403361849,-1.863073895,-1.579753176,0.186260457,0
0.041466922,0.82061635,0.380709263,0.54203787,-0.193142277,-1.139628892,-0.377163761,-2.769176565,1.503038572,-2.301763856,0.059145942,-0.010277064,-2.021345151,1
-1.533713225,3.154752617,-0.988341477,0.730935434,2.14030878,0.690871986,1.665679081,-0.630692326,-1.201593035,-1.488544639,-0.607409248,1.516905353,-0.179955549,0
-2.61965621,-2.622101015,1.240034226,-2.261199563,0.643674657,-2.646910764,0.938884907,0.968284566,-1.462966553,1.087306484,0.569199777,-0.417298744,0.207349944,0
1.342805039,2.77067991,-1.439730095,0.343862545,-0.281645615,2.679246419,-0.574633032,-0.100976105,0.010828764,-0.308344033,0.140969282,-2.065646793,-0.893522481,0
-2.264471033,-1.228404477,1.282943858,0.679583149,-0.792369264,-3.131259442,-3.020575922,0.868179273,-0.016040298,-0.16631706,0.241955402,0.535215148,-0.430676392,0
-0.536393424,0.111781268,0.16801005,0.935454701,1.646502985,-0.575011946,2.535385012,0.583682,-0.007995793,-1.033323206,-1.686273706,0.46993708,0.114074167,0
-1.146451428,-0.551731751,0.213046782,-1.086866756,0.147694222,-0.620093123,0.211886914,-2.232593705,-0.935038015,1.119761879,0.412452929,0.254817876,0.956901764,0
-1.584648921,0.197178219,0.335846395,0.586515158,1.188474967,-1.288025906,-0.654341871,-0.155062045,-0.483062869,0.420972783,-0.015949727,0.16937747,-0.775785989,0
-1.754169299,-0.458098256,0.294676619,0.801244141,0.601068783,-1.013414574,-0.404631259,-0.541950992,-1.212674615,-0.035964808,1.06514503,-0.188749531,-1.280583072,0
-1.998437996,-1.813875687,0.830866197,-0.101891659,-0.025973151,-1.823662987,0.808081562,-0.434913828,-1.235129774,-0.256274265,0.797530797,-0.751091963,0.522109127,0
-2.277095573,-0.021716153,0.662218937,0.635131039,-0.207629137,-2.15104745,-1.06453342,-1.014660687,-0.518891043,0.255658654,-0.646248238,-1.375940323,-0.316062972,0
-1.958440075,-1.583293196,0.738830932,2.321068511,-0.328547792,-1.684394181,-0.366579514,-2.401733969,-1.234552848,0.205803014,0.580096738,0.081066651,-0.534910501,0
-1.459558391,1.562836065,-0.327890777,0.551360302,-0.26896206,-0.226377116,0.555422853,-0.604537726,-0.843477715,0.481851738,0.213602705,0.755473768,0.0933964,1
-0.751739657,0.468476791,0.242220968,0.753156611,-0.99715318,-0.930711145,2.609949421,0.353091577,0.236753893,-0.724755088,-0.396934607,-0.517216749,-0.157683132,0
-2.281434569,-1.700562725,0.846956365,0.207128033,1.091518257,-1.981589948,-1.034406823,-0.055553803,-1.361560256,0.480823478,1.785523735,-2.353414447,-1.25801099,0
1.047969376,2.031178132,-1.110912612,0.11874575,-0.046577024,2.108234777,0.217639064,0.660776521,-0.060967221,0.373344573,0.914841516,-0.896556998,-0.669170565,0
0.534903567,0.642495283,0.197876542,-2.637109669,-0.752496033,-0.520094172,-0.755136418,-0.290203377,1.390738226,-2.32439064,0.284513886,0.038691502,1.114479926,1
-2.00642812,1.252323863,0.144137577,1.002579814,1.455409482,-1.345540809,-0.045185528,-2.047166885,-0.493776726,-0.858586226,1.695515819,0.120349915,0.720456895,0
-1.833353923,1.390164898,-0.772092841,-1.010813671,-0.606582019,0.733794073,-1.88861919,-0.043039932,-2.295445491,-1.210289114,0.63066541,1.342459889,1.170996493,0
-2.181212746,1.287200245,0.003080024,1.703270926,1.970678391,-1.088323348,1.268965025,0.426025012,-0.936855792,-0.289483269,1.710775778,0.064102565,-0.147269828,0
-2.331595787,-1.726051999,0.879138884,-1.2130027,-1.034002844,-2.060091278,-1.071304731,-0.923319054,-1.352186226,0.578084509,0.947432648,0.845245466,-0.600687424,0
-3.241125669,1.635984456,-0.156422348,1.017792987,1.409987512,-1.154872849,0.547875237,-0.72213487,-1.959905013,1.057184539,0.303970178,-0.907378885,-0.062231057,0
-2.487702446,-2.098485549,1.030887474,0.43475053,-0.416200236,-2.31845086,-1.542009256,0.339954453,-1.426079652,-1.239161917,1.135410062,1.304656627,0.506769073,0
-2.03665116,2.54167187,-0.656704986,-0.948831872,-0.464913076,0.009031339,-1.333432145,-0.374454915,-1.354407996,1.257738468,-0.718598402,-0.875044694,1.375908419,0
-0.74035516,-1.607574694,0.505030233,1.215735684,0.061321533,-0.794259511,0.240134154,-0.587835389,-0.713557273,-1.599892666,0.381854631,1.169817018,0.116427361,0
-1.418600765,0.639445104,0.154497201,-1.007049048,-1.970005356,-0.984197694,1.326318217,-1.424073643,-0.414766677,-2.239747188,0.765236754,0.728183713,0.939624316,0
-0.965344424,-1.123740886,0.361677275,-0.777643862,1.018209527,-0.704005355,0.644605182,-1.110784084,-0.870451571,-1.142139005,0.580322207,0.985986888,-1.099924837,0
-0.225532918,-0.428626523,0.007089845,1.318317391,0.105713566,0.069404543,0.556835536,0.180314442,-0.501037325,-0.240175055,0.587580477,-1.101265699,1.765338213,0
-2.140575547,-1.096054779,0.639347347,2.033697893,-0.468809398,-1.682459874,-0.73307629,-0.201777072,-1.25305514,1.316077757,-0.358980194,0.366031402,-0.448282189,0
-1.800817335,1.402786349,-0.566721994,-1.272082354,0.464169534,0.273009033,-1.291180534,0.61970618,-1.796826957,0.232988667,0.183239096,0.854831947,1.070350951,0
-1.531169195,2.016218803,-0.457156013,0.028188283,-1.28128492,-0.113128889,0.434235939,-0.547832853,-0.857559762,-0.222590984,0.451954955,0.547412792,3.348207186,0
-1.078678339,-0.884580411,0.328709595,-0.016425144,-1.658398834,-0.745935751,1.089674966,-0.276769137,-0.864839936,-0.581494047,-0.613754643,0.057763827,-0.966609204,0
-1.71217003,0.590294986,0.281763329,0.134889206,-0.718052912,-1.340237263,1.19504976,0.161870829,-0.422277591,-1.052372022,0.291310456,1.023009884,0.257285888,0
-2.121823706,1.382036197,-0.189345606,1.10362691,-0.538349458,-0.668118379,0.239796834,0.187101537,-1.245931497,-0.391993625,-0.825011898,1.760628035,-0.840434763,0
-1.723907654,2.522541905,-0.340447777,0.041589068,1.417077033,-0.611234369,3.602832136,1.077192504,-0.386011327,1.741818415,0.784825369,-0.82773139,-0.242914231,0
-1.48672801,0.128068065,0.158801444,-0.525660317,0.494671519,-0.834003176,-1.771959704,1.104554525,-0.846378019,0.168101461,-0.722947517,-0.936768601,1.698009685,0
-2.074739069,1.674864093,-0.414815497,-1.17104104,-0.499962497,-0.246065502,0.711046103,-1.408423384,-1.492078301,0.913070806,0.027010554,0.294568513,1.889813904,0
-2.405294569,-2.265283569,1.061031888,-0.166684126,0.497617505,-2.304455084,-0.820904924,-0.387961165,-1.41100862,0.516576314,-0.490602799,0.750354311,-0.737588107,0
-1.468374018,-1.024873421,0.43962956,0.047570395,0.557309469,-1.060624547,2.128016932,0.509989387,-1.061012748,-0.789016178,0.318129094,-0.671592107,2.708505651,0
-1.878778091,0.594610337,0.413906978,-0.687522422,0.70182203,-1.689490538,0.300946605,-0.072299,-0.26806055,-0.922657808,-1.208030388,-1.952463253,-0.238483304,0
-1.824740329,2.775812014,-0.854154099,-1.092528162,-0.225004903,0.435700949,1.451657302,-1.286491086,-1.437565241,-0.326293224,0.023865018,-0.586136264,-0.257565935,0
-2.715422554,0.16248973,0.589478782,-0.079567049,0.240462745,-2.177235194,0.880263206,-1.688021845,-0.927343115,0.538469387,-1.431186766,1.43101978,1.165886739,0
-1.406668673,-0.605763557,0.294302138,0.292595626,0.39868649,-0.860453831,0.850373846,1.793689187,-1.020301469,-0.207073843,-0.816187832,0.964698373,-1.362882623,0
-2.736506742,2.699856618,-0.609743031,1.285039895,-0.61177626,-0.354922724,-0.687457139,1.363322984,-1.742095263,-0.13465696,0.312299364,0.071411854,-0.082588463,0
0.860338208,1.849711878,-1.028293062,0.225820173,0.072402672,1.93047845,0.40995824,0.464263992,-0.174922199,0.849250087,1.188216757,-0.114244961,1.881245598,0
-1.33062558,-0.580094725,0.964209245,0.650935677,1.177705478,-2.366742014,1.75685474,0.517684194,0.568313205,-2.619505083,-0.080883722,0.109070583,-0.755951389,0
-0.402134869,-1.604465048,0.429913278,-0.00297045,-0.352948894,-0.527431765,1.417832093,0.742749031,-0.584421818,0.05251602,-0.374148614,0.528448253,-0.459038546,0
-2.847680892,0.881991537,0.171111982,-0.591374223,-0.333423708,-1.519328631,-2.441528571,-0.80708806,-1.444357153,0.359521062,-0.400222952,0.293271375,-1.73130681,0
-3.147657098,-3.254967097,1.545629513,-0.868281374,-0.048540177,-3.269976461,-1.652493606,-0.107337141,-1.710866516,0.257758779,0.304625099,1.162549437,-1.363088136,0
-0.213426273,1.513949261,0.233402599,-0.104646624,-1.071959637,-1.1226169,-0.193545749,-0.646317298,1.467564657,1.652834186,1.113521353,1.3690613,-0.769331154,0
0.75076903,1.774602531,-0.943483588,1.316247307,0.456012675,1.732919934,-0.088573992,2.115775505,-0.136393639,0.510918469,1.642520838,-0.514858871,-0.371177695,0
-2.988872969,-0.397966986,0.672855945,0.987237238,1.498050285,-2.248355459,-0.66145411,-1.400522391,-1.397481186,0.277372952,-0.114243914,-0.214287307,0.810334628,0
-1.83124582,0.543614116,0.188406202,0.601052935,-1.017245369,-1.14647839,0.991646378,-1.292966012,-0.770572971,1.642419246,0.043640132,0.353981933,-2.429112337,0
-1.865091312,2.534889674,-0.79845609,0.321721372,0.178588599,0.382367239,0.221811148,1.808224009,-1.527698449,1.101917831,0.515111954,0.846869735,0.287994312,0
-2.988102253,-3.344682432,1.571209364,0.640627093,0.830368704,-3.250447197,-0.0893095,0.799295319,-1.581120911,-1.533535619,1.706849581,0.957254681,-0.708412852,0
-3.01526961,-2.978585231,1.447766737,-0.051607326,-1.368099835,-3.10692533,-0.357401026,-1.282001114,-1.60849308,-0.931245783,-1.461270653,0.290981258,-0.497566431,0
-2.075998273,1.342475146,0.061699011,0.484351701,0.953711255,-1.210320549,0.385689165,-0.190189798,-0.672189526,-1.972111745,0.116478775,0.38160842,0.723399638,0
-0.276074287,0.161927481,-0.172375537,-0.061722147,0.901056387,0.254396215,0.427307953,-0.299713115,-0.506945405,-0.37922415,0.501470885,0.813772981,0.251258261,0
-2.01179116,-1.653448524,0.759734659,-1.088693535,1.37783832,-1.722549883,-0.611852696,0.66213955,-1.286616326,-0.316176772,-0.903312267,0.855972697,-2.322961878,0
-1.106729537,-0.878691045,0.336729338,-0.864205021,0.314358375,-0.77428361,0.604179089,-1.399799135,-0.86694526,-1.271935865,-1.370513182,-0.417852493,-0.719407188,0
-2.45506412,0.741982699,0.463230804,1.43444517,-1.979821366,-2.019355689,0.72682396,-1.419541546,-0.550613525,-1.159046543,0.656644525,0.411667328,0.787161518,0
-1.919497648,-1.420429887,1.51554303,0.31241982,0.345815194,-3.491782994,-0.195525781,1.438456238,0.663722828,-1.574032963,1.099583445,-0.669591394,1.219128867,0
-0.841787685,0.420362393,0.153784195,-0.068103625,0.647003972,-0.739233138,-0.965028208,1.326695183,-0.076223575,-2.078805013,2.092856924,-0.202884417,0.487026443,0
0.926888873,0.384092286,-0.017401369,1.783417619,-1.589025516,0.171949754,-0.584312399,0.302323851,1.057113601,-1.246079543,0.37104797,-0.131549579,0.811848041,1
-0.938975682,0.062686172,-0.034933315,0.365916779,1.181118848,-0.213672802,1.947005514,0.1487235,-0.851540489,0.982507039,0.612686418,-0.382439357,-0.595909769,0
-0.362473495,0.084551015,-0.170235348,-0.319331134,-0.427875528,0.251794784,0.475649659,-0.598616925,-0.635358312,0.581546314,0.284521537,-0.711833878,-1.009480515,0
-1.521492535,-1.796497442,0.707611411,1.07133608,-0.718215831,-1.412660521,-1.141762428,-1.331401356,-1.082205143,-0.360645921,1.181475171,-0.277495624,-0.684921274,0
1.781999374,1.665625872,-1.132836091,1.739296409,0.012861885,2.498098426,-0.380653172,-0.73277496,0.257927382,-1.895535876,-0.011708956,1.214480865,0.572229445,0
1.216268387,0.987333586,-0.779926037,-0.42935229,0.075378691,1.772803141,0.961036436,2.516375856,0.049324392,-0.29056221,0.545128838,1.445616879,0.738624554,0
-1.301670573,-0.386745622,0.195284459,-0.18740041,-1.202025166,-0.682537233,-1.154228232,0.833102935,-0.987262979,0.671973222,1.717193843,0.868201454,-0.398637314,0
-0.492359212,0.537508512,-0.28362382,-0.63544129,2.478969543,0.312375934,0.427954922,-0.989868693,-0.665024315,-1.371133411,2.093790835,1.01449677,0.283624289,0
-1.844309479,-2.460540393,1.024140032,0.540250883,-1.82246366,-1.990378802,-0.361116466,0.142902527,-1.149672924,-0.315331882,-0.509072999,-0.079501668,-0.151659922,0
-0.10034464,0.43538244,-0.330685888,-1.210903902,0.07625824,0.568061268,-0.069465535,0.651228552,-0.504532579,0.524270766,1.01011273,0.114634615,1.522262324,0
-2.562156039,-1.909286613,0.970976343,1.227002574,-0.043438897,-2.270515057,2.167872686,-0.757596177,-1.484267363,-1.077849154,0.150986816,-0.824465988,-0.316666999,0
-0.489411935,-0.450911945,0.051546181,0.60082321,1.042074086,-0.099710181,-0.213490465,0.811451151,-0.648362309,0.570116422,-0.209795854,-2.487799075,-0.687446672,0
-2.761624484,1.259754616,-0.159224606,1.38523738,-1.298814858,-0.878048784,-1.18086594,-1.7289756,-1.828347796,-1.482027682,-1.408449141,1.056258453,-0.73618671,0
-1.413147592,-1.208985763,0.893013648,-0.332177832,-0.349781332,-2.008208209,0.613681028,0.585357335,-0.132996554,-1.268923842,0.502045615,0.122795851,-0.399164871,0
-3.461158589,1.409894284,-0.000464607,-0.851253698,-0.098494406,-1.492619115,-0.418478535,-0.320280951,-1.970923256,-0.213845848,-0.324738355,-0.725347129,0.89661359,0
-1.680377475,0.549023317,0.110261462,1.098969996,0.795249167,-0.927639519,-0.451185315,-0.469171257,-0.810119305,-3.055708949,-0.282346372,2.199190148,0.136909991,0
0.022973043,0.437564858,-0.354798738,-0.191709809,-1.691584104,0.657552548,-1.527006454,-0.12965511,-0.44931714,-0.192532842,1.799111539,2.090149465,0.299500509,0
-2.830676868,-2.6905823,1.309158871,-0.096638249,2.187079083,-2.840494199,0.176859591,0.753500287,-1.543273775,-0.896307646,0.834885977,-0.179656412,-0.431543873,0
-0.572683047,0.381480423,-0.256599252,0.616078872,0.044979727,0.282719076,-0.540018077,0.043243997,-0.791018296,-1.519342073,-1.097610354,-0.920499342,2.248274769,0
-3.748288425,-3.257264452,1.685175899,-0.878124578,1.496102641,-3.758902786,-1.320235416,-0.370785191,-1.92398817,0.181881005,-0.39006125,0.95859314,2.077931642,0
-2.647973969,-2.585594375,1.244857074,0.561143788,1.928218878,-2.678839227,0.00461607,-0.694679851,-1.449619606,-0.150316898,0.779297465,2.229549972,-0.65641591,0
-2.154554042,0.821842261,-0.058532835,-0.327450008,0.020342712,-0.777461686,1.051859032,-1.033300242,-1.39923483,0.011722149,0.616173098,1.181996454,-1.014610827,0
-3.527826251,-1.364166146,0.971442507,-1.110603718,-0.431545803,-2.741611026,-0.612253862,0.55243681,-1.919525533,0.516746432,1.06320132,0.005665584,-0.227696576,0
-3.688913339,2.528401496,-0.683741951,0.121779127,1.050117866,-0.401640854,-0.76098679,-0.613182128,-2.867816213,-2.54415462,1.037264389,0.430774176,-0.798296408,0
-2.152639957,0.895911755,-0.038275784,0.143213083,-0.148620383,-0.848863434,-0.781476066,-0.192104681,-1.29681561,-0.387716866,-0.325096471,-0.439217765,2.483765993,0
0.04401232,1.012970525,0.072904242,-0.088483652,-1.338051276,-0.50841684,0.12287856,-2.584127919,0.958255259,-1.614836772,-0.460811207,0.4215897,-3.252029433,1
-2.667315073,1.21419124,-0.044367261,1.453634151,1.031738981,-1.095311704,-1.446882967,-0.108586477,-1.522306776,-0.686880235,-1.026035248,0.276994331,1.703727155,0
-0.815123867,1.414925534,-0.306279931,0.460958642,0.816624743,-0.037528404,-0.634802683,-1.181190941,-0.342662216,-1.917832662,-2.182101294,1.746989698,-0.569061391,0
-1.982694462,0.466380953,0.449782071,-0.293690226,1.395167393,-1.755788193,0.913329412,0.02753381,-0.374045571,-1.858769556,-0.980072217,0.450582981,-0.723817528,0
-2.868415213,1.863191967,-0.354690613,1.342795315,-0.352217319,-0.677522911,-1.664789001,-0.837382084,-1.909657436,0.967522995,-0.302661044,1.532813132,0.988095984,0
-0.471906148,-0.466027634,0.075151913,1.308128593,0.285747263,-0.142883932,0.159543581,-0.816291159,-0.591396887,0.662333328,-1.290031786,0.087615022,1.201273635,0
-3.27204133,0.308135011,0.114899391,-0.943846756,0.332424711,-1.31271684,-1.75476963,-1.494595002,-2.369473866,-0.180474231,0.91038385,0.79042017,-1.122661567,0
-0.865774035,-0.420806623,0.121429657,0.481607672,0.819203518,-0.377338672,-0.178453825,0.057768899,-0.797750147,1.365281123,0.028659457,0.799532161,0.727369613,0
-0.162039745,-2.145544526,1.066724102,1.797016516,-0.804137688,-1.712281526,1.601118686,-0.221398258,0.650079738,-0.816023072,-0.849139647,0.261577484,-1.489609612,0
-1.878399532,-2.444184702,1.043605398,-0.649838282,-0.434843569,-2.0501011,-0.390433235,-0.754836884,-1.123557748,-1.562325869,-0.921988036,-1.283251622,-2.227646123,0
-1.601174525,0.710538205,-0.341967448,1.128872493,-0.232202023,0.06404167,0.190628076,0.917165664,-1.635023597,1.498043335,0.024036078,-0.017226183,-1.930785361,0
-2.947363219,-3.173039465,1.50904177,-1.194565503,-0.56911204,-3.157997129,1.228203826,0.369733145,-1.556886003,0.048326746,-0.850019691,-0.338879453,-0.455743309,0
-1.717411505,0.741249211,-0.032746118,-0.535406259,0.633637072,-0.681526585,-1.841839575,-0.033602797,-1.019811051,-0.051753239,-1.705493444,0.554045571,-0.115570842,0
-1.285951736,-0.279249034,0.125225762,-1.905093475,0.646540735,-0.556879756,-0.095428272,0.257052766,-1.050471434,0.169532383,0.21449162,0.830892778,0.028568439,0
0.098990773,1.525605849,-0.764448994,-0.501279259,-0.458709933,1.226334947,1.281397318,-0.523299413,-0.489758316,0.472491381,-1.246231524,0.980375682,-1.938569151,0
-2.650642314,3.024033007,-0.709795882,1.171169663,-1.746114633,-0.217112704,-1.41434774,0.90042899,-1.649580174,0.523172765,0.75051242,-0.015738382,0.788279969,0
-2.608148584,-1.471169604,0.810006883,0.915113445,1.35486594,-2.072616135,1.904430314,-2.152518453,-1.558508745,-0.351545261,0.343575885,1.334418609,-0.255004978,0
-1.350573702,-1.097804745,0.4453341,0.680209528,0.579016479,-1.01396262,-1.412882815,-1.356887054,-0.999792476,0.044194513,-0.875500587,-0.167979161,-1.455588055,0
-1.35770419,0.418135133,-0.026332911,0.608280959,0.439778058,-0.47881526,1.065751129,-0.288861756,-0.932533117,-0.561494258,0.140716799,-0.229153136,1.873573575,0
0.244703095,0.691104894,-0.468882183,1.799680273,-1.089319649,0.891185117,0.520869966,-1.12152155,-0.3223719,-1.891371124,-1.517309344,-0.992779967,2.328364452,0
-1.458560132,-1.369353414,0.567633355,-0.794387175,-0.971682036,-1.227088881,0.084899975,-0.156270345,-1.022422122,-0.172263538,0.116286938,-0.646894181,-0.10330372,0
0.557303588,0.235056496,-0.385214463,-0.232619005,0.146731955,0.951799897,1.659099315,0.110142614,-0.202141027,0.51655625,-1.135984267,1.886041297,-0.741427608,0
-0.255465991,-0.058723602,-0.11627164,0.670304119,0.686172598,0.210607868,0.921235791,0.190162494,-0.527801381,0.148601093,-0.41596899,0.877826825,-0.709727543,0
-1.198459201,-1.925166666,0.724213226,-0.624305851,0.284162571,-1.311928767,0.366764285,0.250683265,-0.858927155,0.97655331,0.598560976,0.60275582,0.799038368,0
-1.051314156,-1.740740202,0.620768375,1.812087809,-0.355379877,-1.099664207,0.600127172,-0.509020626,-0.824841702,0.404748143,0.351909067,0.566595734,-0.160581903,0
-2.310586178,2.748907344,-0.949936158,0.498264707,-1.386970448,0.522206713,-0.987450469,-0.18166957,-2.096819347,0.093309938,-0.486695349,-1.40516386,-0.315705552,0
-2.075536048,2.06120909,-0.95253758,0.384559561,-1.470033587,0.837451605,-3.453354083,0.201632937,-2.410810152,0.393346516,1.619016246,0.231688821,-0.464920891,0
-1.393547965,-1.261674714,0.518792583,-1.411061688,-0.744517068,-1.135392976,-1.556844894,1.78645326,-0.994843285,1.107695223,-0.128719665,0.011951632,0.669109879,0
-1.718945221,0.650988376,0.457535371,0.015353452,-0.216300328,-1.762123244,0.695164583,2.0211936,0.011490978,0.596695381,0.03321018,1.000803043,-0.70935891,0
-0.959561018,-1.096031688,0.357360676,1.450452498,-0.222523107,-0.702280004,-0.425795079,-0.449352415,-0.854399474,-1.509542172,-1.394379076,-0.5032288,0.01015054,0
-3.642878724,-0.228160802,1.12295605,1.523596917,-0.074166205,-3.517397714,0.193859422,0.5399176,-0.831947304,0.458723542,1.448117661,0.051021611,1.439028188,0
-2.791362172,1.773923741,-0.29724808,-0.479634566,0.451505109,-0.754208856,-0.263984297,0.10485269,-1.78013364,-0.286558557,2.108590383,-0.312130413,0.121863184,0
2.303716723,1.927883748,-0.357850765,1.214202846,1.855325107,0.798987278,-0.036652314,-0.905864782,2.648116868,0.853261689,0.191244869,1.460737388,0.94509015,1
-2.660922367,1.194630191,-0.009485035,-1.196339899,-1.153260173,-1.165702786,1.192606205,-1.205582351,-1.453063947,-1.436651792,0.551060124,0.723997032,-0.286301403,0
-1.087958445,-0.79118892,0.292608662,0.518197177,-1.121614316,-0.699545055,0.500869993,-0.170850638,-0.8842193,-1.265586041,0.245878676,0.520519797,0.270600573,0
-0.246868774,-0.735607953,0.11293507,-0.258599645,-0.179789108,-0.068965386,-0.079700626,1.055833885,-0.511369489,1.033026494,-0.688291812,-2.554263594,0.541220886,0
-0.832945581,0.632467554,-0.264615538,2.097011911,0.68591112,0.13766408,-0.32457674,1.487449388,-0.848900265,-0.180890455,-0.242240159,-0.595471389,-0.585441263,0
-0.46357231,-0.830285457,0.208582954,1.797544845,1.978651288,-0.315136599,0.786120548,-0.514864662,-0.556687242,-0.332177794,1.501276884,-0.671976153,0.921189038,0
-2.377080812,-2.302609929,1.069334735,-1.022301642,0.207707037,-2.302035057,-1.29407734,-1.89532164,-1.395608708,-0.688894,1.001693477,0.339793842,0.342631897,0
-0.876692267,0.344479894,0.381608791,0.66131806,-0.961882967,-1.239309218,1.229485682,-0.93061732,0.347806584,-0.766452666,1.915744652,1.513433417,-0.031390336,0
-2.506007183,-3.084000411,1.377886699,0.108321369,-0.753817654,-2.764514526,0.494383934,-0.053488455,-1.399265962,-0.924762587,0.409576889,-0.711268049,0.350933609,0
-1.284885408,1.857900938,-0.972398124,2.062832919,1.073079744,1.181986554,0.668149379,0.771908087,-1.916717147,1.83100698,0.393310694,0.204197469,-0.293000603,0
-3.233372209,-0.040667757,0.559280248,-1.226915676,0.585991769,-2.186815911,1.306280476,-0.80380318,-1.599068764,-1.258296385,-0.217615423,-0.08826023,-0.203759513,0
-1.67446992,1.501016512,-0.073328719,1.175487421,0.185314516,-0.843956161,0.95743146,-0.00906863,-0.506149959,-0.517830406,0.546928011,0.849490605,0.989130157,0
-1.023734804,-1.324033853,0.47488258,-0.33203975,0.15704323,-0.907227764,-1.133370748,0.508114867,-0.816978151,-0.26185471,0.462798095,-1.365374015,0.887309544,0
-1.173702388,2.261990711,-0.954042766,-1.642588134,-1.158785465,1.030507702,1.049687019,0.828785396,-1.476763755,-1.055111535,-0.240578727,0.867427691,-0.882107293,0
-2.380389086,1.819846718,-0.247354212,0.494204526,-1.497263089,-0.764928918,-0.450308993,-0.537775499,-1.275021505,0.15399553,-0.696086727,-0.005189213,-0.66769876,0
-3.007970771,-1.687763781,0.974606606,-1.38651949,-0.878884575,-2.485161761,0.126844065,0.8586596,-1.700049009,-0.599696213,-0.094343083,1.165697511,-1.5019686,0
-3.49228996,4.325159482,-1.387929539,-0.728771529,0.198666253,0.62096322,-1.214833714,0.02052067,-2.934677604,-2.49926954,-0.878605973,0.336233086,0.099762169,0
-2.165066675,1.540224284,-0.230572491,-0.511643855,-0.716764653,-0.642659028,-1.748938157,1.000396913,-1.258094968,-1.845974455,-1.147004366,-1.04061068,-1.046144001,0
-3.048733387,0.025770567,0.486400047,0.141878043,-0.572475024,-1.991608794,1.256221344,-1.241299273,-1.551750906,1.515396749,0.764292581,-0.328056451,0.110468756,0
-1.753152464,0.687622218,-0.210677381,-0.289001219,0.296251932,-0.269490973,0.783973143,-1.664665985,-1.49027592,1.286050104,0.566980263,0.748120032,0.013655664,0
-2.428493825,-2.837924785,1.266217923,-0.387314105,1.580948033,-2.575340093,0.475937782,-0.17691188,-1.398413018,-0.084729244,0.149559986,1.735286119,-1.958714945,0
-1.63126247,-0.294448769,0.213358818,-1.10223073,0.816356984,-0.851024407,-0.746189761,0.668478534,-1.165620909,-1.795615137,0.12862807,0.086026635,1.330127767,0
1.858622222,-0.030203271,1.236704292,-0.055435679,1.004955514,-2.257800925,0.982587381,-0.645642367,4.375243503,-0.930603032,0.679651048,-0.655148269,0.050610847,1
-4.657145255,-2.961493004,1.775732723,1.310081733,0.631748321,-4.33033802,-0.74762643,-0.924404836,-2.293656206,0.221972201,-1.313572032,0.54474577,-1.419813337,0
-2.830268847,0.94309522,0.045361293,0.47887497,-0.936985874,-1.250590457,-0.146888104,0.487607368,-1.665676475,2.122109457,1.135867516,0.903288121,0.185961254,0
-1.184793384,0.503680162,0.128375257,-1.29280929,-2.05315451,-0.809825208,0.669587691,0.768991536,-0.3705605,-0.118878763,-2.259553313,-1.408663268,-0.716826608,0
-0.896735759,-0.028174391,-0.013200009,-2.069807275,-0.528287499,-0.218861341,1.126159227,-0.964443576,-0.833725568,-0.153310822,0.630166889,0.687665668,-0.895860384,0
-2.805804713,1.880660101,-0.446337585,0.945471482,-1.683849803,-0.457759977,0.126630599,-0.405396979,-2.047566685,-0.503013053,-1.028031864,0.894585533,0.332075439,0
-3.305552042,1.48154016,-0.054378759,-0.841655067,-0.495799531,-1.35062735,-1.47149923,-0.88693802,-1.902516634,2.639206105,1.892056425,-0.056316165,0.985192092,0
-1.141924891,1.103813807,-0.192586793,-0.445140513,-1.403667306,-0.280366188,-1.668629427,0.056245338,-0.605217515,-1.405676808,-1.536459704,0.005785115,0.090110429,0
-1.79608642,0.759981816,-0.068602594,-1.236953258,-0.22491954,-0.629487225,-0.201087936,-0.959850302,-1.154978751,-0.121308671,0.928072007,1.04002672,0.39412651,0
-1.288488458,1.969860514,-0.730851947,0.846011938,0.019494023,0.593847616,-2.30201218,-0.546521161,-1.294329872,0.000571666,0.339878981,-0.775864306,1.034938163,0
-1.910322626,0.158308722,0.491546267,0.411360278,0.523684741,-1.721419645,-1.212521947,0.063017659,-0.447138081,0.206505625,0.089228287,-0.217968385,-0.644622131,0
-0.859723871,-0.488803496,0.138084732,0.182165416,-0.250124888,-0.389481252,-0.921318755,-2.493573426,-0.805862561,-1.023131975,1.291212459,0.169095272,0.106433835,0
-2.633363827,2.973975388,-0.59375112,-0.102831506,-0.080616365,-0.457711947,-0.560624884,0.547706193,-1.411497548,1.023680849,-1.123882772,0.116232717,-1.059588484,0
-1.301701794,-1.452191901,0.58442189,1.270488468,-1.26885415,-1.190815966,-0.125338591,0.478499048,-0.909621988,-1.187198553,1.70811337,-0.150533806,-0.598239367,0
-2.776314267,1.040182964,-0.361197915,1.088910513,-1.198180753,-0.347133809,0.015306575,-0.702220486,-2.458260537,-0.989004438,-1.008267758,-0.821286796,1.910435632,0
-1.220659173,-1.442341946,0.561790529,1.846244524,0.572297786,-1.119573014,-0.172017661,0.836183732,-0.882274995,0.834678945,-0.471422187,0.385178155,0.125231535,0
-2.176201489,0.645792446,-0.325348784,0.029562287,-0.745393332,-0.116790295,-0.112263767,0.80160516,-2.148216562,2.527010418,-0.358826371,-0.386984839,0.890408005,0
-1.341298923,3.255734924,-1.07885093,0.5338377,-1.449748451,0.916168899,1.379735211,0.284746561,-1.161250012,-1.462928207,0.506955535,0.598912719,0.180743895,0
-3.369568971,-2.680138126,1.399124661,0.561731852,0.49828007,-3.203646597,1.094304483,0.393966288,-1.804211425,-1.032798812,-1.191006072,0.274581849,-0.581327212,0
-1.551238784,-1.212577236,1.002970766,0.289272252,-0.457554181,-2.296143382,-1.05087545,0.064932979,-0.009559219,-1.186745614,-0.481570683,0.102882676,-0.968608495,0
-1.622504098,2.235876841,-0.561075012,0.376694849,-1.426049042,0.019039595,-1.440010536,-0.600436676,-1.006488247,1.510692932,0.147597569,-1.222479225,0.527696503,0
-0.692847024,-0.938896748,0.291179721,0.143323395,0.433389489,-0.530443241,0.897683676,0.040727332,-0.652667594,1.527116505,-2.505186879,0.265739226,-0.192729855,0
-2.3246202,-2.255952582,1.012336954,-0.140667878,-1.00889685,-2.17402934,-0.636060903,0.210020344,-1.442848551,-0.246785223,-1.17830567,0.696137678,-0.047532295,0
-3.086326766,-2.449359642,1.274405019,-0.367810958,-1.692867324,-2.920153768,-0.655514639,-1.179051893,-1.664407692,0.851331967,-0.673752033,0.959173625,1.006749636,0
-2.128802752,0.325036954,0.370327198,-0.26765577,-0.14634867,-1.568106926,-1.155909782,-0.148740715,-0.785427338,1.311926575,0.749087858,-1.596956076,-0.186025663,0
-2.457675434,0.94745442,0.242475073,2.390648134,0.086787426,-1.59164812,0.509817908,-0.546837246,-0.894797469,-0.054646945,-0.156504649,-1.610694295,0.386211555,0
-1.879194018,-0.468502133,0.336913837,-0.579810416,0.195915773,-1.141612996,0.48078551,1.891986472,-1.234853589,0.167391272,1.072224731,0.776457227,1.127020239,0
-1.735284761,-1.714831114,0.739158784,0.823800603,-0.016259922,-1.574561886,-1.774030027,-0.533016894,-1.137148388,0.731683559,0.098181926,-2.134361428,0.968406566,0
-1.012784981,-1.192608363,0.434100419,-0.008874243,-1.456430039,-0.8577436,1.614925525,-1.950112238,-0.800799947,-0.532001875,-1.25917942,0.614908647,-0.224053168,0
-1.949018076,-0.120778795,0.231715262,-0.218970726,-0.059566739,-1.045317127,-0.102065835,-1.7107841,-1.272259518,0.409046599,1.447532782,0.473946177,1.029482242,0
-2.713157361,4.572196706,-1.476197791,-0.845038512,2.979854517,0.95913667,-1.131724189,0.388274255,-2.267914336,0.296295366,0.094738476,-0.519391322,1.631888848,0
0.636533404,0.146677384,-0.377921226,0.044907042,-0.925691453,0.989157778,1.159878086,0.933075829,-0.182570754,-0.768939041,1.111239632,1.334206107,-1.963537902,0
-1.262223213,-0.744681558,0.723219969,-0.10643051,2.229043725,-1.742688518,1.728063799,-0.430314525,-0.035528213,-1.448083208,1.684037627,-1.173699643,0.782595127,0
-0.775733481,0.582483936,0.220791432,1.034194671,0.821869772,-0.929077518,1.309848412,-1.411255722,0.252834388,0.832054878,-0.191381762,-0.798418104,1.290462725,1
-1.584262915,0.454706347,-0.105774763,-1.636827842,-1.239670439,-0.37686051,-0.037850691,0.555171769,-1.281313712,-1.796164659,0.530306182,-1.345232452,1.616425557,0
-2.792685487,2.402543599,-0.727806635,-0.034812315,1.895574773,0.001038553,-1.916300766,0.172891685,-2.278012104,-0.76548122,-0.043545672,-0.965396159,-0.589517132,0
-2.86505682,1.575871122,-0.199526209,1.947304229,-1.475612746,-0.927519935,-0.351674243,0.6061497,-1.773091743,1.358357166,1.063435722,-0.890985442,0.656805829,0
-3.932672739,-3.366761781,1.753178975,0.827451084,0.968014464,-3.927852723,-0.175729296,-1.209087464,-2.014172773,-2.549348942,-0.786864715,1.50733342,-0.897426661,0
-2.919898674,-1.877599983,1.031815396,-0.729438057,2.943647694,-2.522816706,0.588064601,0.83693566,-1.636507835,-1.959568492,-0.727386128,0.440382722,1.823713759,0
-3.723116773,-3.47908797,1.737882828,-0.45435038,0.874197875,-3.793259283,1.198848071,-0.228484946,-1.949356146,-0.642672855,-0.394687149,0.17841536,0.269124286,0
-1.055937171,0.597577319,0.276255165,-0.438114927,-0.152544948,-1.140992513,1.384100031,-2.302118051,0.143856498,0.806475555,0.798438726,0.089187697,0.202520883,0
-1.753844417,-1.5340483,0.660152565,1.425535677,-0.489391112,-1.464242065,-1.783758676,0.155310334,-1.195652828,-0.674060904,-0.119906411,-1.195708347,-0.02091235,0
-0.665438095,-0.01173009,-0.065442945,0.595097207,1.559460367,-0.039435799,-1.196521696,0.383676229,-0.736683565,1.722095688,-1.039688944,0.442359507,-0.946626753,0
-2.384249243,0.611894295,0.157095465,0.899829496,-0.118534234,-1.258985296,-0.514268972,-0.281293653,-1.272758765,0.957409845,-1.224399773,-0.439616153,0.1999822,0
-1.92077179,2.024791424,-0.187357527,-3.080598727,-2.112888358,-0.840379727,-0.230529412,1.017241351,-0.586043313,1.126801924,0.393936814,-0.186353546,0.975626059,0
-2.26272241,-1.472844368,0.763391517,-1.590921339,-0.821580417,-1.866664875,0.215188374,-0.202605833,-1.362704631,1.539056085,0.156469614,0.53390779,-1.00437615,0
-1.082191382,-0.877987749,0.325252667,-0.909195367,-0.353246543,-0.741425122,0.187024821,1.393833245,-0.870742035,0.667299873,1.33504593,-0.072772517,1.110001815,0
-2.68948599,0.367906001,-0.002222775,-0.078169936,-0.247611536,-0.90004482,-1.374173452,0.656866063,-2.07891683,-0.830262151,-1.857571445,1.100428442,1.804119092,0
-3.00066613,-0.077395428,0.862723611,0.963951251,-0.589143545,-2.794931036,-0.494911873,0.941256397,-0.742452645,-1.180626045,-1.044085936,0.328009718,0.339529948,0
-0.984461494,0.776294392,0.055177834,-0.550144898,-1.163239829,-0.68178595,1.092239442,1.446686169,-0.156326585,0.674671536,-1.010225929,-0.17660951,0.792739689,0
-2.939132739,1.226971784,-0.106714354,1.432078604,-0.30825663,-1.036824765,-0.03193389,1.924940513,-1.890016172,-1.135316281,-0.261787674,1.749766506,-1.558762253,0
0.338452411,-1.128640619,0.120914439,-0.26440186,1.152911466,0.219836919,0.310828265,-0.550036864,-0.27575894,0.296142993,0.583836586,-0.070156959,1.107092449,0
-2.837244971,-2.981801129,1.378318822,1.102440632,-0.217783861,-2.896945593,-0.070487326,-0.933716791,-1.611251605,-0.111600307,0.744512497,-0.418270736,-1.670577295,0
-1.236885172,-0.694388334,0.47440416,-0.819008116,1.48401649,-1.188780886,-1.386966303,-0.133828283,-0.534113663,-0.066986489,-0.529645915,1.775588033,0.661885523,0
-1.762578102,1.192165129,-0.077349551,-0.195181673,-1.029564592,-0.751778593,-0.85713471,-0.035910404,-0.822689673,0.292598446,-0.074605389,-0.20118617,1.327500245,0
-3.354455227,1.385133105,-0.370021704,0.113294427,-0.313112109,-0.615061932,1.511325986,-0.608935551,-2.725392298,0.160577038,0.395685955,-0.208366013,2.009539651,0
-1.895855867,-1.52207759,0.704762372,1.009788345,-1.041932669,-1.610579931,-0.102499688,-2.268739496,-1.210638088,0.949558755,-1.237316387,-1.202902429,0.631412662,0
-3.712101317,0.396949198,0.062367076,-0.206754403,0.555858459,-1.351727614,-0.287584148,-0.244399836,-2.80531583,0.783731397,-1.398098015,0.32659596,-0.513313089,0
1.186419768,0.059744944,-0.521670818,-0.538887282,-0.518922838,1.504316965,-0.441373375,-0.18272882,-0.089808646,-0.029208008,-0.709232943,-0.140818598,1.619455302,1
0.808985362,0.28600251,-0.418308645,0.194467287,-1.131911798,1.081562589,-0.19098942,0.073400132,-0.018577428,0.186541693,1.379847718,0.311240517,-1.342004711,0
-1.392002907,-0.35820652,0.176950009,2.927645236,0.006417142,-0.677041426,3.536531655,0.787068356,-1.085975795,-0.082831163,0.919272581,-1.612523488,1.550372565,0
-1.18141432,-0.128894683,-0.126768247,-0.943469824,0.775230729,-0.00806117,-0.371191951,1.709705901,-1.4123246,-0.849795003,0.801128584,0.689382543,-0.159358575,0
-0.188279069,-0.034550945,-0.16772179,-0.644799452,-1.482790063,0.338178201,1.264086396,0.760914817,-0.566520736,0.50743373,0.590320252,-0.515563777,-0.097347812,0
-1.733317657,1.781764253,-0.445990632,1.172603959,0.034661432,-0.114419144,-0.30368819,0.358547714,-1.184070365,0.546504954,-1.101899973,-0.405532692,0.088578129,0
-2.163315304,0.730022306,0.581782676,-0.647861937,-1.122943643,-2.199841635,0.927527588,-0.75337634,-0.038782299,2.029554788,0.112878764,0.321962087,-0.933890134,0
-1.610756151,-1.23536256,0.579011924,1.228077923,-0.985936224,-1.343859982,-0.686238717,2.147627819,-1.029764771,-1.359879751,-2.093032098,0.882257262,-0.111054978,0
-1.918643481,-0.22111245,0.396914062,-1.332685645,0.682703631,-1.375951225,0.773053306,-1.125914907,-0.94998991,1.796405855,0.016615405,-2.322487051,-1.835840318,0
-0.288630329,-0.128039542,-0.115132924,-0.457817258,-0.892199351,0.222803782,-0.171270727,-0.078421378,-0.605956157,-0.246500623,0.024173182,-0.462371649,0.868042,0
1.255915117,1.436521169,-0.183661567,0.417188973,0.346197379,0.27427047,0.435670067,-0.004281099,1.757111056,-0.482008185,-0.555671484,1.898057259,-1.630171335,1
-0.737604534,-0.695428538,0.173235357,1.161307946,-0.081284051,-0.36139419,1.044083869,0.720013656,-0.774614693,0.246192438,1.64318627,-0.706854704,0.695722047,0
-3.287487268,1.875281137,0.05744462,1.553796946,0.531530363,-1.73730032,0.505519366,-0.209699154,-1.34189403,0.786717105,1.672862637,-0.885102359,-1.23058844,0
1.109120707,-0.448233919,-0.381432499,-1.285915943,0.446727977,1.342401911,-1.841654681,1.469827191,-0.221901915,0.059570679,0.554400178,2.054329069,-1.677045479,1
0.775275954,1.361053937,-0.823409288,-1.18215082,0.794266403,1.612935426,2.518158955,0.559494596,-0.154327663,0.09966503,-0.323985376,-0.100774624,-1.598720537,0
-1.966429755,1.162378243,-0.206007373,-1.611698442,0.237636403,-0.508354997,0.081655225,-0.141659198,-1.311606073,1.442578172,1.56288982,0.061770871,-0.061195741,0
-2.32524966,0.383430081,0.243798913,-0.871510594,0.017414249,-1.358347688,0.48559392,0.907860638,-1.197267421,-1.153659351,-0.093621319,2.096161276,-0.478696381,0
-2.271653562,1.68412046,-0.013452836,1.127477859,-0.728659141,-1.21632963,-1.895006894,-0.896775245,-0.75660055,0.153421196,-1.199620952,0.476584147,0.907342946,0
-1.849189423,1.428228764,0.337409304,0.679706797,-1.194589647,-1.800262752,1.02376081,1.744473925,0.208493442,-0.837488907,0.141962177,-0.6423214,0.611948567,0
-0.144289201,-0.581357316,0.053735905,-0.796114231,-0.95961638,0.040701407,-1.194372632,1.106109709,-0.439456638,-0.372004533,0.815368414,-0.043236516,0.169445922,0
-0.397316228,-0.523020329,0.034859937,1.345429855,-0.399730086,-0.009974972,-1.196931303,0.42635074,-0.659211624,1.672256155,-1.10267565,-0.24462376,0.416083605,0
-1.872650124,1.900108322,0.421777891,-0.554534602,-2.648791614,-2.164097645,0.926500485,0.930861397,0.729590132,-0.551470508,0.164626413,-0.733116886,-0.772389432,1
-1.124955671,-1.213100792,0.476122307,-2.426326396,-0.708201905,-0.978202184,0.797733244,-0.564044614,-0.819769022,1.446279707,0.697998444,-0.6513107,0.19032019,0
-4.176196294,-3.738056895,1.928359586,0.43889693,-0.764915924,-4.264969263,-0.080765569,-0.930750169,-2.110979566,0.398538723,-0.851777606,0.932957966,-1.407891921,0
-3.311584464,0.101579914,0.133516842,1.76140255,0.780213972,-1.293797207,0.319127343,0.463280342,-2.516440538,-2.031823556,-0.170476149,0.474919874,1.581375969,0
-1.300149626,-0.949373857,0.384097622,-0.316677317,-0.955117043,-0.912677479,0.083854114,0.837032894,-0.982340323,2.097279901,1.179072011,1.49161385,0.30335971,0
-3.030860321,1.340002858,-0.029100599,-1.113123251,0.010975357,-1.278997798,-0.571868839,0.577044083,-1.711593053,0.701588849,-0.012178499,1.029125445,-1.552704801,0
-2.430084919,0.888917454,-0.132677423,0.288895144,-0.064766457,-0.712361393,-0.406707015,0.650818997,-1.756121897,1.006234675,0.68490442,-1.241483086,0.438546499,0
-1.009017894,-1.437925202,0.484055441,0.379671987,-2.322805653,-0.883782696,-0.460880392,-0.44954358,-0.868573132,-1.858218467,0.3250767,-0.075976727,0.170003598,0
-0.226915882,0.804654922,0.516150744,0.777837164,-1.107307637,-1.518599368,0.564555139,-0.19340581,1.56064203,-0.521068877,0.134874158,1.245009049,1.859244148,1
0.283558077,0.421029854,-0.37740083,0.98541878,0.716777294,0.789790906,0.436881954,0.572033894,-0.284817035,-1.594584561,-0.490013385,-0.964170291,0.970783884,0
-1.1159993,1.771001684,-0.622333891,0.710510355,1.702020951,0.467355709,-0.441236245,-0.304939559,-1.048686662,-1.097669775,0.75798676,-0.754973136,-1.441337594,0
-2.286091307,-0.204426958,0.586099,0.278745754,0.294454597,-1.916845556,-0.866034445,-0.542975707,-0.833939724,1.012692205,-0.409165069,0.659025952,-1.561042576,0
-1.680813946,2.334929897,-0.676523301,-0.270054898,-0.034308357,0.22924088,-0.531843623,0.337606222,-1.242484955,1.524676743,-0.005226597,1.673690697,-0.225112561,0
-0.761166473,-0.833740841,0.258060827,1.030152164,-1.008027404,-0.511978928,0.320927739,-1.293894822,-0.708129506,-0.648049522,0.389669937,0.298997658,0.038826688,0
-1.676243189,-0.502531629,0.31674509,-1.040563747,-0.830725143,-1.025374841,-0.05579162,1.568231733,-1.128283769,-1.051297345,-0.660004536,0.016678043,-1.539620126,0
-3.10730597,0.96965494,0.359495402,-0.095613023,1.132405541,-2.052229718,-0.621765688,-1.273161394,-1.182959353,-1.85643155,0.403888095,-0.765653285,-0.282159536,0
-0.017055033,-0.009700109,-0.205352143,0.362591275,1.12622701,0.464182716,-0.842131142,1.03715129,-0.482876318,-0.242029876,0.032550555,1.485732074,0.52671146,0
-3.079958175,-2.654674052,1.323782784,-0.684012991,-0.399788221,-2.958183186,0.784688592,-1.492386457,-1.701339851,-1.231555465,1.853699543,-0.684154436,-0.174065661,0
-2.771435167,0.85145964,0.026513286,0.17044705,2.450455734,-1.158689837,-1.015254273,0.606666513,-1.725000481,-0.954964036,-1.85525054,1.075500021,0.121550083,0
-3.3698006,3.237080342,-0.911469871,0.295669135,0.025659849,-0.042049946,0.489647662,-1.777213458,-2.57102057,0.907457902,1.639420549,-0.989211384,0.148826729,0
-0.446614005,0.790679864,-0.421040632,-0.735246269,-0.814991304,0.548284809,-0.174546931,-0.575577103,-0.744385452,1.33030795,-0.23753814,-0.007842843,-0.065535848,0
-0.721905522,0.220091638,-0.138337403,0.565243212,1.109039325,0.028161915,-0.43759668,-1.666790246,-0.776474365,0.264590332,-0.176426314,-2.67840811,1.006123664,0
-0.850755264,-0.911763528,0.285873635,1.281944023,2.111123401,-0.573493675,-0.506050222,0.186111457,-0.782209427,-1.120060622,1.48901766,3.103201276,0.477525641,0
-1.051744974,-1.508389705,0.529179127,0.09350037,1.301229982,-0.973690794,1.188263175,0.470076425,-0.857248558,-0.031163003,-1.328816749,-0.614223559,1.683723322,0
-0.99012465,-1.552604968,1.031023549,-2.145832005,1.286307122,-2.078463414,-0.435648499,-0.895502452,0.289522157,1.052181263,-1.597325341,0.473192846,-0.191450718,0
-1.981772715,2.262872923,-0.612708258,2.239965192,-0.005722841,0.0230089,-0.204860634,-2.348068397,-1.415913147,-1.726803203,0.821615752,-0.441690104,-0.645848988,0
-1.086429454,-0.86989495,0.351211396,-1.146553578,-0.975689343,-0.80435912,0.343724678,-0.029638657,-0.810158461,0.197740336,-0.619389511,1.469290278,0.045351961,1
-1.162455162,-0.601119074,0.58738144,-0.449684123,1.860476353,-1.456276736,0.469502481,0.429769622,-0.146002924,-1.459523374,0.097794783,-0.568469501,-0.525442991,0
-3.255552382,1.45576369,-0.000851422,0.953787847,-0.460873905,-1.448538831,-1.364735314,0.104277539,-1.758000853,0.679086018,-0.335790551,0.889190169,0.953007957,0
0.37059394,0.844565424,-0.553681095,0.771127569,-0.752492927,1.06590918,0.646782086,-1.175458991,-0.288129565,-0.471438874,-0.386097785,-1.160837173,1.018075149,0
-2.507131501,1.280813677,-0.195085632,0.859172761,0.883493427,-0.7307034,-1.272305013,-2.406278138,-1.670849741,1.368676993,0.365830557,1.070158534,-0.247118243,0
-0.584041354,-0.886361508,0.23292407,-0.939835173,-1.905539888,-0.385394895,0.522285044,0.618396656,-0.649138078,-0.50504926,0.171982495,1.183077181,-0.02627448,0
1.390799046,0.424159562,-0.474261426,0.894145309,1.125819544,1.327769993,-0.320396715,1.540078972,0.467095836,1.008989492,1.399844517,0.1266813,-1.249358673,1
-2.806541356,-2.143412448,1.107674162,0.656695963,0.372954336,-2.568786717,1.196346888,0.031492459,-1.565763301,0.987081666,0.464421467,0.607228058,-0.042276201,0
-1.664149265,0.092013804,0.168304193,-0.751817686,-0.77264519,-0.894072996,-1.482127599,0.847059921,-1.006907149,-1.448417475,-0.50389369,2.170254863,-0.180974264,0
-3.100643544,-0.175226436,1.030076831,-0.487728019,-1.014024894,-3.168934064,0.367128319,-0.550634915,-0.527310838,0.375585749,0.830209388,-0.080984114,0.9451189,0
-2.279250247,-1.062036499,0.639350334,-0.535310515,0.473596856,-1.734419869,-0.624499806,-0.576558557,-1.348749348,0.272153536,1.45295128,0.060395032,2.915890358,0
-1.991323734,-0.028254319,0.089655615,0.131112196,-2.976032474,-0.767856908,1.322742832,0.675164401,-1.558861513,-1.275871,-0.03347481,-1.530130929,-1.735310704,0
-3.32868368,-2.917177598,1.462358764,-0.089072435,0.262849205,-3.25199919,1.295516071,-0.661674766,-1.803597716,1.040155193,-0.208122045,2.166741721,0.222747499,0
-0.844407572,-0.6945847,0.920272487,0.53767034,-0.893438062,-2.086625742,0.754981944,0.318741246,0.808849843,-0.383526616,0.42940508,0.989184884,-0.62409505,0
-4.448819211,2.682825764,-0.517416096,0.624606645,-0.593729194,-1.05228998,-1.195469717,0.242595937,-3.042937389,0.031368416,0.063537955,-0.017517363,-1.604121012,0
-2.073750333,1.294393976,-0.26199521,-0.48428073,-0.314874069,-0.45871368,2.404804775,-0.975943744,-1.432383356,0.247064325,3.002652485,-1.215211418,-1.099689087,0
-1.463587367,2.626936768,-1.009834675,0.388214992,-0.036941186,0.945226947,-2.741489429,1.512234911,-1.582628194,-1.57227578,0.098887216,1.01037085,0.340870791,0
-2.374716592,2.598766592,-0.416268053,-0.201999997,-1.24923552,-0.653808338,0.027154909,0.566816932,-1.067539216,0.889470946,1.105935462,1.105298253,-0.530538318,0
-0.241201755,1.217339189,-0.576030024,-1.512101779,0.925880244,0.80917209,1.565018882,0.287854063,-0.59422406,-0.863510899,0.956394329,-0.904871177,-0.42887986,0
-3.290513467,1.454442314,0.245044426,-0.755975291,0.505864358,-2.015800875,0.97333745,-0.00347721,-1.237809454,0.579498738,-0.264209285,-1.457273658,1.725998002,0
-0.836915734,2.171784093,-1.012619579,-0.119454401,0.033601707,1.292187409,0.383644385,0.478300392,-1.381436405,0.643235419,0.389865158,0.78452726,-0.567195151,0
-1.034428667,-0.897028018,0.336209886,0.701985639,2.111239019,-0.7458077,-1.569569421,0.864137819,-0.818663699,-0.306636674,1.165707841,0.742976161,0.541519217,0
-2.766335124,-1.985680688,1.022330089,-1.213292678,-0.303650437,-2.419044948,1.213547846,0.848122599,-1.604379522,-1.823959785,-0.736759387,0.730973808,-0.017878892,0
-0.067244043,2.503791646,-1.030298876,-2.019448275,-0.590692422,1.43770671,-0.475337111,1.060357293,-0.501121065,-0.508237693,2.214985901,-0.827571025,-0.07889308,0
-1.684258534,1.520373911,-0.686796865,1.8140712,-0.593006351,0.537639024,-0.015194777,0.538301692,-1.876662758,-0.208370893,-0.51288357,-0.963888189,1.250893789,0
-0.428172784,0.224282395,0.201520264,1.063800351,-0.35184927,-0.659299821,-0.793084092,0.25018892,0.245683082,2.862077893,-0.693115427,1.614772636,-0.151723253,0
-0.442132979,1.338386643,-0.569980684,-0.531123023,-2.261218464,0.694973423,-0.941763636,-1.403840019,-0.665744859,0.128195082,0.016414517,0.070686701,0.088560131,0
-2.526711925,1.307418982,-0.584320945,-0.093718677,-1.204031371,0.137008058,-0.655492713,2.060971385,-2.541399053,-1.303410828,-0.808261602,-0.260815856,-0.270899838,0
0.257799728,-1.10928193,0.125216088,-0.100885323,1.371793668,0.180015575,-0.660139485,-0.442038862,-0.322084969,-0.18044834,0.456680339,-0.477497586,-1.84290613,0
-0.639761643,1.005322954,-0.021631339,-0.935400744,-1.732838754,-0.488600053,0.403024882,-1.051296372,0.143333646,-0.41017019,-1.077340336,-1.163989464,0.60728242,0
-0.870078453,0.130885639,-0.063830652,-0.235471079,-1.354641497,-0.152217534,0.655175493,0.824206384,-0.805296482,0.52793948,-1.189425645,-0.509377679,-0.299299788,0
-3.84506239,-2.862687297,1.555186901,1.135232718,1.592985833,-3.630618256,-0.069131497,0.516422804,-2.005570064,-1.401178387,0.939928156,1.07987719,1.01466769,0
-1.583119543,1.649439902,-0.411510424,0.577368298,1.415112727,-0.102807867,2.218646904,1.693137492,-1.074336542,-0.810314157,1.48847083,0.837856778,-1.36909186,0
-3.05346464,2.901947647,-0.526110835,0.204146605,0.762832642,-0.706999339,-0.158084628,-0.159086664,-1.680362235,0.906215869,-0.594192271,-1.707305942,-1.444385514,0
-1.331547965,-0.551104605,0.592801657,-1.989034196,0.470571459,-1.534915226,-0.29259475,-0.642721594,-0.244163114,1.539356523,0.437017622,0.220323292,-0.387084244,0
0.419859104,-1.365959256,0.52811669,0.445179993,1.279543297,-0.596775986,0.911686124,1.14602661,0.531780679,-0.61303862,0.208092183,1.990476082,0.139611907,1
-2.671614411,2.946273792,-0.754420694,-1.160373451,0.521028689,-0.094651914,0.270756524,0.180937827,-1.826069507,1.215470542,-1.223669272,1.925113124,0.788894631,0
-2.413683986,-2.255959302,1.053506899,-0.297220628,2.354123386,-2.293085099,0.484482161,0.17727039,-1.428257056,-0.878597206,0.728426944,0.339278143,-0.308666847,0
-2.883657566,1.568607537,0.147547055,0.565197206,2.043958763,-1.717424547,0.689913767,2.249326792,-1.016041779,0.765027195,0.69084157,-0.808512193,1.132591309,0
-2.662027006,0.401439512,0.473443843,0.214864709,0.428254398,-1.982613976,0.130542292,1.40220959,-0.962667179,-1.064045927,-0.17858227,-0.491263028,0.299520419,0
-1.58897083,3.81966299,-1.530470992,0.21553198,-0.182689767,1.670833831,1.181896453,0.530635164,-1.969804166,-0.280637479,-2.463684124,-1.363465016,-0.277448509,0
-2.08762071,-1.023293929,0.567320473,-1.640510863,0.191203443,-1.529396972,-0.352853471,-0.08103887,-1.314095661,0.13764164,-0.994772885,0.296605256,-1.566121084,0
-1.405085384,-1.565468379,0.641839523,0.707415548,1.010006804,-1.311065768,0.895076263,-0.050135298,-0.955644209,-0.580945468,-0.792330311,-0.553909511,0.1254379,0
-1.20739162,2.122408256,-0.601659594,0.556307623,0.752393381,0.270682452,0.110911073,0.502203551,-0.819760875,1.201006529,0.219896626,-2.334281209,0.317444359,0
-1.624095202,0.482947714,-0.10103263,0.227753921,0.370705567,-0.409024676,-0.611730036,-1.347343219,-1.284373502,0.160134897,-0.583625585,-0.081550795,-1.297211539,0
-1.804895889,0.769613034,0.22597104,-1.301184133,2.961283697,-1.30344292,-1.377940177,0.654915099,-0.494557004,0.674700415,1.923945946,-0.35475182,-0.931708594,0
-0.670057745,0.249852187,-0.170092425,2.021162878,1.701681514,0.104680125,0.637983873,-0.82021623,-0.780227659,0.110115702,0.931191674,0.583280464,-0.255935888,0
-1.126349422,-0.346954346,0.150125124,-1.414066607,-0.360895236,-0.543524088,0.329995557,-0.208447142,-0.905779243,0.220273972,-0.987731481,1.239390887,0.559541259,0
-2.315702403,3.331290829,-1.136457548,-0.648273554,-1.300711801,0.73917396,0.638584666,0.924296932,-2.084991026,0.634252876,-1.264647272,-0.203787569,-0.504560532,0
-2.508747975,1.241644825,-0.004596489,-0.336409869,0.077192034,-1.14940225,0.460027501,0.583108267,-1.274109791,1.263327259,-0.749457973,0.322458958,-0.245683481,0
-2.514858995,-2.048821722,1.018122451,0.132616383,2.652242335,-2.31477986,1.208257637,0.575462035,-1.441357254,-1.884254673,-0.094036327,-0.223644242,1.170967767,0
-2.201388548,0.818247133,0.368809878,-1.606625719,-0.214787168,-1.758834052,0.453476405,-1.72982548,-0.484003594,1.020905884,-0.356170409,0.548303001,-0.33193319,0
-0.068400747,0.29341997,-0.277620746,0.260409289,-0.388553744,0.50679678,1.874337155,-0.155003748,-0.463561479,0.407671756,-2.046913462,1.313858229,-0.463878306,0
-1.65203577,1.385118195,-0.343190934,-1.190709432,-1.323257357,-0.184786537,-1.419857535,1.592197914,-1.178565166,1.377879642,2.007956096,-0.75312095,-0.568061614,0
0.888563688,0.734690847,-0.131547598,-1.94496045,0.088236594,0.296614031,1.369312398,-1.079818111,1.029285096,-0.514208426,1.801000892,-0.876463233,-0.017515516,1
-3.112730733,1.671376002,-0.134888408,-2.882013363,-0.614131809,-1.1790982,-1.700072165,0.900915762,-1.773047005,-0.187609145,-1.016894514,-0.799136201,0.352749609,0
-3.335368921,0.544053641,0.405595982,0.486936557,-0.200663143,-2.073085794,-1.930908201,0.726263938,-1.596420517,-0.289737087,-0.198581323,0.919560547,0.837853795,0
-1.13633429,-1.010221273,0.34982331,-0.152459057,0.138503844,-0.766321552,-1.055947795,-1.088533353,-0.961615085,1.061608533,0.515684054,-0.751007377,-1.302459711,0
-1.524095425,0.915370686,-0.182047238,-0.179328028,0.278923097,-0.348330688,0.729843035,0.4450427,-1.055986122,0.367046793,0.279811854,-0.097892405,-1.232454391,0
-3.10563417,1.382332519,-0.231101801,-1.209122971,1.093906952,-0.857339363,0.864307059,0.777794752,-2.198510351,0.579976577,1.484060553,-1.072890116,0.012404983,0
-2.04077252,-1.229663006,0.620877761,-0.103980049,-0.216993348,-1.56485663,1.962421677,1.10627822,-1.307088912,0.632248882,1.005981477,-0.21464642,0.843143352,0
-3.303238175,2.537293144,-0.700492625,1.002576401,-0.810341286,-0.255516597,0.015695613,0.774353695,-2.561969784,-0.819981055,-1.93379328,1.109383981,-1.071156077,0
0.366305048,0.526878191,-0.448842997,-0.081678859,0.233455524,0.938501098,0.251787359,-0.473012029,-0.293827691,0.333648346,0.292214126,0.357619138,-1.215784499,0
1.153023265,2.923513939,-0.385431131,0.437779306,-1.673091008,0.179888285,-1.076513525,1.370839133,2.324695034,-1.029090941,-0.540995676,0.962036262,1.426838646,1
-0.325852269,0.061268607,-0.144256899,1.142539111,1.783228479,0.211623023,-0.529426175,2.024792436,-0.562473727,-0.587577171,-0.742631165,0.380053209,1.020081689,0
-2.17766518,-1.283313775,0.895940971,1.038146696,-0.23320203,-2.209290095,-1.04740805,0.675081841,-0.849534891,-0.431636434,0.946293247,-1.492595994,-0.139370308,0
-2.401614568,-2.29830303,1.063620643,-1.967646205,-1.018435193,-2.297666922,0.554011312,-0.390963704,-1.42663795,-1.930201586,0.710511881,1.194239569,-1.042269086,0
-3.33520185,2.419861315,-0.389245767,0.00951184,-0.838448251,-0.929335355,0.410506791,-1.351074458,-1.979219239,-0.348107345,-0.215569461,0.108784906,-1.068437486,0
-2.236064316,1.526226964,-0.004322908,-0.337796263,0.974118468,-1.1713112,0.833130328,1.305861086,-0.822915558,1.648412608,0.755461714,-0.732813161,0.659458524,0
-2.052657203,-1.305468636,0.644624349,-1.173233308,1.10725855,-1.595512518,-1.074839257,-0.987102598,-1.320781721,1.421247526,-0.862102488,0.701171354,0.598953431,0
-1.117119664,-1.240320033,0.418431246,-2.122550772,0.147229876,-0.835550227,-1.202721716,0.549592694,-0.96268653,0.085308865,-0.194536596,-0.946813166,-1.005956693,0
0.891616214,1.579202746,-0.919853147,0.466048273,-0.210262464,1.788592404,0.284925682,0.397572208,-0.106258697,1.793101429,1.960567938,0.090332261,2.077321187,0
-2.037005679,-1.645443817,0.772622187,0.21729051,-0.282314625,-1.761861499,0.02928164,0.142703076,-1.273743602,-0.729179052,1.127185075,-0.617535947,-0.592512596,0
-3.485713137,-3.932789424,1.858285193,-0.213834831,1.823049548,-3.838468239,0.697073092,0.633270736,-1.810618633,1.122805301,0.521072128,-0.116467794,0.661044416,0
-1.246223522,-0.393492077,0.156991391,-0.090832578,0.706793506,-0.57733155,-0.97855334,0.241788346,-1.029797254,-0.180683892,-1.473699338,0.593075034,0.702608085,0
-1.787194577,-1.089388241,0.549203396,1.144911587,-0.407280056,-1.378429731,0.855081449,0.204785447,-1.14174069,0.170298683,0.385623913,0.385199978,-1.478575003,0
-1.480214311,1.683264207,-0.462973941,-1.340419182,0.33988531,0.031706943,0.254045283,-0.485018173,-1.074689261,-1.22964009,1.748041252,-0.084175325,-0.106682384,0
-0.081404734,0.332939268,-0.295311902,-0.395487058,0.450704395,0.529285002,1.324589077,0.128728889,-0.485106487,1.013191443,1.137913127,-0.20439752,-0.645420792,0
-0.39434507,-0.418215454,0.004510204,-0.797646927,-0.069467007,0.022898783,-0.002911055,0.531687348,-0.646467961,-1.057775345,-1.41205244,-0.264798942,0.602585721,0
-2.622832803,-2.371857936,1.145498548,-0.345206842,-1.591034415,-2.521331915,0.724569583,-0.942790728,-1.491023973,-0.410385143,0.517864528,-1.277002884,-1.916793981,0
0.978212594,1.880527876,-1.064982506,-0.461602092,-1.239238148,2.036863666,-2.432476162,-0.901126617,-0.131300935,-0.502513829,-0.208652953,2.134002019,0.65244067,0
-1.557430652,-0.805188858,0.721466162,-1.178218826,0.20128029,-1.802621415,-0.890715316,-0.248788666,-0.342425941,0.150146661,0.56210284,-0.796560194,1.320806534,0
-3.231936851,2.137667584,-0.311194933,-0.020814089,-0.047290646,-0.977434437,-0.736548223,0.832309886,-1.924599251,1.137976613,1.123302531,2.188581392,1.785850891,0
-0.171019817,1.466538497,-0.674191621,-1.367865134,-0.070765995,0.964502958,0.611772285,0.786372187,-0.56713568,0.719318283,-0.011948122,-0.181310621,0.162396059,0
-1.842761085,1.184907292,0.0195007,-1.664182955,0.820982092,-0.991996944,-1.083546192,-1.845394325,-0.680828543,0.718913837,-1.180023914,-0.196469225,0.75469375,0
-0.99326509,1.781663004,-0.568267259,-0.606204077,-0.122653672,0.37640589,0.977908269,0.07770846,-0.812242191,1.570886474,0.640337111,0.478530831,-0.368484914,0
-0.053528573,0.655331608,0.229279525,2.401110131,0.975599498,-0.765569915,0.004005301,2.195847162,0.956930338,0.195228133,-0.818384309,-0.713810277,0.706742597,0
-2.527215718,1.359914875,0.291828108,-1.519173559,0.444601941,-1.8684986,-1.400059263,0.026280843,-0.536863197,0.14211617,-1.708995412,0.101389778,0.32940079,0
-2.515540122,0.614578097,0.389669085,0.373335539,-1.805633292,-1.825231407,-0.767403272,0.233784296,-0.863587905,0.322395095,-0.006717666,0.187666675,1.22346014,0
-2.496851875,1.833696238,-0.056429246,0.065168341,-0.066139552,-1.236368629,1.760043765,0.422247499,-0.938011653,-0.178338387,0.251785246,-1.776298962,-1.545954778,0
-1.521721212,-2.127111104,0.824731464,0.778222317,-0.20096225,-1.562210115,-0.433659694,0.274980522,-1.066451528,-0.03460353,-0.110226393,-0.324903749,-0.504990413,0
-2.572479351,2.530250504,-0.665370101,-1.722554828,-0.591647399,-0.121883096,-0.333002972,0.687769164,-1.850288757,-1.77065231,-0.719519513,-1.038377643,-1.081188478,0
-1.70858932,4.222658109,-1.293866164,1.897354094,-0.503348619,0.95821316,0.061016026,0.448722889,-1.242537094,-1.200714978,-0.09627646,0.486340998,-0.49658902,0
-3.015023981,-0.034298512,0.519452821,0.84887383,-0.592114121,-2.035743205,-0.809916857,0.939088944,-1.493000324,1.153768539,0.068651457,-1.357632445,-0.126789252,0
-1.844669266,0.938760231,-0.445768241,0.875990383,-1.304785751,0.149038872,1.031130435,0.600433077,-1.910166981,1.216051725,-0.746990378,0.904657482,-0.469328181,0
-0.713626303,0.131023901,-0.08793797,0.007232219,0.013827753,-0.05246215,-0.145819429,-0.325596612,-0.722660031,-1.036437366,0.952700614,-0.705129977,-0.169036717,0
0.383695144,0.055853372,0.175569101,-2.096914179,-2.186829371,-0.30708229,-0.175528063,-0.75546072,0.770678351,0.933656601,0.646497966,-0.005743596,0.071103857,0
-2.171857256,-1.011770957,0.590853638,0.795850152,-0.242165365,-1.611113153,0.058531732,1.398021291,-1.326252115,-0.264674753,-0.696343585,-2.116314772,0.192123368,0
-0.251548268,1.004508237,-0.479878549,0.984720848,-0.380780872,0.662887655,-0.434591148,0.142933283,-0.546419791,-0.222261163,-0.103477908,-0.660158761,0.963029386,0
-2.020350704,1.721928208,-0.233563961,0.436310431,0.882095242,-0.657946308,-0.033689672,0.554801208,-1.002779616,0.356447068,-0.170039985,-0.3008319,-1.639487875,0
-2.179044208,1.837009893,-0.431504824,0.200415663,-0.587060918,-0.295257586,-0.347064053,0.502799197,-1.499555624,0.685900358,-1.115103452,-0.820901527,-0.301387917,0
-0.69169733,1.796927443,-0.250258159,0.908445166,1.118541409,-0.263136959,-1.507585135,0.034769248,0.176003579,-1.457172698,-0.161427898,-1.907222,-0.201774376,0
-1.670058926,-0.215345876,0.348624045,0.139013181,1.509701819,-1.196752827,-0.764597871,1.997844774,-0.83695472,-0.35345977,-0.536204281,0.099428458,1.216836791,0
-3.167882882,1.61802056,-0.455171588,1.312825451,1.24340344,-0.449933269,0.631804277,-0.776701326,-2.579649863,0.379047031,-0.300005396,-1.938381139,0.072198357,0
-0.557503969,0.456743158,-0.250217957,0.42906289,0.687941656,0.246192257,-0.606848262,-0.75767779,-0.707257112,0.607886058,0.632898534,1.398308056,-0.294075745,0
-0.541568399,1.786768539,-0.180160583,0.306033282,-1.142274654,-0.375226132,-0.354121236,1.70412963,0.456794903,-0.521543178,-0.800677743,-0.20979816,0.698123605,0
-3.372058021,-2.922908607,1.49197349,1.940818989,-1.444641792,-3.329659034,0.288541704,-1.288693798,-1.779307467,0.66454962,0.81541886,0.156616337,-1.048469989,0
-2.201451637,-0.018043054,0.137480652,-1.602768978,-1.099389228,-0.940518629,0.784557867,-0.351548476,-1.627429159,-0.225199429,-0.843326353,-0.725074937,1.471365703,0
0.073114668,-0.121738535,-0.028247483,-0.228884209,-0.501367316,0.127909424,-1.892356825,1.444603983,-0.090416215,-1.261208256,-0.577287851,0.876706835,-1.232008454,0
-2.419434374,-1.1220878,0.999912354,-0.694503161,-0.515634034,-2.571448301,1.368623423,0.122555157,-0.707017409,1.530172055,1.435677104,-0.879870405,-0.800340632,0
1.003761089,2.447964482,-1.271582115,-0.162014956,1.208666715,2.313460074,-0.692942262,0.756818405,-0.148902229,-0.611234082,-1.878731321,0.592477947,-0.706807794,0
-1.118103988,-0.867554864,0.66766128,0.389214167,-0.694375766,-1.531960899,-0.499290679,-1.128230845,-0.126064002,1.938115845,0.795776574,-1.293996879,0.265430376,0
-1.264187544,1.897650197,-0.043665962,0.363891362,-0.239549457,-0.932174389,0.799202719,1.462530383,0.214795709,-0.060939512,1.176637549,0.927819456,0.001912936,0
-0.669966344,1.113299883,-0.420787803,1.499012068,-0.149810719,0.369965737,-0.949600244,0.399546841,-0.698003807,0.174367588,1.261498991,-1.997047437,0.097826492,0
-0.801161398,-0.30233477,0.077784645,-0.106644589,-2.407028596,-0.301331763,-0.252028182,0.850687325,-0.750804864,0.22618966,-0.846210818,0.473258757,0.038412763,0
-3.248182731,-2.192395244,1.196349542,-1.179017091,-0.911391463,-2.880085367,0.007773579,-0.334283308,-1.789038052,-1.063058296,-0.564977984,-1.186203348,-0.62855623,0
-0.816503989,-0.571998029,0.132860617,-1.909954433,0.620164749,-0.335945792,-0.368905109,-0.250593388,-0.841952096,0.558566343,0.86592288,-0.643567905,-1.666919747,0
-3.622764083,-1.305307737,0.957428025,0.673500942,-0.105353124,-2.75788955,1.504558466,0.697789397,-1.989932197,-1.925320307,-0.541245139,1.039911164,1.149526263,0
-2.443584803,1.585621251,0.060430274,0.205184891,-0.997143547,-1.398884605,-0.064809254,-0.296668737,-0.814506861,0.322670631,1.105593145,0.566177391,0.966883417,0
-1.864255049,0.510577217,0.285535575,-0.457651186,-1.749463168,-1.364666682,0.628246068,0.915935247,-0.606136828,-0.355231027,0.464790939,0.488371112,-0.674566557,0
-0.142909519,-0.017275394,-0.169516881,0.473837946,-1.248668532,0.349269745,0.127632596,0.711182268,-0.518031994,-0.122855662,0.81162486,0.931607495,-0.220555596,0
-0.422107945,1.318299689,-0.187884078,1.855584036,0.51826241,-0.158710093,-2.077644782,-0.487069412,0.194042225,0.748491008,-1.136751079,-0.96168724,-0.223507751,1
-2.355815499,1.996819584,-0.684286706,0.535121009,-0.008033604,0.17087437,-1.962429513,0.534636533,-2.101770516,0.20507758,0.310183218,-1.672670385,0.058040302,0
-1.538984799,-1.734386949,0.697624648,0.99867507,-1.29787907,-1.416873666,1.743429913,-0.320281262,-1.073517665,-0.317609754,-0.328742027,0.707832129,0.204484685,0
-2.589711944,0.708424182,0.117106923,0.436408668,0.185459438,-1.261475679,-0.067962386,0.282420521,-1.469834192,0.084699637,-1.732561343,-0.273588019,-2.563289787,0
-0.480031093,-0.31157228,0.022822345,-0.131936331,0.477579671,-0.080804073,0.885291122,0.725521466,-0.600590938,0.341971155,-0.020531216,0.612560684,1.391971657,0
0.986275817,2.383820617,-0.530214594,-0.496639849,-0.454697133,0.649677944,1.663373896,-2.190831433,1.451320838,-0.169794216,1.164930704,-0.25277522,-0.019860233,1
-1.922233126,-1.822081509,0.804426622,1.986584314,-0.540531968,-1.738837738,0.784049337,2.514305095,-1.234031522,0.801002204,-1.051741115,-0.901406888,1.138857446,0
-1.143348672,-1.117616383,0.45317916,-0.891799132,1.343016237,-0.965014597,-0.876054888,-0.278407964,-0.816022072,1.271248756,1.470893453,0.987495742,-0.21881411,0
-1.544062666,1.379526116,-0.082490832,-1.06437241,-1.608926549,-0.742887671,-0.28515853,0.658690814,-0.50352897,1.450709924,0.765780539,0.698265536,0.043814193,0
-1.753083987,-0.297558177,0.527534037,-0.384220045,0.19645338,-1.597559465,1.587692968,-0.153442367,-0.569419355,-0.241097449,0.441104484,1.552282909,-0.725883662,0
-1.256903208,1.883322621,-0.749753667,2.228154433,0.193921946,0.67621893,-0.370796434,-0.731633265,-1.373763344,1.31160203,-0.84593364,-1.37279125,-0.50393068,0
-1.577474421,-1.386321611,0.619253551,-0.086794623,-0.433946321,-1.372497633,0.905190036,-0.112913814,-1.023113601,-1.601467201,0.363029266,-0.200433923,-0.740289537,0
-0.140972294,0.465648034,-0.344071977,-0.178206708,0.437275763,0.576067719,-1.327901334,-0.719149522,-0.547449346,-1.027618765,1.290632904,-0.091339448,0.162293215,0
0.738736386,1.669599669,-0.953600152,-1.445603323,0.001728423,1.789270769,-0.653549216,0.249971403,-0.247990838,-0.350703915,0.673959263,0.456161662,-0.850192425,0
-3.12632919,2.426551365,-0.51881991,0.659068029,-1.00571298,-0.57758201,-1.064496421,-0.881141309,-2.082547328,1.085188916,-0.384582444,1.303874146,-0.328537222,0
0.000392089,-0.064072721,-0.174855913,0.58687501,-0.556793979,0.419153895,-0.409783677,0.491765781,-0.439810024,-0.250283736,-2.365981148,-0.749887746,-1.283262174,0
-2.259379051,0.979900279,-0.21048824,-0.678620618,0.653596684,-0.518612744,0.671477671,-0.508614894,-1.71370957,0.954589841,-0.84773423,0.943097037,0.593023477,0
1.684125281,1.000511167,-0.542759181,1.828021251,-1.678157382,1.365297968,-2.195179355,0.353066119,0.99984145,0.579664774,-1.175654994,0.138456851,0.053139428,1
-1.300041023,2.458037557,-0.788652169,-0.978367876,0.475056731,0.550133112,-1.332976236,0.95624915,-1.069646305,-0.970187637,1.691349602,0.389184674,0.371861916,0
-2.175647865,0.955432518,-0.012573951,0.567021833,-1.47495068,-0.934692454,-0.997756279,-0.37677547,-1.214804854,-0.566976391,0.954164514,0.28326995,1.006624632,0
-1.113750867,-0.658756712,0.240008968,-0.350758221,-1.327969069,-0.63421424,-1.03711682,-0.064537863,-0.925889279,0.202061269,0.912558738,-0.445309939,0.592059538,0
-2.295607431,-0.724499592,0.978430346,-0.681650791,0.38862148,-2.626653252,0.548028612,-0.577201186,-0.350258213,-1.398961434,-0.013703386,1.044878743,-0.684176864,0
-1.753664861,-0.134429758,0.264466496,-1.378047323,-1.22088752,-1.058439705,-1.068628031,-0.122200953,-1.03837575,0.155570357,0.087950095,-1.662326583,-0.226866427,0
-0.039502621,-0.146128545,-0.117667652,1.357937461,0.547267016,0.30677412,0.325664721,2.585384112,-0.407596907,1.05836188,1.224783985,-0.009458478,1.541714085,0
1.038188384,1.362533067,-0.914241383,-1.592737758,0.127368739,1.894249579,-0.7099519,-0.679092567,-0.127431636,1.149210141,0.721574946,-0.711927057,-0.7501222,0
0.150564853,0.98935071,-0.593217641,0.724912681,0.923468459,1.041243062,-1.047625186,0.261881264,-0.460885156,-0.225142984,-0.903697543,0.342091601,-1.260378294,0
-0.114291558,0.644645568,-0.414193851,1.097793352,0.935212522,0.679917756,0.335505441,-1.223541566,-0.547846922,-0.624127347,-0.329203459,0.108133442,0.932522716,0
-0.951233255,1.13028869,-0.301235199,-1.137244529,0.328267045,0.011738104,-1.042310233,-0.807191864,-0.662701201,1.392734119,-0.355829127,-0.641566904,-2.505034589,0
-2.86935351,1.66465256,-0.21711426,0.403344968,0.05050489,-0.920055801,-0.006119005,-1.799155824,-1.75002435,-1.924454597,0.031079518,-1.612740369,0.337241462,0
-1.55188228,2.652763278,-1.420693277,0.441054113,0.154639959,1.842426183,-0.722333624,0.945260078,-2.562279305,-0.210710481,0.816985143,0.70811214,0.813841269,0
-2.293822804,-0.336550857,0.394506369,0.273935737,1.008991477,-1.438178412,-0.241054215,1.305776578,-1.369199911,-0.202443174,-1.127504247,0.204000381,0.677149974,0
-0.024501014,0.707449941,-0.432822565,0.99509734,-1.870189562,0.726008167,0.736962824,0.502405843,-0.464346264,-1.128256341,0.983504617,-1.520170103,0.866662558,0
-2.89950191,-2.938225381,1.400510283,-0.298185642,-0.008975274,-2.980536133,0.971640112,-0.901911031,-1.58329519,0.749357421,-1.080766172,1.248437272,-0.946933098,0
-3.776849922,-3.824607048,1.875712549,0.832632149,-1.308914963,-3.999973968,0.015882641,1.476359922,-1.944987681,-0.257685234,0.988215965,-2.019721957,0.296013418,0
-0.967427367,-0.708316517,0.210983368,-0.693211244,0.213491832,-0.508771878,-0.142431337,-0.03709897,-0.900235513,-1.732852629,-0.516101439,-0.70793164,0.445787849,0
0.549477064,0.794424782,-0.592884832,-0.03957959,-0.280560831,1.224030293,-2.17406639,-0.976366334,-0.257313035,0.843943792,-0.818209308,0.777176406,0.513408121,0
-3.816976428,0.139581418,0.219853012,2.382367359,-1.687356175,-1.648733074,-1.390095413,-0.524069403,-2.73569446,0.544426372,0.437243218,0.541385371,1.060708866,0
-2.080795611,-0.477731087,0.728147897,1.133406399,-0.501398021,-2.08376718,0.910754099,-0.169253286,-0.539994532,1.795182763,0.439915211,-0.315978522,1.088183569,0
-3.56031305,1.51094644,-0.235378045,0.753131286,-0.25228986,-1.02398084,-1.268364379,-1.769710833,-2.509134755,0.839428919,-0.117103227,0.090178497,-1.954922641,0
-2.623828982,1.594746476,0.134730478,0.573643793,-0.67487536,-1.622584131,0.776235988,-0.765274133,-0.798387943,-0.809077623,-0.880908984,-0.985913541,-0.099712717,0
-2.786857374,-2.96454274,1.381544953,0.168022848,-1.209657461,-2.895787488,-0.957705773,1.240624319,-1.547127729,0.213349276,-0.750301311,0.909250314,0.857616465,0
-2.151113385,0.494363479,0.016450085,-1.900037925,0.959330956,-0.831495563,1.504384838,-0.351280167,-1.472478148,0.207065724,2.086439782,-1.196793534,-2.774477243,0
-2.08024209,1.02252126,-0.06360768,-1.492922426,1.000076558,-0.814999118,-1.266229529,0.224624698,-1.195908098,0.279118425,-0.087728116,0.692732375,0.030686353,0
-1.937918959,-0.292162805,0.284379413,1.035887712,1.186342869,-1.101351966,1.23066157,1.822334303,-1.272355929,-0.65363195,-1.29973821,1.229158444,-0.944926741,0
-1.678011904,-0.571347569,0.30734028,-2.248095193,-0.267436216,-0.980386961,-0.293318868,0.306546277,-1.202305142,2.281057424,0.027496367,1.345654136,-0.440190184,0
-1.057365853,-0.447778665,0.156238288,-0.646288208,0.319233209,-0.502074817,2.149843399,-0.682845084,-0.907095362,-0.325793001,0.391232787,2.317821643,1.178274681,0
-2.37021711,-1.658929629,0.840431073,-0.738124488,0.577844528,-2.007026722,0.197389472,2.116178536,-1.422648404,0.439752288,-0.01928201,0.364795269,0.176031892,0
-0.858525751,0.328984694,-0.164225851,0.212811505,-0.25506482,0.009212976,-0.603864972,0.523559231,-0.872567262,-1.682049988,-2.675054028,-0.293799892,-0.893795623,0
-0.804275333,-0.426501432,0.134792678,-1.647957349,1.037316807,-0.387901804,1.259180029,-0.813320229,-0.718315777,0.537094792,-0.026600977,-1.107932127,0.095118522,0
-3.300646999,1.12246793,0.196523259,0.956173436,-0.188217584,-1.792090163,1.644781646,-1.998837533,-1.603364389,0.232013088,1.314281843,0.053514653,0.930085805,0
0.321082409,-0.021067935,-0.235875857,-1.817756597,-2.314407091,0.634943259,0.711888848,0.668800835,-0.264569339,0.017020271,-0.804652028,0.587118688,-1.347424967,0
-0.680337351,-0.23077301,0.015555594,0.203847533,0.268910871,-0.150488109,0.18194919,1.795035984,-0.731490724,-0.38458295,-1.483477227,0.462052635,-0.524552016,0
-4.365670317,0.030250512,0.690719269,-1.317098197,-0.8944442,-2.836447783,0.48671053,0.306512206,-2.239998765,0.297668915,-0.213113754,-0.457430838,-1.300633705,0
-1.719463974,0.138154285,0.408451558,0.084620048,0.50515107,-1.470840182,0.316446759,-0.531315819,-0.481953848,1.038298412,-0.819844119,0.758713825,-1.766564508,0
-1.598618886,0.004583615,0.289188689,-1.86181926,-1.612368118,-1.11860173,0.143423188,-0.007774944,-0.743730857,-0.523143746,-0.771036314,-0.139878681,0.488661537,0
-0.947194037,0.495267732,-0.179127836,0.193849349,-0.426772281,-0.040974591,-1.337756988,-0.128922116,-0.859290777,-1.807039611,1.379218725,0.978557296,-2.612763088,0
-2.142200472,-2.685709023,1.170445675,-0.842680362,-1.389915034,-2.329020417,0.317011451,0.23349771,-1.24964886,0.407519389,0.13396712,-1.392579025,0.098648935,0
-1.514210971,-0.71521702,0.315547287,0.19609694,-0.67056051,-0.901214435,-0.418267175,-1.355407352,-1.148260059,1.338502927,0.216406185,-1.188437783,0.538576667,0
0.121111201,0.505211237,-0.401904768,0.119372327,-1.351496412,0.768931066,-1.623316922,1.263374816,-0.418805578,-0.373209633,-0.244113775,-0.559917844,-0.119409579,0
-2.058427785,0.72800695,-0.299108024,-0.253865128,-0.029470957,-0.171199221,-0.063735721,0.285406891,-1.925116625,0.706850986,-0.518000683,1.724700054,0.793668546,0
-2.227103767,-1.168852818,0.902324294,0.555731319,-2.61546896,-2.278229971,1.747237329,-1.135391324,-0.792932541,0.032482055,-0.961522687,-0.374173585,-0.580977014,0
-2.867693789,-1.429266954,1.584509931,-0.090732091,-0.389684428,-3.91861891,1.267395183,-0.142289165,-0.016149031,0.134370288,0.406895757,-0.780518853,-0.870212284,0
-2.816584116,0.123523806,0.722950796,0.506363471,0.170798904,-2.495419286,-0.1897783,-0.877696514,-0.745306772,-0.745878506,1.161222273,0.324504322,-1.16739698,0
-1.673969378,2.13536663,-0.609069121,-0.072546615,-0.869220379,0.148335278,-1.699979807,0.212169539,-1.234150457,1.99298212,0.393495074,-0.368767545,0.261632565,0
-1.087887833,0.297587682,-0.287885171,-0.023843768,-0.219058588,0.234507241,-0.00660391,0.377639572,-1.373747768,0.417675101,1.480992404,0.915529792,1.264050171,0
1.636926624,-0.530832949,0.484621095,0.651603521,1.520313478,-0.440353802,-0.368128272,0.523098089,2.120472753,0.0946873,-0.830025953,1.175725871,-1.760880018,1
-2.104945787,-1.282411535,0.679621429,0.798645609,0.293505019,-1.698061156,-1.053955979,-0.182552163,-1.270707437,2.951196598,2.475115746,0.160073747,0.914513098,0
2.084663766,0.988891703,-0.427469298,-0.38480565,-0.578897495,1.223473609,2.032004852,-0.275863325,1.599609055,0.585266868,-1.16257545,-1.483083032,0.083098789,1
-3.131872606,1.382863043,0.186458523,-0.398538753,-1.239171883,-1.81203476,-1.133196013,0.620483524,-1.284161908,-1.026922375,-0.751662754,-0.893114232,0.121244695,0
1.410892509,1.683528823,-1.058293997,0.068370901,0.195105781,2.215706993,-0.253244157,0.745292185,0.114471189,1.269405812,0.030033855,0.093354567,-1.34913709,0
-3.261236768,1.336867748,-0.291757492,0.158391956,0.942174304,-0.748704966,0.642291994,0.715866337,-2.504423859,-2.876032282,-0.728528876,-0.116764121,-0.667223237,0
-2.995837237,-3.746702074,1.722563953,0.965470829,-1.380787283,-3.454719348,0.670877993,-0.131333672,-1.548420627,-0.944795309,-0.418419474,0.956056146,0.075120022,0
-3.080446538,-2.104134228,1.148226105,0.999264806,-0.148085632,-2.75356223,1.525947865,2.984024506,-1.684642497,0.56213476,1.431846498,-0.008076122,-0.295423052,0
-1.679793622,-1.586038278,0.660130827,0.987943754,0.409520762,-1.424570221,-0.426636243,0.736326867,-1.169850614,0.179410842,0.694449383,1.25787846,-0.768598284,0
-2.357730444,1.475687838,-0.571699912,-0.304865978,0.868304315,0.098033781,0.690543131,-1.006412503,-2.239894772,-0.952746596,1.733974448,-0.410565322,-0.362363956,0
-2.508503274,1.038029563,-0.074732018,-0.492441384,0.131725288,-0.918763851,0.563634325,0.219571356,-1.583268802,1.474312939,0.147422441,0.401282416,0.13697309,0
-2.272199315,3.549929129,-0.929274152,-0.235924851,-0.450667153,0.205083519,0.759856505,0.131152705,-1.418924167,-1.541357655,0.975472956,0.578278519,1.502827085,0
-2.185985896,1.915759654,-0.364131235,0.082029929,-0.494910195,-0.477708382,-0.962498835,1.181828294,-1.295661901,1.382137995,1.188061876,0.132684619,-0.550451873,0
-0.891773239,-0.688971955,0.199428518,-0.454573925,0.655018182,-0.46753738,0.97510791,0.258174578,-0.845653711,1.866099624,0.376577977,1.247537146,-0.500479308,0
-1.977747317,-1.300306026,0.666182953,0.494672766,1.434459027,-1.624606053,-0.165802827,0.073178715,-1.203142117,0.332385428,-1.249794641,0.114545701,-0.023859829,0
-0.535995514,-0.115843612,-0.026548571,-0.917279233,-0.23707399,-0.053730908,-1.095079988,-1.271843083,-0.61410939,-1.29280652,0.113964933,-0.142335838,0.981743341,0
-2.152410392,1.473929154,-0.094322764,-0.511693872,1.244548991,-0.924709299,-2.34497227,0.172704417,-0.990837895,1.721692612,-0.274045989,-0.241921127,-1.876690331,0
-2.27699171,-2.61857346,1.162950121,0.661387843,1.342736332,-2.374486641,-0.184186801,1.135235575,-1.334051817,-1.067851371,0.128469885,-1.518225076,-0.01537018,0
-2.18937773,0.111697679,0.918197658,-0.028995685,0.262425511,-2.75310729,0.954662185,-0.603114054,0.231641057,0.106688808,0.673274722,3.727833345,0.772400142,0
-3.450954067,1.055027829,0.310443913,1.338379904,-1.359066497,-2.070112542,-0.514819662,1.532533091,-1.529368916,0.092121282,-1.810422882,0.847637815,-0.950238721,0
-2.734710533,-1.946689143,1.004323401,-1.55684779,0.122881306,-2.38278128,-0.050719019,0.024928244,-1.588054542,-0.261127682,-0.100778012,0.025310098,0.080476309,0
0.279902499,1.78451987,-0.871737835,1.242702871,0.850117103,1.430895947,-0.551055679,1.875858357,-0.379200867,0.726318959,0.967822966,0.48852017,2.478184648,0
1.046300928,0.03856326,0.537482331,0.521817422,0.49506843,-0.930603695,-1.018780577,-0.699266656,2.148402852,1.210719204,-1.426196022,-0.818887487,-0.442650696,1
-1.454301545,2.546012595,-0.48397258,0.230768539,0.055154557,-0.216217153,-0.078511705,-0.432283329,-0.455076637,-0.406242873,-0.239627881,-0.607628685,-1.227458713,0
-1.126877484,-1.28531254,0.4694312,-0.285266526,-1.185108602,-0.938219885,0.391199036,0.915592147,-0.890370642,0.583857577,0.400629726,-1.621327844,1.254876412,0
-1.030803958,-1.340440751,0.481426538,1.638429109,-0.029520861,-0.918344882,1.013712574,-0.168110194,-0.820717677,0.922387232,0.831263034,1.268327953,0.521588764,0
-1.963807305,1.807075428,-0.429705133,-0.939609517,-0.542083555,-0.226733243,1.812907221,-1.447396092,-1.329909979,-0.568705707,0.966278739,-1.613016814,0.069478116,0
-1.183967315,2.713865189,-0.891611852,-0.081912296,1.262277891,0.727255928,0.925804642,0.050426764,-1.008299717,-1.109307532,-1.78088164,-0.816184172,0.152133719,0
-1.850698134,0.603444684,0.284771353,-1.232158025,0.367655547,-1.391640169,0.599101633,0.920000985,-0.526681252,1.705717761,0.923096947,-0.587442443,-1.323795445,0
-1.531072751,-0.2362345,0.793825017,-0.143557509,-0.24889332,-2.158944216,0.725789265,-0.443273507,0.26770177,-1.103404786,0.752967512,0.012246941,1.50847324,0
-1.750239608,-0.257083087,0.382032092,2.933605706,1.056164044,-1.280986759,-0.076925756,-1.905573353,-0.863175683,-0.316276543,-0.290303269,0.201492323,1.286798853,0
-3.43181513,2.868730314,-0.251236323,-0.934005502,-0.351513377,-1.427837788,-0.76914528,-0.823861311,-1.418829916,0.720013532,-0.407660579,-0.516709109,-0.219526582,0
-2.835604338,0.407520196,0.684448459,1.125727429,-0.352655487,-2.51333802,-0.771229294,-0.433712907,-0.636280602,1.054900718,2.444981301,-1.148848268,0.501336627,0
-1.306370473,-1.741086973,0.676630919,-0.985772136,-0.129539741,-1.299806078,0.648612025,0.794441109,-0.922491919,0.157847512,-0.961915511,-0.824191964,-1.112245266,0
-2.669874161,-0.02913119,0.442245507,-0.644808936,1.930658259,-1.762898629,0.737934926,0.070864997,-1.360967526,-0.417234835,1.370791834,-0.300318143,-1.178436713,0
-0.485178917,-0.098615706,0.166971645,-0.052482682,-0.246290143,-0.483985649,-0.438408888,1.510286651,-0.12267764,-0.621159243,-1.915869026,1.457101826,-1.123901125,0
-1.81301654,-0.650074289,0.396197987,-0.159971026,-0.196146431,-1.193193172,-0.041311063,-0.748313978,-1.179605844,-1.203356389,-1.05546402,0.288171296,0.029425051,0
-1.708695449,-0.415760486,0.29567541,0.370613972,-0.869129242,-1.017431394,0.759770859,-0.556814758,-1.139115674,-0.416594046,0.113494346,-1.175979804,-0.687523832,0
1.500939417,1.877856636,-1.150019435,-0.182116231,0.601036217,2.381444988,0.895707423,0.937865539,0.132382085,0.26134939,-0.899556671,-0.505163828,1.032212478,0
-0.402054888,0.638043988,0.144827758,0.723688227,0.220926662,-0.668522486,1.50850553,-0.117456057,0.45019174,1.15043652,0.243207307,-1.092962791,-1.013352616,0
-1.635163651,-1.655173418,0.708826237,-0.323117606,0.475312515,-1.497844247,-0.630000906,-1.285390479,-1.073235226,0.477389931,-1.756809845,0.455814813,-0.594711487,0
1.506417019,1.44046153,-0.251679836,0.29731402,0.888278984,0.499402962,0.608784447,-0.314590291,1.826193615,-0.175714532,-0.831229548,-1.322982178,0.859515175,1
-1.019780854,-0.623897891,0.247280575,0.173905656,-0.279002935,-0.635839444,0.446997375,0.169164974,-0.80149046,-0.205335184,-0.417411881,-0.381155745,-1.006527431,0
-3.630162317,1.416096167,-0.171035264,1.564680258,-0.327115343,-1.156733165,0.804134642,1.108495917,-2.496579031,-0.168766085,1.517772784,0.396338162,0.138405725,0
-1.8300065,-1.598778409,0.754503138,-0.814600857,-0.85997548,-1.677445934,0.772985909,1.84230959,-1.098795695,0.612549002,0.335646634,-0.583188587,1.427723505,0
-1.925657383,-0.325143163,0.282114487,0.111686208,-1.22389957,-1.081094777,-0.392584507,-0.464338018,-1.291352228,-2.322982199,1.397047572,0.408899154,-0.093449325,0
-2.091854681,-2.077505145,0.94077773,0.164583095,-0.640941449,-2.007274809,-0.262685784,-1.102797485,-1.266918055,-1.948114202,-1.163281712,-1.555694031,-0.13119704,0
-1.587706403,2.196370964,-0.719846068,-1.288741896,-0.414205001,0.403013249,-1.108187108,-0.596125779,-1.361823778,1.196526787,-0.364426852,-1.069208925,0.469480218,0
-3.447183225,0.360388739,0.669598079,-0.054007202,-0.278603703,-2.639535923,-1.172288152,0.233914916,-1.238848291,-0.416462735,0.009526377,0.60430428,-1.313719345,0
0.160351977,0.187487999,0.71459753,-1.464369525,-1.825813539,-1.640150337,2.296760821,0.430259628,1.88331637,0.313592677,0.524087334,2.156085208,0.456775884,1
-0.358940052,1.253506028,-0.269749536,0.153681763,-2.31939814,0.067923717,-0.450418887,0.624910088,0.017152334,0.269317238,-0.71242859,-0.223423473,0.253592942,0
-1.039395323,-0.737548187,0.259826084,1.407819509,-0.688723046,-0.630031474,1.121717276,-0.647150039,-0.875318291,-0.467619014,-0.423252624,-0.261615187,-0.964303351,0
-1.562850579,-1.158778837,0.50638698,-0.740904931,-0.208803823,-1.192240095,0.189410906,0.391072991,-1.09370241,0.009582896,-0.606362289,1.155129086,0.233902287,0
-1.651888234,2.752286416,-0.90822381,-1.468021649,-0.222394151,0.616447245,-0.654984489,0.847111207,-1.425499691,0.389847649,-0.363249182,0.048683885,0.463460356,0
-1.589893107,-1.870807467,0.777647201,-1.255778435,-1.245720015,-1.565119761,-0.099334446,0.304200986,-1.040276502,-0.132453986,-0.344834173,0.551668207,-0.654755197,0
-1.831551487,2.097330402,-0.687945518,0.66625854,0.511235732,0.295110283,-0.895704601,-0.103302784,-1.577127823,0.730602779,0.896278558,-0.635557297,1.613080783,0
-1.07871201,-0.318603744,0.14040348,1.243977713,0.085316705,-0.517692387,0.329620856,-0.412345605,-0.864826361,0.568170267,-0.563988851,-0.414672232,1.05157912,0
-0.950064412,2.556770768,-0.316117929,-0.586008448,0.540136322,-0.455191906,1.399441679,-0.710221331,0.369889939,-1.423492366,-1.043763098,-1.071986386,0.304362558,0
-2.287304051,0.774249991,-0.012981815,0.560414632,-0.5296082,-0.90234218,-0.747424246,0.45041196,-1.448488432,1.24113432,-2.128590209,0.788864216,1.10877666,0
0.936946049,0.443401346,0.039277986,0.720084734,0.750494402,0.0254832,1.160948395,-2.361760111,1.237343568,2.362287842,-0.034259104,0.368799265,-0.147986449,1
-2.735207335,-3.154366185,1.426014875,-0.220982404,0.09052408,-2.915064912,0.296522248,-0.746163372,-1.543964361,0.61057424,-0.323406506,0.872174134,1.281704664,0
0.295462446,0.02239024,-0.258073375,3.222928442,1.166035006,0.662628054,-0.506438044,0.563286905,-0.304301388,0.739032053,-0.427673085,-0.538201963,-0.120359248,0
-3.122203241,-0.013769084,0.741632854,-0.545027573,1.104214521,-2.577730921,0.560361951,-0.899196096,-1.072770765,-1.256269145,-1.304793774,1.435740061,-1.183030665,0
-2.797775217,-0.355753112,0.79715558,-0.660331263,-1.203566896,-2.489939549,1.590941359,-0.2531485,-0.920202886,0.118049467,-1.216962577,-0.57375555,1.987534161,0
-2.648710758,-3.055918046,1.389702644,0.295532475,-1.113714589,-2.842341253,0.424768074,2.871475377,-1.476405626,-0.626364756,0.907769999,-0.351922373,-0.340797055,0
-1.2385095,1.32195123,0.034051027,0.932901661,-0.137225177,-0.898812013,0.289454949,0.585168744,-0.018207084,1.509994324,0.262986124,-0.893745282,-1.158655097,0
-2.414374844,-2.622153,1.185776421,1.218216411,-0.475901046,-2.464627212,-0.382140808,-0.390137028,-1.40547955,0.320460694,0.115437364,0.065034515,0.06666271,0
-2.890968471,0.451318298,0.6477415,0.479119128,-0.729657882,-2.461448876,-1.027994073,0.037092342,-0.734287304,-0.211910593,-0.709842659,0.391284957,-0.654603021,0
-2.563054455,0.833200473,-0.061551497,-1.138150645,-0.383368824,-0.892450161,-0.212012892,1.158149556,-1.754251328,-1.388940519,0.410953331,0.111610857,-0.928763,0
-1.661575865,2.128659723,-0.749269935,2.050396651,0.51464024,0.472212436,0.388168033,-0.075352241,-1.54289849,-0.852333678,-0.147376225,1.722709711,0.578913024,0
-1.37526266,-1.765811462,0.694558107,0.17828649,0.208696304,-1.351651441,0.512671766,0.867798499,-0.960887933,-0.685571819,1.814804653,-0.705525276,0.49885456,0
-3.136767951,2.136841632,-0.401272012,0.621256094,0.291965862,-0.745413826,0.445643504,-0.339204765,-2.044212275,1.186893078,1.345184655,-0.831478673,0.429006848,0
-1.19860167,-1.36721906,0.521880635,-0.75329095,0.195003211,-1.04908765,0.638589002,-0.368575744,-0.896473506,-0.576664646,-0.857229752,1.581317893,-0.454364034,0
2.024602754,1.528252881,-1.120454896,0.768628777,-0.930171531,2.588256093,-0.712240909,-0.357173488,0.39500227,-0.538640395,0.889198999,0.85786094,1.868532745,0
-3.014934693,2.393130452,-0.612599877,-0.169979186,-1.858125014,-0.321035024,-0.706853402,0.714816688,-2.220633648,0.504257244,-0.31519206,-1.086410953,0.491557919,0
-3.891539525,-3.314598795,1.755673783,-0.167951273,0.017880265,-3.939965267,-1.965353643,-0.405842219,-1.933712567,1.553868905,-0.13782902,-0.262030318,-0.213184962,0
0.252492564,0.220010619,-0.185956291,1.937384241,0.04191804,0.417276033,-0.081942482,0.442753321,-0.032481802,-1.19999558,-0.511197799,0.100048628,-0.202720029,0
0.69688222,0.28290227,0.66258752,2.524970397,-0.816781478,-1.400935365,-0.641667546,-0.519420174,2.306381805,-0.030572784,-1.311621377,-1.168000284,0.344378865,1
-3.623127169,-3.956346033,1.902521602,-0.065562078,2.188077216,-3.970154915,-0.368340324,0.911092526,-1.848950445,0.242298438,0.275032971,-0.54930549,-0.464547924,0
-1.556385394,1.494585699,-0.656034823,-1.046857958,0.186614826,0.513823681,0.227421268,-0.632444192,-1.715230348,0.146340924,0.997350657,0.121009243,0.363672648,0
-1.921810599,1.473466276,-0.463798427,-0.434327021,2.032870644,-0.020129149,0.339598609,-0.227729008,-1.618791305,1.188119057,0.813287456,1.224854761,0.769682019,0
-0.926313067,-0.546660776,0.179769162,0.455371448,1.644718412,-0.482901605,0.971666365,-0.363798011,-0.813680017,-0.779932253,-1.7592881,-0.747870289,0.263103233,0
-1.870256663,0.980018979,0.00976132,1.001857194,1.717119154,-0.905879852,1.326826735,0.214766492,-0.879653516,0.690360625,0.651033858,0.020887163,-0.447577179,0
-1.513623572,-0.658970356,0.317589623,0.617028497,-1.054734228,-0.925431886,-0.79646894,1.313643046,-1.101172977,0.370917559,-0.568525297,1.427322285,-1.624310358,0
-1.208757436,-0.221162915,0.114114534,-1.843125785,0.894981972,-0.529814046,-0.722989219,0.267797665,-0.964626226,-0.703826017,-1.052471693,-0.552959433,-0.658663347,0
-3.147760484,-2.917622814,1.428653732,0.582032289,-0.89370231,-3.123213813,-0.671876057,0.358201359,-1.721561558,-1.579340431,1.208175403,1.167164547,0.881810933,0
-1.015040982,-0.132927241,0.025444462,1.559791456,1.459888832,-0.303835864,-0.664805886,-1.02357086,-0.928535341,0.254773349,0.417904512,1.195947201,-0.280418168,0
-1.521792207,2.411352621,-0.590644202,-0.660164087,0.657912632,0.053518162,0.089710569,1.516744798,-0.853880684,-0.942261194,1.872448661,-0.850723991,0.15916526,0
-0.013749451,0.077699902,-0.200265417,1.695223432,0.084962438,0.422903493,0.055143846,0.38007414,-0.403326979,1.429685115,0.555994964,-2.685688208,0.842157738,0
-2.003616297,1.699856697,-0.342238285,-0.330585338,0.151608069,-0.398915935,-0.109138585,0.539042591,-1.248472788,-1.545803676,0.129775732,0.539790733,-0.513274137,0
-0.479077261,1.035014568,-0.020703608,1.603369492,-0.476223881,-0.454777938,1.006335569,-0.233843215,0.307899652,0.927649489,0.117997576,0.284964915,-0.889576485,0
-3.67859812,0.589389832,0.274513231,-0.801789108,0.160144165,-1.890756031,-0.979565315,0.05262213,-2.156404891,2.930320285,1.84580132,-1.074989567,-0.002343403,0
-0.47074589,-1.315463942,0.331603539,0.859946028,-0.92267475,-0.425783605,-0.564112539,0.176656428,-0.649152219,-0.029223995,1.153801118,0.315915475,-0.299866234,0
-2.052062563,0.112206629,0.456039109,0.4164305,0.409869989,-1.66559391,-0.483494878,-0.195183951,-0.684996953,-0.468844654,-1.665797303,1.561870121,-0.546183013,0
-2.134889094,-0.031835352,0.231937507,0.102803285,1.87722055,-1.130680791,0.692499714,-2.012348509,-1.367670771,-0.054708471,1.265503489,1.043995191,0.928790598,0
-1.556720257,-1.228232696,0.534525672,0.161303916,-1.246963699,-1.22989027,0.557843744,0.037252722,-1.077067183,-0.235740268,-2.072790899,0.160941197,-1.658471876,0
1.272392223,0.444173245,0.52601139,1.950857095,1.808300871,-0.98182773,-0.071381782,-1.175462384,2.622914719,-1.21723865,0.724950354,-1.220734567,1.185076267,1
2.075548283,3.223062349,-1.71313041,-0.292928635,0.669497557,3.351755656,0.735598995,0.442992706,0.375011983,0.125852804,-0.43149738,-0.099472974,0.386691539,0
-1.210599962,-1.469563268,0.549813224,-0.167932979,0.846393768,-1.079948239,-0.607490435,1.84374103,-0.920686332,0.43308589,2.801220725,-0.228470146,-1.170287706,0
-1.329342541,-2.272899738,0.911667624,0.689417324,0.856455059,-1.652660673,0.386811691,-0.119942087,-0.812241935,-0.963353208,0.009012004,-0.742541369,-0.466126703,0
0.37147964,0.256624523,-0.330923858,0.956905147,-0.214142589,0.767498068,-0.093883931,0.895853902,-0.226500099,-0.73897751,0.412429846,-0.425688964,1.488232717,0
-3.491597394,0.24939478,0.419995543,1.968858851,0.226583929,-2.047318077,-0.705328331,0.186506217,-1.920521506,0.073740786,1.002721415,0.118027714,-0.608628287,0
-2.716491514,2.482018106,-0.322985824,-0.212407424,-0.108621798,-0.922943625,-0.522502342,-0.19703686,-1.243860818,-0.288516475,-0.402096104,-1.298719635,-1.618111818,0
-4.544837451,-3.904693426,2.06767857,-0.456265269,-1.067506095,-4.62873473,-0.938697779,0.747079478,-2.244715807,0.568838017,-1.065102828,1.163281932,1.215069645,0
-3.062608935,1.829504318,-0.253192228,1.264915895,-1.312608267,-0.951889418,-0.076993664,-0.322241154,-1.876658999,-0.59164364,-0.007237313,-1.345627918,0.951552078,0
-2.627108373,1.641933,-0.120531472,-0.522872813,-1.202209048,-1.061222446,-0.414242656,1.065418039,-1.338745914,-0.348645091,0.117957303,-1.047171415,0.691515856,0
-0.573377393,-0.355152927,0.008243558,1.239861201,0.841823167,-0.059364445,0.669309469,0.300474194,-0.747351369,0.656921032,-0.204275011,0.069326905,-0.540266249,0
0.333793197,0.740336391,-0.486377076,0.51216334,-0.766291905,0.939269344,0.257348751,1.433107931,-0.247072029,-0.190315553,-0.106058476,1.521176291,-0.779383067,0
-0.756950017,-0.713515188,0.199376172,0.041751488,2.445938931,-0.419904416,-0.989131147,0.501604488,-0.746359811,-0.179673044,-0.118336345,0.447494336,0.442384723,0
-1.869483683,1.329895227,0.016456144,0.564650722,0.571995637,-1.043725093,-0.849875925,-0.512029514,-0.602752041,-0.893588125,-0.216206918,0.253568228,-0.009371559,0
-2.763122399,0.065119124,0.297061415,0.289669812,0.100675503,-1.493654976,0.616025709,-1.394559513,-1.697776922,0.065931109,-2.655082018,0.433046379,0.313238249,0
-1.254189779,0.178263991,0.140507903,0.607127304,-1.678394042,-0.743064363,1.213267192,-0.172207743,-0.646883855,-0.410162223,2.733890428,0.42997423,0.611669508,0
-0.963946629,3.780159243,-1.63667128,-0.239080706,-0.220776604,2.105856705,1.106406316,0.697614475,-1.691771236,0.732889811,-0.199116238,-1.37743665,-0.962623278,0
-1.347412859,-0.808459567,0.333326745,-0.25407299,-1.59687182,-0.860667104,-1.644475101,-0.839636462,-1.032324024,0.131659261,0.038530278,-0.360720432,-1.246735869,0
-2.124243295,1.043383027,-0.032046208,-0.475354763,-2.106043858,-0.906594698,1.500256991,-0.905285022,-1.147944166,-0.236862867,1.468647015,-0.566999168,-2.137448706,0
-0.936295892,0.787536729,-0.286064244,-0.135499725,0.073849693,0.102026223,-0.529989517,-0.084848473,-0.871505395,-0.932775364,0.063136644,0.37290391,0.611970874,1
-1.096984268,1.250040499,-0.37394554,1.164936784,-0.048532526,0.092523512,1.823382953,2.533710829,-0.863713391,-0.941556681,-1.522899714,-0.034722128,-0.181722495,0
-4.221255976,0.578316614,-0.073352942,-1.134252703,-0.755859387,-1.254525698,-0.208786757,0.49558971,-3.419042983,-1.561966596,0.912828161,-0.728604315,1.464089351,0
-1.723353928,0.82371976,0.507177787,-1.545229115,1.299181253,-1.936641541,-0.915967581,0.598174603,0.247977267,-0.61538731,-1.910254181,0.492483485,-0.470673145,0
-1.684839968,-0.088350084,0.202347299,0.617323267,0.729563165,-0.913895998,0.416302212,-1.986159928,-1.08324748,-0.277999046,0.384277556,-1.564318838,1.423439977,0
-1.854510497,-1.23646285,0.640860879,1.199769778,0.673887784,-1.554052717,-0.482274798,-0.298431416,-1.104676591,-1.46682597,0.037972654,-1.120034057,0.661516621,0
-2.577199842,0.250418753,0.376538151,0.119948317,1.000543957,-1.685338519,0.608137554,0.086020849,-1.218762505,-1.786957664,0.625656761,-0.425717741,0.085569741,0
-2.187334066,0.039865673,0.140469307,0.956496476,0.67688282,-0.963562687,0.913889742,-1.558356445,-1.565162785,-0.53235567,0.968623786,-0.71385416,0.297352543,0
0.388709478,1.356707827,-0.736747798,0.605398142,-1.273185691,1.306414374,0.761514034,-0.005483638,-0.300702501,-0.146558154,0.022316557,0.049466408,1.83926104,0
-2.167370896,0.678805661,0.590138328,-0.132806302,0.477811846,-2.20197184,0.043652734,-0.251779074,-0.06181315,0.223038025,0.068931052,0.430077648,-0.653690687,0
-2.301456855,2.762737772,-0.959069123,2.49124833,0.85316682,0.540694404,0.056496341,0.500183422,-2.099013143,0.268293219,-0.564309894,0.927715919,0.200034162,0
-0.643778541,2.098098351,-0.399108827,-0.169589154,-0.929179815,-0.017530154,0.392157806,0.880730903,0.108721603,-0.370561753,-0.687070198,0.144237932,1.791887444,0
-2.03314667,-1.829728205,0.833472064,0.77120339,-0.164026827,-1.834017543,0.864317094,-0.571282569,-1.2714274,-1.457486454,1.060844312,-1.077959232,0.30178282,0
-0.465434474,0.161005063,-0.144556929,0.683593167,-0.798362305,0.137006453,0.94670656,2.132595114,-0.610577359,0.334684443,0.985273181,-0.316528253,0.826432288,0
-0.813918666,-0.706678795,0.180669437,-0.100129907,-1.959982523,-0.396316973,-0.701753248,0.399052722,-0.83297554,-0.830542704,-0.760832389,-0.864781763,-0.889970126,0
-1.184782383,1.815286822,-0.470905152,-1.193627213,0.87940058,0.088550136,-0.25556531,0.114734874,-0.73593456,-1.957596294,0.09805549,-0.297978667,-1.645476087,0
-0.960294811,1.208672149,0.442459122,-0.056602639,1.393696751,-1.704949992,-0.949887756,0.772474012,1.056504422,-1.727997859,0.615478005,0.9030218,0.461543838,1
-3.200863178,0.229666871,0.264356383,0.607255018,0.598092273,-1.603560469,-0.407031827,-0.108584162,-2.03056781,-0.091389672,-1.053206396,0.175542244,0.87550505,0
-0.787839488,2.293452276,-1.225639616,0.892329653,0.272816732,1.746696962,1.086768965,-0.168216772,-1.72569268,-0.355408906,1.07058267,0.769204649,-1.610553201,0
-1.822742477,-1.824665002,0.778577984,1.074625342,0.989603987,-1.6506098,1.907189762,0.566837829,-1.207075648,1.000562878,0.176189319,1.188951175,0.329424394,0
-1.392247352,-1.773450981,0.692156235,-0.535403703,0.919193937,-1.348421068,1.914364048,0.377802594,-0.986812224,1.338502718,0.988023743,-0.747293521,-1.389595607,0
-1.178412597,1.423607733,0.214944058,-1.19203391,0.968957116,-1.327407285,0.201085659,0.41594789,0.516029017,-0.215299585,-0.148935431,0.449231013,0.379899657,1
-1.567244293,1.600060792,-0.49582326,-0.817808797,-1.056338867,0.110319031,0.759136622,0.332436911,-1.286507893,-0.933575252,0.028103904,2.179205112,0.751904227,0
-1.106061522,-0.960072236,0.354643235,1.155061481,0.830392864,-0.786132664,-0.902488413,-0.304137703,-0.886925536,-1.391429472,-0.053204302,0.908128616,0.271520256,0
-2.132354434,2.310918059,-0.534889167,0.685706026,-0.204121585,-0.213783356,-0.431084476,-0.061334156,-1.33694,-0.350172925,-1.925643025,-1.540669726,0.830530604,0
-0.685264192,1.47177944,-0.368347049,-2.181175238,-0.002945411,0.120720419,-1.058858009,0.263265488,-0.32607476,1.1974232,0.695292727,-0.281194012,-0.259084059,0
-3.833970611,-1.022499896,1.569524458,-0.264349419,0.043587664,-4.306255417,0.519530433,-0.107293943,-0.589895087,1.190004573,1.591308811,-1.782875016,0.072399599,0
-2.249008306,0.267332085,0.426367108,1.283888783,0.456770778,-1.70960338,-3.335901549,0.79115365,-0.807742657,-2.486166568,1.120056638,-0.262849066,1.473737578,0
-1.372644359,-0.691373339,0.303465336,0.214850508,1.241367213,-0.841350252,-0.07034142,-1.375365349,-1.033943881,1.231765874,-1.135411572,0.568877836,0.497922031,0
1.003736573,2.067521898,-1.138061847,-0.948759088,-0.232310905,2.14427834,0.121852006,0.073200425,-0.133374309,-0.448359597,0.392439191,0.095848535,1.333578573,0
-3.172378802,2.333832054,-0.699541025,1.286284436,-1.814761787,-0.148463201,-1.397092726,0.044318683,-2.597458699,-0.969538712,-0.216183464,0.790386096,0.846627361,0
-0.551502703,0.232570846,0.24108666,-0.37529517,-0.352304873,-0.787517696,0.062945097,0.174515662,0.232946714,-0.379891209,0.115860759,-0.470830377,0.541379373,0
-2.932113088,-2.994510689,1.433323208,1.011098533,0.189302691,-3.044587848,-1.54969431,-1.299412908,-1.580172411,1.317837392,1.305968152,-0.403445365,1.4017903,0
-3.157035609,1.693417068,-0.287085247,-0.307142509,-1.389875733,-0.854470047,0.144823855,0.696634841,-2.136759756,0.889294785,0.477211246,0.023723627,-0.058611422,0
-1.865100141,-0.716565417,0.42643658,-1.712117068,1.611878674,-1.25343972,-0.159624184,-0.165980712,-1.206882623,0.906875608,0.399710901,-1.025517877,2.042460873,0
-1.661212231,-1.217249203,0.585289433,-0.300480411,0.034415844,-1.379013604,-0.553290275,0.037082104,-1.046218151,-1.101077458,-0.839383504,1.479116203,-1.126332034,0
-0.601662149,-0.653568227,0.15182828,-0.996892889,1.292234175,-0.288332966,0.101690024,0.89337481,-0.672681733,1.207818752,-1.152821356,0.567535183,-2.097921484,0
-4.112611275,-3.286004588,1.760541441,0.106099088,-2.510596255,-4.024822282,-0.670581549,0.202773647,-2.094494795,0.344231605,-1.145438547,1.216001897,-0.978443853,0
0.25905712,0.438413484,-0.400792948,-0.964525593,0.304133728,0.829665688,-1.528040408,0.685488218,-0.345718552,-0.064518271,-1.029412595,0.742410139,0.355883359,0
-1.918282106,-1.212035208,0.636813805,-0.683933657,-0.014707348,-1.571851367,0.298572519,-0.907964522,-1.151208634,-0.579915389,-1.33391881,-0.911735679,-0.408956357,0
-1.009698142,-1.538387346,0.521027705,-1.535826484,-0.804689039,-0.932539368,1.787113422,0.625292441,-0.861215386,-0.019063398,1.207288311,1.133149537,0.06582268,0
-3.757451954,1.871436182,-0.870256299,2.001022739,2.601834188,0.232306213,0.512275342,-0.504663374,-3.836610788,-0.535992731,-0.107484718,-0.270416893,-1.017314889,0
-0.542277781,-0.317851899,0.005644285,0.600339277,1.12634344,-0.057599272,-0.223703842,0.158582653,-0.698177847,0.349199061,0.075010584,0.998534872,0.185754538,0
-1.789323234,0.178710894,0.06193296,-0.10223421,-0.74058154,-0.719405913,0.024641567,-0.723788789,-1.29015167,-0.799740148,-0.370980709,-0.853528308,1.523945809,0
-2.619510512,1.616677398,-0.364774053,-1.361636548,0.653437371,-0.496268919,-0.052063541,0.014079798,-1.898964347,-0.27232461,-0.268668616,0.715478432,-0.122886042,0
0.252338871,-0.232292564,-0.146793988,-0.014307061,1.283601068,0.487280564,-0.475123161,-0.400257823,-0.28242291,-1.640167331,0.3743781,0.492027096,-0.865875582,0
-3.298907379,1.066091309,0.096505611,0.323452364,-1.003787815,-1.544968188,-0.943940643,-1.109839489,-1.868340108,1.833114148,-1.479089288,1.099415602,1.881621289,0
0.384179095,0.990471771,-0.609528012,-0.315169955,-0.205269924,1.145231254,-0.613987194,0.357610776,-0.292639397,1.324940112,-0.51514038,-0.757050409,0.776778296,0
-2.000178476,-2.155486793,0.949197159,-0.826505812,0.80611193,-1.972532204,0.233917198,0.808215017,-1.226189781,-0.332283443,1.441772856,-0.51255834,-0.014812973,0
-1.519348528,-1.940244593,0.761169952,0.029500259,-0.926891853,-1.483013828,0.598957946,-1.5804517,-1.067482174,-0.708213379,0.356997993,0.303068876,0.329314279,0
-2.016837759,-1.623900386,0.751520738,-0.771308335,1.581137991,-1.715756359,0.728645078,0.32897225,-1.287392932,-0.755577746,-0.267623939,-0.097640313,-0.425969766,0
-2.02928872,-2.043526756,0.917025571,1.811221387,0.73833686,-1.94729484,0.986915193,0.340816394,-1.240207058,-0.366414158,0.344309828,0.490433417,0.774141316,0
-2.689374074,-2.266045712,1.111854018,-2.266277689,-0.43320517,-2.501393113,0.314908642,-0.210430606,-1.545622457,1.368924014,-1.235366616,-0.307197238,1.121790491,0
-0.637330434,0.056717799,-0.145396001,-0.11941767,1.270086148,0.125948903,0.223679696,-2.010027623,-0.8404255,0.346533147,0.140205126,-0.448490431,0.898296871,0
-0.608888397,-0.728319516,0.157339965,-0.412745602,1.679511047,-0.276662336,0.801096716,0.936800591,-0.722432422,0.947073045,0.05644458,0.834784152,-1.38071678,0
-2.591653956,-0.188327128,0.191844355,-0.187598821,0.326670922,-1.116562117,-0.935435405,-0.12614155,-1.973327944,1.688311811,-0.605962984,0.379833455,0.567305625,0
-2.75899355,0.304988369,0.566709342,0.484597103,1.037275381,-2.188217563,0.087341456,-0.229281382,-0.910093928,-0.885871614,-0.532318141,-0.818390255,-1.136270189,0
-2.645376031,-2.209805149,1.097926098,-0.110781052,1.315419901,-2.476868036,-0.407131499,1.36850108,-1.496463445,0.647956796,-0.195497633,1.298271567,-1.399312474,0
-3.451824645,1.106475848,0.31957774,-0.101579589,-0.940067455,-2.109147203,1.346212766,-0.141876726,-1.471226595,0.522479823,0.422928609,-1.547531025,0.530378692,0
-0.528936158,0.959463244,-0.820168944,0.914810536,0.798907673,1.370395002,-0.574022344,-1.28914501,-1.585775348,1.717444428,1.015420415,-0.788881535,-2.033451428,0
0.647192047,1.045793077,-0.530220502,-0.343903061,-1.406175186,1.021822463,-2.885750244,-2.542519032,0.156277244,0.090753047,-0.12919831,-0.04921975,-1.246053775,0
0.161614027,0.952564255,-0.526226693,1.552373367,0.976074806,0.905429415,-0.766074248,0.566801743,-0.328394769,0.196739883,2.708453522,1.672835142,-0.891151204,0
-2.224597118,-1.704275004,0.795844532,0.425087552,-0.79801538,-1.847978556,-0.438530718,0.226925626,-1.429376154,-0.553634329,1.890559905,-2.438379618,-0.753159372,0
-1.659904577,-0.107323592,0.273774643,0.210512058,-1.373729272,-1.062020923,-0.700611159,-2.059803973,-0.915378631,0.536949571,-0.223948918,-0.084064627,-1.502611964,0
-0.932938352,-0.630157094,0.199495589,-1.301343988,-0.088652479,-0.500222194,-0.08070148,-0.445638673,-0.837541544,0.141613423,1.949804797,0.010142386,1.35621756,0
-1.22576255,0.008672594,0.053390661,0.536215121,-0.522040576,-0.477734918,1.343716194,0.716365564,-0.944132668,1.551779919,-0.916642019,0.959966344,0.729826435,0
-2.652657838,-2.22899976,1.120499118,1.767544653,-0.314439878,-2.523417953,2.107557,-0.229012073,-1.466506046,-0.74597011,-0.160270298,-1.226437765,-0.096885929,0
-2.181924075,-1.90833254,0.920920303,-0.241301455,0.492624493,-2.04764355,-0.063768342,-0.790590311,-1.263826186,-0.851386975,-0.710791494,-0.398448487,0.347064519,0
0.160377534,0.583825582,-0.431119056,-1.49347716,-1.365603703,0.818899166,-1.900470279,-0.298435296,-0.391372517,-1.30817411,-1.149295605,-0.381125899,0.688017721,0
-1.186370346,-0.83275708,0.325098601,0.884834006,0.316977454,-0.787015656,-0.048561759,-0.783075389,-0.928294407,-0.328331897,-0.531090381,0.251830238,-0.530756133,0
-1.503430887,-0.447382818,0.197733157,0.36590634,-0.66543093,-0.724997132,-0.604393146,0.273580823,-1.203225903,-0.807378773,1.31423184,0.661352045,-0.395538921,0
-2.296702412,-2.126500821,0.990071192,-1.381743641,0.252818905,-2.160948337,0.279008887,0.506647989,-1.371781997,-0.238501433,-1.396043815,0.483178537,0.922413321,0
-2.777060024,2.918929352,-0.675986517,-0.226564276,-0.83452965,-0.293339307,0.686314805,-1.679899241,-1.762584435,-0.033294008,1.286430463,-0.879396823,1.790856013,0
-1.819727276,-0.167814161,0.86577473,0.840779372,0.690822315,-2.429413722,1.891686899,1.884346083,0.228145248,-0.489083494,-0.385328776,0.501744617,-0.63628035,0
-3.0140279,0.151939935,0.213929583,0.232660092,1.246596314,-1.408004702,0.446860116,-0.325462532,-2.038582818,1.480492153,0.640746381,-1.773238578,-1.054199028,0
-0.537941162,0.035214392,-0.121183379,-0.16185364,0.107883907,0.107264269,1.195621819,-0.56484545,-0.715362458,-0.235322033,0.423886918,1.837162833,0.721401909,0
-1.970001739,-0.750601357,0.483138332,0.040798218,0.447266558,-1.400335338,-0.59482031,0.855189053,-1.196678392,-2.485794912,-0.585521562,-1.839992249,-0.266063656,0
-1.646880659,-2.403772634,0.941952877,-0.961910374,-0.799350792,-1.766979216,0.500298769,1.007632066,-1.119287581,-0.417949531,-1.499068071,0.241564281,-0.568083779,0
-2.709302299,-2.501395793,1.217146522,-0.725773672,0.705287019,-2.66326233,0.509760278,0.091485896,-1.502488032,-0.212333967,1.022583257,0.423431698,0.433447443,0
-2.125118968,-1.915270101,1.500922489,-0.600156495,0.107808328,-3.344143697,-0.100841348,1.061795338,0.081929651,0.241323203,-1.558229849,0.677766566,0.265006359,0
-1.017474374,-1.455110026,0.497677555,1.49496601,-0.330075728,-0.911078586,-0.80752516,1.40627971,-0.858223908,0.80513186,1.046105017,-0.148577578,-1.22685339,0
-2.352711581,1.08354279,-0.058741743,0.901619449,-0.814071222,-0.926068865,-0.309328493,1.233039133,-1.377368181,-0.038169587,0.768116952,-0.163407231,0.180910675,1
-2.041887772,-1.586320674,0.802373699,-1.471476532,-1.346808607,-1.851505728,-0.056843579,0.732938818,-1.167115194,-0.15750217,1.506248623,-0.788429127,-0.47889008,0
-1.485775277,0.092296605,0.346615993,-1.79997657,0.743824461,-1.247088688,-0.804936367,-0.562299185,-0.450859023,-0.974157342,-0.637225698,-0.822861416,1.293426875,0
-1.452764699,-1.550172725,0.608137262,-0.391958541,0.094795774,-1.25376291,-0.611729978,-0.119411201,-1.061477551,0.632267342,1.686741393,0.362979209,-0.290482184,0
0.321951588,0.321325031,-0.362918451,1.382239064,-0.252605987,0.803042676,0.296650762,0.454897743,-0.293232459,0.380162041,1.048724541,0.687849244,-0.416372517,0
-2.177434063,0.245303747,0.451241024,-0.008413666,0.215545635,-1.737627447,0.771522531,-0.752288822,-0.705877283,-0.386984099,1.569241181,0.278458789,2.21124295,0
-2.498466618,1.635305539,0.214159418,-0.725623419,-1.0899379,-1.780793079,-0.426791395,-1.506616464,-0.480423311,-0.490824183,0.895440891,-0.170287126,-2.00068788,0
-1.827289597,0.376876168,0.49791685,0.742995411,1.197494517,-1.788679944,0.086694571,-0.675039011,-0.197161069,0.651841572,0.462912779,-0.886039388,-0.022384656,0
-1.562573632,-0.470416211,0.961405437,-0.218558338,0.477878936,-2.465818302,0.797510307,-1.69658254,0.44135579,-0.876752231,0.918804647,-0.121119398,-0.737618363,0
-2.9462224,1.200420123,0.140808171,-1.836488839,-0.99064731,-1.590873838,-0.574064714,0.339141686,-1.360672374,-1.233694164,0.252329973,0.530489799,-1.574867612,0
-1.276684169,-0.95078053,0.396071679,-0.499470741,-0.899634314,-0.932568729,0.864727418,-1.672508647,-0.936033507,0.268760682,1.344134153,0.265026421,-1.227806124,0
-0.454743067,-0.358488088,0.00930895,0.047053498,-0.278254189,-0.026385312,-2.363569312,-0.029371137,-0.643853392,0.750029953,1.067525208,0.181108463,-0.116383875,0
-1.741856501,-1.236772343,0.57792148,0.705991041,0.769909425,-1.378711972,0.039744249,-0.348710379,-1.147747333,-1.267551506,-0.350006031,-1.333628941,0.1732408,0
-3.006771468,2.813825309,-0.636245661,0.777312887,0.335753994,-0.412815504,0.262083415,-1.820850139,-1.95248204,-0.725475317,-0.793473069,-0.379786595,0.606085183,0
-2.694837767,1.928989609,-0.225054682,2.742796604,-0.373166239,-0.944546135,-1.707241135,1.339999885,-1.418099073,0.293306236,-0.295967573,-0.078489624,-0.048877234,0
-1.633276683,-1.199451524,0.540798045,1.110855518,-0.115879053,-1.276308534,0.46436161,-0.414198978,-1.108360011,0.420038578,-1.827691166,0.952753212,0.32387858,0
-2.257030874,-2.474076749,1.097789635,0.99348728,0.772791391,-2.271708966,1.829252833,2.710492444,-1.354942987,1.631533727,-0.288727688,-0.841879698,-1.604054072,0
-1.816668514,-0.998914276,0.510183703,-2.011999968,-1.535957298,-1.330220735,-0.068540036,0.174669556,-1.187481171,0.94368497,-0.064879733,-0.481910966,0.001651717,0
-2.48829628,-2.170447214,1.055515897,0.720636971,-1.50891436,-2.349199463,-1.147121654,-1.136950939,-1.425064407,-0.46769994,-0.165527413,0.406988635,0.60445392,0
-1.665632964,-1.507785153,0.665228827,-1.051767548,0.813822932,-1.459530894,0.278618862,1.076291285,-1.087625526,-0.144415165,-0.345102721,1.760127464,-0.346548938,0
-2.837762064,1.40860935,-0.057113355,0.179580889,0.084590634,-1.183861814,1.488601942,-0.164730229,-1.554601838,0.79600997,0.961688052,1.513541436,0.569028146,0
-2.466246514,0.840832883,-0.006909239,-1.405746276,-0.652263184,-0.991120799,0.45858678,1.459329652,-1.541416757,-0.771377226,0.320985969,-0.223334369,0.434578501,0
-3.671527756,-3.757727925,1.862850306,-0.59771951,-0.540473955,-3.963911285,0.589707998,0.434025758,-1.83194393,1.102607419,0.242190994,-1.158972987,1.300502277,0
-1.311355305,2.128589622,-1.141986752,-0.237477337,-1.323344332,1.46386912,-1.981047177,0.189301061,-2.118245089,-0.676345992,-1.368047959,0.732014272,-1.611565622,0
-0.722572052,1.111270166,-0.463462263,2.211853957,0.078489741,0.452279626,-0.478418667,-0.515280058,-0.841204251,1.028868315,-0.303785601,-1.238397061,1.789266061,1
-0.521346163,-1.138511126,0.308630312,0.200944878,-1.17773852,-0.450432861,-0.52803425,0.519467058,-0.612776285,-0.755853214,-1.45898988,0.988895318,0.537589024,0
-3.678971283,-1.024915775,1.043068736,-0.335713956,0.785548669,-3.066800623,0.847205252,-0.348632521,-1.637535225,1.68049996,-1.680199892,1.172863523,-0.547716859,0
-1.283791233,-0.952207035,0.391239826,-0.068854901,-0.254525398,-0.923160327,-0.936148897,-1.428690963,-0.954145789,-0.652995798,-0.116174589,-0.638190733,-0.580317888,0
0.100473997,-0.429071443,-0.057577422,0.125404806,1.011543751,0.310259699,-0.217404232,0.686846944,-0.361775337,0.951790756,1.532831141,0.098206146,-0.064108229,0
-2.061241028,-3.466500072,1.456075773,2.017299075,0.638052107,-2.679180206,-0.353983063,-2.63326586,-1.121004625,-0.529443223,-2.241387232,0.765168623,1.046925262,0
-2.20901292,0.369864931,0.403303061,0.752132908,0.386494775,-1.681773237,-0.11792438,-1.29849985,-0.748017145,-1.118877014,-2.351223941,-0.799601575,1.530094464,0
-1.50274559,-2.72976632,1.066454336,-0.776797923,0.29231318,-1.893244667,-1.077438419,1.954695284,-0.957457709,-0.387136358,-0.500255208,0.419579298,-1.55189575,0
-2.05596727,-1.189063513,0.640723512,2.294529509,-1.031760622,-1.628505674,-0.809144005,0.158736333,-1.245520361,0.0227435,-0.745792825,1.0505739,-0.721649377,0
-1.738133061,-1.371533056,0.635773321,-0.644794633,0.987349972,-1.461502226,1.23283175,-0.444653839,-1.115303435,1.386404098,-0.791062218,-0.962632808,0.663654475,0
-2.155244227,0.524079632,-0.038661796,0.645183496,0.781008955,-0.718142076,-0.634521323,0.095303399,-1.577552904,-1.548583034,0.795021459,0.888157322,0.876045777,0
-1.049136186,0.107284054,0.005937442,-0.982519062,-0.839986624,-0.353802393,0.160206777,0.174597318,-0.822742738,1.227210026,-0.086800597,0.247975906,2.191312583,0
-0.628151244,0.457811032,-0.259693626,-1.494955953,-0.886589636,0.246925592,-0.878225412,1.238494052,-0.789412876,-1.740762585,1.543828831,-0.556247751,1.196720516,0
0.44205579,0.971145085,-0.61092475,-0.287405221,0.057732463,1.17188317,-0.600775776,-0.483886254,-0.259660979,-1.320802362,1.278144802,0.249303784,0.630543216,0
-0.289638711,0.286603307,-0.234231545,-0.15393119,-0.707408502,0.346970219,-0.398014158,-0.734550721,-0.564495983,-0.458821048,-0.432094175,0.403238221,-0.836237541,0
-1.203500959,-0.217293602,0.128259264,-1.0203427,-0.846607603,-0.561733952,0.50763187,0.797848608,-0.925411286,1.044822414,1.647822413,1.444920255,1.966870787,0
-1.789650168,1.564352563,-0.160073581,-0.410692996,-0.386347627,-0.702709578,0.049413486,0.615245262,-0.754073016,2.281437645,0.658984733,0.810780144,-0.01190097,0
-1.886718953,1.744554743,-0.670538049,-1.269463237,3.33526819,0.363623087,-0.280560792,0.153430387,-1.849616473,1.004790842,1.01175265,-0.466522926,-0.4449303,0
0.129957368,0.658520115,0.433278581,1.918467767,0.128326084,-1.176384804,-0.460236337,-0.481282222,1.577245355,-0.308346139,-1.004611314,0.135388796,0.950790114,1
-1.668833536,-0.309403453,0.20059698,-2.643881406,-0.419605579,-0.827669304,0.009817142,0.372004133,-1.238227796,1.533263412,1.168638767,-0.057174556,-1.821380364,0
-2.057231283,0.297403136,0.436372593,0.950922119,-1.345880415,-1.687531332,0.010697207,-1.614168265,-0.595374274,-0.46728062,0.603789071,0.241003138,-0.83059052,0
-1.514583065,1.903740477,-0.122966455,-0.769050108,0.139223398,-0.826710982,0.150684229,0.472096691,-0.177239236,-0.40309229,0.087625155,1.021725269,0.337573733,0
-2.359683195,-0.168269508,1.386801786,0.220109824,0.478409683,-3.76660189,-0.471642579,0.509663108,0.925298101,0.49979173,1.433750034,1.180317839,-1.248010589,0
-0.897879588,-1.20879291,0.418516869,-0.560946705,-1.433524935,-0.783570824,-1.672067807,0.152136457,-0.747505804,1.614094522,0.706444098,1.346616089,-1.860496367,0
-0.094403118,-0.575038588,0.005646073,0.008393427,0.284169791,0.161931035,1.073289736,-0.04939968,-0.499073667,0.939601375,0.677404954,-0.633791635,0.0998223,0
-1.406985111,0.433950347,0.220150269,-1.741491657,-0.960010522,-1.057559084,0.846045009,-0.231877975,-0.410735162,0.292484188,-0.362402434,0.906648386,0.280291292,0
-0.582162353,0.525984182,-0.288136011,0.391174595,0.654684189,0.300749735,-0.728881646,0.973707494,-0.762172481,0.513870605,-0.685510243,-0.291604611,-0.473090934,0
-2.840974359,0.933818577,0.301191506,-0.229499384,-0.15090007,-1.830590183,-0.297341545,0.915156338,-1.107953631,0.264717868,0.083892619,-0.316334193,-1.001803167,0
-1.638707708,1.504682343,-0.475674408,-0.323262259,-1.045717274,0.077509179,-0.950845334,1.006883579,-1.374912373,0.128763736,0.688240951,-1.181005008,-0.50099127,0
-1.057391541,-1.165787828,0.429406635,-1.386001257,0.315665318,-0.869387331,-0.178069527,-0.002785449,-0.830260645,1.186073075,-0.211316933,0.266076661,0.046183617,0
-2.802398898,-1.369039343,0.842599197,0.997779762,-0.980451553,-2.238437197,0.23858676,1.185247247,-1.578764839,-1.191115155,0.158999476,-1.768186761,-0.084401104,0
-2.902737942,-2.961991855,1.38808968,-0.879688485,-1.075936202,-2.944954919,1.536767329,0.839590066,-1.631731947,-0.15051192,0.460283832,0.096377748,1.225593273,0
-1.608224909,-1.271480509,0.532307837,-0.196069487,1.000290789,-1.224529057,-0.269255787,1.667317649,-1.159307059,0.326337661,0.033740404,0.130719712,-1.303606842,0
0.346730189,-0.141432596,-0.222335123,0.623034754,0.841906626,0.653909854,0.764518909,-2.010432296,-0.301651639,0.81597813,-1.854577175,-2.308741399,1.09130753,0
0.492221988,1.155967553,-0.710983164,-0.811525356,0.804386782,1.348352294,-0.742415507,-1.417803361,-0.302368704,0.467059355,-0.792223462,0.374901543,0.397644974,0
-0.971972366,-0.749872788,0.262477225,0.54609752,-0.691941529,-0.612264701,0.956659432,-0.491453628,-0.819693995,0.06883836,0.505897608,-0.759151372,-0.433521917,0
-2.620512366,2.001098602,-0.231419039,-0.048495862,-0.507028263,-0.933998167,-0.13579564,-0.402668211,-1.313639756,1.001326135,-0.089725576,-1.384596625,1.939691443,0
-2.184067842,-1.736837302,0.825523631,0.125783373,1.286810461,-1.892155876,-1.488532523,0.761339542,-1.351703893,0.130068274,1.273781866,0.374619569,-1.520734528,0
-2.193088466,-1.317191731,0.698134079,0.393371691,0.220410716,-1.753255809,-0.458849655,0.037418868,-1.332107621,2.128830825,1.029814189,0.793843845,-0.192779598,0
-1.788258443,-1.790154466,0.762412295,0.38813623,0.593631891,-1.616122387,-2.388291038,0.020025114,-1.187468442,-1.239921446,-0.146565807,0.593822596,-0.18635729,0
-1.00317309,0.58584771,-0.341010072,0.395711532,-1.675840165,0.278177565,-0.588692525,-1.173817997,-1.203760002,0.285281951,0.32202048,-0.385400976,0.167043104,0
-2.892857085,1.969461188,-0.095879108,-1.11855096,-0.518401975,-1.308829028,-1.574729373,-0.043273189,-1.270978304,0.302570335,0.013004764,-0.134462656,-0.100734263,0
1.043292433,1.329169805,-0.848384599,1.741912244,-0.277230169,1.758090605,-0.030886389,-0.408388601,-0.000121879,0.310123413,0.863329912,-3.288156731,-0.778220768,0
-2.695868763,4.060570051,-1.132032221,-0.716458516,-1.064330713,0.363325131,0.094035399,-0.514091339,-1.862587928,1.091567539,-0.606868016,-0.924512874,-1.447606692,0
0.49533605,-0.004210146,0.425450402,-2.489537092,0.695573513,-0.82045874,0.723623511,-0.255743714,1.383977207,-1.462331609,1.731692989,0.58030223,0.63036391,1
-3.49278956,0.074663996,0.616222926,0.408927341,0.463450769,-2.431294729,0.048950923,-2.036410952,-1.611742205,0.011581115,-0.825976364,-1.148361826,-0.75065666,0
-0.612218958,0.540449887,-0.255248054,-0.436485896,-1.317778313,0.212415188,-0.510879353,0.215476759,-0.703830308,1.503883345,-0.97547548,-0.137349472,-2.07720827,0
-2.446248973,1.727772021,0.089379236,-1.329493572,0.15571732,-1.51523048,0.98436247,-0.23654658,-0.645756741,1.193982273,1.430624397,-0.862666358,0.109843093,0
-2.971299519,2.509714104,-0.392810688,0.749582571,-0.561598676,-0.847830386,-1.199282422,-0.605063691,-1.602358758,-2.272141656,-1.588989602,0.290666493,0.328534754,0
-0.404803108,-0.19164321,-0.070566268,0.522488853,-0.371661381,0.110561471,0.920923401,-0.267129651,-0.654895819,0.355648213,-2.281294186,1.330369637,-0.343608201,0
-3.481879818,-2.947359109,1.50210569,-1.435263798,1.196940792,-3.375730661,0.774209169,-0.055881701,-1.870730079,-1.014410586,-0.178365821,0.200130417,0.416134474,0
-1.746776465,-1.459352853,0.648296281,-3.265188679,-0.090313179,-1.461550522,-0.038806435,-1.376229484,-1.160317209,1.230556365,0.419129684,1.018307792,0.442648857,0
-2.46410449,-0.250625747,0.40195545,2.064389152,-1.853732745,-1.534373678,-1.186771418,0.590891726,-1.437036558,-1.886215565,0.406252983,0.440901363,0.160122068,0
-0.63937562,0.801912738,-0.110684889,-1.432285592,1.090120621,-0.215090775,0.46627126,1.794978636,-0.207994561,1.403033428,1.662498766,-0.626940636,-0.472817396,0
-1.167145842,1.453426545,-0.486372174,-0.094243844,0.051717885,0.255808809,-0.702832813,0.474603923,-1.025388636,-0.5630662,1.122141734,-0.672218873,1.255677526,0
-1.566474756,-0.977970314,0.463069143,0.028607232,-2.006732168,-1.158554502,0.512002743,0.346818939,-1.059072498,0.025865586,-0.137617128,-0.070974965,-2.404197402,0
-2.013036768,1.693227783,-0.520884086,-0.037538801,-0.648446653,0.005826111,-1.155075621,1.012245908,-1.662469309,0.23457002,0.601082738,-0.046008829,0.611291147,0
-0.641560986,0.869689701,0.330406557,-0.996418662,-0.761242239,-1.239829706,1.249289356,-0.846454817,0.830358052,0.55190985,-0.024026326,0.56752425,-0.527553698,1
-2.863581978,-2.169868235,1.161455134,-0.183085258,-0.752465043,-2.697913951,1.150981263,-0.552242486,-1.514658606,1.179502368,0.363882584,0.809393229,0.262139043,0
-1.319694625,-1.619599067,0.636004226,0.124809895,-1.450937966,-1.25418674,0.573114556,-1.000898607,-0.934581218,1.715158999,-1.052592725,-0.321163838,0.413101993,0
1.226065134,1.281779711,-0.207365192,2.069512967,-0.152019807,0.373763457,0.277144038,0.114650507,1.562336934,-0.082279,-0.078916116,-0.526539071,0.99088435,1
-1.37570788,-0.675572793,0.329980885,-2.625368538,0.131531944,-0.907915327,0.321456104,0.702251919,-0.965330976,0.67570055,1.742614176,0.70574538,1.673050642,0
-1.723094299,-2.77011559,1.137277601,0.748603291,-0.819091605,-2.103251894,-1.764968803,-0.531536055,-1.021097137,0.166190071,1.581906177,0.477062132,0.613723879,0
-1.728537654,3.679478707,-1.298554148,1.581515119,-0.572733355,1.153868735,0.5069082,1.200523092,-1.675994251,-1.249374484,0.58701924,0.549892886,-0.390739774,0
-2.455709396,-3.271913609,1.41702415,-0.558485161,0.996342208,-2.772760045,0.39173569,-0.343293318,-1.407821599,-0.175549875,0.055865321,0.8132938,1.117029488,0
-2.041123861,-0.502450715,0.337743657,0.959491502,-0.544379589,-1.178285005,1.000362218,1.567001016,-1.399741943,1.158113659,-0.758151545,-0.050831318,1.099696212,0
-2.192584994,0.290137381,0.242215927,-0.079701126,0.119100568,-1.283719628,-0.83134814,2.010940885,-1.154618704,-1.610042599,-0.058206053,0.862285717,1.047588422,0
-1.320797965,2.433412101,-0.870012987,-0.54605138,-2.396549482,0.737303596,-0.243071551,-1.799029278,-1.288703181,-0.884588486,0.341132221,0.288924861,-0.016435359,0
-2.574252099,1.925747271,-0.456122021,-0.973866154,-0.414516217,-0.384608041,1.126517894,0.261404503,-1.833655661,-0.096749405,-0.42842173,-0.679966695,0.503328774,0
-1.913699864,-2.013442843,0.871071831,-0.258462762,1.133435722,-1.82030234,0.82627414,-1.219617683,-1.21991415,0.811099298,-1.203597076,0.96090243,0.595551478,0
0.147548019,0.378470213,-0.35170924,0.724810598,-0.402316291,0.707239401,-1.436039519,-1.070977547,-0.377718179,0.148892309,-0.016973594,0.070275206,0.185702575,0
-1.820462875,2.11150621,-0.324215164,-1.264455259,0.78364913,-0.531534383,0.46461996,0.391459498,-0.740772778,0.197707441,0.674499198,0.163925953,0.22598746,0
-2.819519953,1.761799583,-0.121258051,-0.340953343,0.948903956,-1.157182229,-0.853598154,-0.220261003,-1.418911411,0.49698572,-0.073772864,-0.982483903,0.438325429,0
-0.909917209,-1.356311197,0.460942544,-0.112421364,1.822025458,-0.831443729,0.627444213,0.062882118,-0.772960763,-0.628564613,1.640084958,-1.470320272,-1.002320133,0
-2.509165054,2.66389657,-0.42616583,0.046162372,-0.836302079,-0.693023522,0.864622425,1.157979974,-1.158529925,-1.480457112,-2.527165604,-0.361812293,0.909117928,0
-1.875853879,-1.67160639,1.266388028,-0.451836728,1.042139893,-2.825941159,0.224179485,-1.382285904,-0.04470506,-0.365417721,-1.603039484,-1.413969133,-1.122033171,0
-1.127698003,-2.271773156,0.83149599,-1.718524071,0.311250876,-1.413073061,0.611213148,-1.770777876,-0.815192846,0.577384224,1.433389072,-0.769378752,1.327791337,0
-2.254760414,0.361574866,0.695961853,-0.488941422,-0.883087255,-2.35574798,0.377074717,1.023426367,-0.137527232,-0.627615991,-0.842479084,-1.296931836,0.90595451,0
-2.353648473,-1.961414719,0.943803967,1.156484055,-0.129322452,-2.130434403,-0.712231075,0.916309107,-1.402070711,-0.313985603,0.142026657,-0.998705686,0.065944336,0
-2.459289986,1.704781537,-0.10451273,0.630679862,0.016440929,-1.071211152,-0.897930893,-0.130195533,-1.109337162,-0.159942148,-0.550680847,-0.264480349,-0.543801595,0
-1.580408259,-1.925817025,0.828946445,-0.078793147,-0.556282357,-1.659398737,-0.700930205,-0.026592523,-0.957963819,-0.146549617,-0.404015954,0.931032852,0.550992241,0
-1.090447068,-0.844357362,0.658823575,-0.043116545,-0.936032513,-1.512087887,-1.106917053,0.991092877,-0.104422963,-0.484576544,-1.860411502,0.167017978,0.792060102,0
-0.395256489,0.174018926,-0.178980253,0.162043368,0.292862417,0.230745622,-1.250390162,0.494793457,-0.616813058,0.019241389,0.430562727,1.881760123,-0.480390249,0
-1.923264378,2.547868281,-0.697786703,-1.698426909,-0.792254093,0.132729768,0.06125271,1.28959362,-1.342940451,0.542259391,-0.034960696,1.377263904,-1.299874407,0
-3.289538765,2.483069622,-0.727371155,-0.934947837,-0.851799517,-0.171564936,0.155685257,0.308351621,-2.650794567,-1.04525869,0.292965294,-0.859402198,0.971485998,0
-0.046739923,0.860460945,-0.486128982,1.718243504,0.55442319,0.78673899,1.496019554,-0.818432075,-0.489135366,0.718450799,2.749007735,0.350560081,0.298986366,0
-2.010576676,-1.526618292,0.731560025,-0.311890948,-0.29146323,-1.702851453,0.809683521,0.362865436,-1.254083119,0.624791982,0.744795441,-0.964879744,-0.783505094,0
-1.650490738,0.124840096,-0.117586356,1.676189508,2.340300216,-0.253322062,-0.656770358,1.006250799,-1.611915215,0.424919602,1.676650803,0.658820245,-0.228880163,0
-2.673512469,-2.553572972,1.242372966,0.006869524,-0.72650085,-2.691819937,0.464300306,-0.534490354,-1.453588551,-0.071838899,-0.84984741,-1.703458554,-0.204783654,0
-1.026442725,-0.983539653,0.356386018,1.020456073,-0.761113469,-0.758873996,-0.842129722,-0.928097757,-0.831008107,-1.653317478,-1.257737983,-0.745476842,-1.358205747,0
-1.331712922,-1.121892666,0.455808574,-0.036853907,-0.160451655,-1.023815242,-1.254970469,-0.789853961,-0.977804294,-0.28616343,-1.20821179,-0.023789315,0.622009368,0
-1.282736001,-2.59901518,0.972394316,-0.626197029,0.840603227,-1.662390675,1.533691173,-1.610642052,-0.878758977,-0.188589309,1.63649021,-0.639357888,-0.917304334,0
-3.361430654,-2.701283934,1.401135843,0.713253714,1.165401775,-3.198432818,1.576339121,-0.801352281,-1.808378947,-0.042223769,-0.999331653,-0.413296988,0.399952061,0
-1.529302662,-1.686578564,0.664976652,-0.625686424,0.456920464,-1.356833264,-1.175443747,-0.686812734,-1.102621778,0.822639535,-0.813995945,-1.056292813,1.07111337,0
-1.149997171,-0.920137573,0.339555741,0.905089609,-0.689246006,-0.778618109,0.151304937,0.186358583,-0.929329799,0.347024077,-1.631978569,0.051054754,-0.267008365,0
-1.952174123,0.402495493,0.569860131,-1.869979523,-0.291520054,-1.996857382,-0.350569393,1.752428788,-0.12567351,-0.335212793,-0.090699161,-0.224561968,0.887756584,0
-0.877585581,-0.55932722,0.175054874,-0.622647352,0.169762362,-0.453704808,0.904195814,1.47802641,-0.791162313,-0.360837825,-0.466624078,-1.772151372,0.941318819,0
-3.316747765,-0.762782499,1.091596949,-0.394158097,-2.177236069,-3.164425779,1.369114368,3.071336702,-1.016642607,0.862057591,-0.111518897,0.653864505,-1.350797423,0
-1.123893449,-1.542534094,0.526867047,0.897248833,0.547621151,-0.97726858,0.377709816,0.31039693,-0.950930818,-0.603305588,-0.426023293,-0.25765564,-3.246638381,0
-4.897552792,-4.281290947,2.236804497,-0.588566036,-0.929825573,-4.981757989,1.386519732,-0.356752529,-2.454417677,-1.133851737,0.557876644,-0.808174584,1.024455347,0
-2.632792467,1.002965909,-0.032379112,-1.068870088,0.352928343,-1.038351281,-1.048646146,0.695969943,-1.622956049,0.945667448,1.089368289,0.122284462,0.054303903,0
-0.035685417,-0.172263152,-0.137513221,-0.722265931,0.666584387,0.36206009,0.259699008,-0.29784093,-0.468301518,0.746435889,0.247423292,0.369161162,-1.02394546,0
-1.115706981,-0.475150049,0.189073824,0.739014141,0.702446874,-0.583755759,1.472964391,-0.243209478,-0.904804411,-0.276401121,-0.380427093,0.76111237,0.771174981,0
-2.351106146,3.297110088,-0.859382627,1.927266728,-1.225863771,0.112617656,1.602131219,-0.067797538,-1.519762481,-0.783490342,-0.892990517,-0.6428078,0.597948614,0
-0.336906491,-0.665155138,0.085839596,-1.649664848,0.380476247,-0.058237616,1.112211633,0.236818861,-0.598190491,0.163045648,0.502491302,0.101424044,-0.042278023,0
-1.713243473,-1.293332022,0.590148197,-0.454551176,-0.108076004,-1.378320033,-0.904820385,0.681313718,-1.137553844,-0.853173895,0.390398004,-0.6229314,0.92457433,0
-4.493314944,-3.829786408,2.022725973,0.145906031,-0.060339275,-4.538237635,1.218710271,-0.16196305,-2.244659274,0.176744756,0.30560001,-0.182572936,1.349860522,0
-0.833522565,1.490973603,-0.41739912,0.302322747,-0.167654935,0.182448975,0.792665067,0.525913801,-0.551268164,1.314346114,0.402782766,-0.238006191,-0.001677317,0
-3.086197427,0.586633161,0.834755463,0.252398207,-0.209063982,-2.989403669,-0.760733847,-0.316545703,-0.384153211,0.834835738,-0.16283404,0.968029607,2.338822942,0
-0.28952402,0.882930855,-0.449370676,0.024850052,-0.945751703,0.625448038,1.144392408,-0.122491868,-0.601898204,0.292256865,-0.790405152,-0.076051641,-0.653159002,0
-1.552655572,0.902406608,0.545753496,0.192192249,-0.329396456,-2.002516763,1.818278704,0.610439999,0.542335551,-0.212978657,-0.256355643,0.601236788,1.861914878,0
-1.890158456,0.628503687,0.391144601,-0.642532169,-0.974735182,-1.653057479,0.517484903,1.997948205,-0.303765983,2.060214073,-0.447815004,1.154234805,-0.123241939,0
-3.242315549,0.382148443,0.422018674,-0.602184129,-1.09751467,-2.026619469,0.045684327,-2.060019417,-1.599187424,-0.331042731,-1.516355704,-1.873400748,0.145102286,0
-1.982071304,1.238425168,-0.249219687,-0.739510571,0.20935433,-0.441580464,-0.549383384,-0.677362229,-1.365444975,-0.725667603,-0.037217859,0.004529291,0.697387479,0
-1.184663226,-0.835449447,0.343095985,1.011907066,0.165904714,-0.826391868,1.963832087,0.074068292,-0.888433607,-1.315651198,-0.461955049,-1.258090641,2.519963551,0
-1.625026276,-0.851802271,0.400620624,-0.742763877,-1.858481047,-1.078138864,0.663097632,-0.480057041,-1.156123448,1.230102183,-2.213022111,0.738078752,0.468618825,0
-3.357259768,-3.149404377,1.569615513,-2.453846776,0.573334075,-3.42191464,0.284743605,-1.060819145,-1.76127619,-0.692902518,0.215941825,0.351535014,1.865295993,0
-3.224311875,0.712558011,0.45299958,1.062697401,-1.316769251,-2.20773253,0.777188738,0.599487524,-1.267282573,0.871963382,-1.245068254,0.145597507,0.136049234,0
-1.09010657,-0.021173407,0.000348257,0.206583227,-0.829925619,-0.307828842,-1.003027417,-0.524964853,-0.966962317,0.455317691,-0.422197527,0.26248925,-2.088996555,0
-1.875899665,1.679095573,-0.293463441,-0.33727897,1.002910135,-0.465391353,-0.453941547,0.036625032,-1.04300932,0.279062509,1.330316426,-3.532818188,-0.268713446,0
-2.561844677,-1.730690412,0.923861136,-0.716109945,0.497479682,-2.226305464,1.533879961,0.326218168,-1.456372404,1.14848927,-0.362759663,0.508770367,-0.633182458,0
-1.114373632,-0.261280949,0.906875352,-0.414955879,0.055789629,-2.286311789,1.063955845,0.199272213,0.866532742,-0.419769712,-0.676810736,-0.368881043,0.162399907,0
-2.606717787,1.603852133,-0.421973798,-0.766961607,0.567621975,-0.358356784,-1.582958077,-0.844137724,-2.025705006,-0.731497417,-0.705492532,-0.126986434,1.074558608,0
-0.66200922,0.037000615,-0.083190776,1.256801249,-0.214207401,-0.015313759,-0.152066251,-0.184162877,-0.737128808,2.038884935,-1.990517949,-2.271494765,-0.021152973,0
-1.10695225,-1.01377751,0.729728938,1.741922532,-0.588704834,-1.618143086,-0.841121368,-0.662989961,-0.086231544,0.951332606,-1.910978379,1.177570414,0.912726813,0
-1.646124356,-1.6127075,0.699248821,0.910770703,-0.057186394,-1.494201778,0.327747836,1.466286421,-1.072591585,-0.874323815,-1.140172482,0.559563607,0.988305727,0
-0.88420097,-0.185078258,0.049637549,0.088249982,-0.573288131,-0.30263899,-0.076156711,-1.00867796,-0.798932193,-1.090715158,-0.614224945,-0.204599053,-1.364373042,0
0.655570452,1.623673811,-0.888002928,-0.4487675,-0.120530644,1.63264847,1.429573361,1.122425313,-0.207724075,-0.537956015,-1.383124998,0.196780183,-0.495602182,0
-2.587380901,0.424430423,0.561519926,0.199776222,0.434291461,-2.168893151,1.724418361,-0.116784526,-0.682705049,1.653440109,-0.637194717,-1.815481913,0.695961255,0
-1.507652898,-0.30261537,0.531991807,-0.502824719,0.025245629,-1.535090177,1.755083606,-0.786297405,-0.348870265,1.702107934,-0.151197386,-0.547174604,-0.137656878,0
-1.754412957,0.993661118,0.069804573,-0.095920676,1.009408824,-1.013418127,0.39063122,-1.522004298,-0.633591275,-1.99124698,1.12376063,-0.032441229,0.942101316,0
-2.024310019,1.391726269,-0.408345551,-1.002541962,0.814322851,-0.146744665,-0.198615723,-0.658222244,-1.644905639,-0.01511359,1.57861539,1.538394984,-0.125366986,0
-1.175674417,-0.156899455,0.107539943,1.49947268,-0.487861755,-0.527931422,-0.290894445,-0.444911949,-0.902510749,-0.627030455,0.16395389,-0.866016056,-1.110886724,0
-1.438786349,1.979535992,0.168902602,0.103268504,0.981309757,-1.493364574,0.665999547,0.58384583,0.600392741,0.505915388,-0.554932716,-2.436229321,-0.29197856,1
-2.474900455,2.911781819,-0.566957052,-6.12E-05,0.302113057,-0.450917513,0.221025231,0.180172355,-1.259433977,0.438506156,0.637886057,1.080621209,0.778739785,0
-0.579388064,0.703464104,-0.328348927,0.750559119,-0.223675094,0.330408945,-1.955579322,-2.000943835,-0.71747372,-0.76852146,-0.760439738,-0.539568235,-0.491800011,0
-0.095532494,0.225415476,-0.253180758,-0.215084595,1.337637437,0.467429942,-0.352203731,-0.020798639,-0.483188981,-1.433821186,-1.805550329,-0.224464836,0.114146669,0
-0.263962187,0.269304036,-0.228928367,-0.643943168,0.246912772,0.348426884,0.604436,2.473017597,-0.54309043,-2.055546263,-0.229579181,0.408816581,0.09373258,0
0.034964391,0.338567793,-0.318393626,-1.119267303,1.497757679,0.613223008,1.22758873,0.794315042,-0.431072637,-0.51433881,0.26264097,0.333070217,1.240235703,0
-2.181733249,-1.970112558,0.913329902,-0.4380424,-0.872344827,-2.008676281,0.676781796,-1.591622943,-1.326812688,-0.788605004,0.105153478,1.571194441,-1.267898858,0
-1.709864592,-0.541668973,0.480469287,1.862895553,-0.02776873,-1.392620274,0.659573957,-0.936767433,-0.819520173,0.397433974,-0.99465143,-0.313368631,0.586428502,0
-2.125673676,1.3461311,-0.024051468,-0.049873698,0.662888016,-1.03147085,1.494745514,-0.261984749,-0.905234471,0.987069244,0.935303345,-0.268943188,1.092737627,0
-1.21136223,-1.297353554,0.478954466,-0.931756782,-0.470582656,-0.979959845,-0.391322078,0.702262372,-0.951769402,0.711026547,0.913392024,-0.762948073,-0.762692626,0
-3.004138321,-2.781878642,1.379595638,-2.667758434,-1.673995987,-3.018204862,0.294507663,0.439705134,-1.604871368,-0.505497698,0.801240036,-0.16383083,0.900767976,0
-0.345570436,0.851944639,-0.42652143,2.190104779,0.579525525,0.568345526,0.221804739,-0.979608597,-0.622707985,0.756468837,0.406921741,0.353941066,0.520751356,0
-3.632009918,-2.421700635,1.339943423,-0.962846175,-1.95251306,-3.235915345,0.564385645,-0.298173294,-1.973230478,1.310118849,0.988860889,0.176016194,0.001177355,0
-2.973062481,1.579764025,-0.483363126,0.779434072,1.517761593,-0.316361925,0.243879862,1.911648183,-2.501336158,-0.852331611,0.248453263,-0.630194644,-0.280755808,0
-1.505599818,1.045611026,-0.034567887,-1.178941402,-0.183090785,-0.723191306,-1.030122105,-0.545726041,-0.611707754,0.199379921,-0.845628488,1.255226247,1.9686541,0
-0.214228964,0.56340534,-0.362355507,1.376453373,0.773517813,0.562062804,-0.391925483,-0.216885336,-0.579460654,-0.044063609,0.474450616,0.085713183,0.316758714,0
-1.240479721,0.092954913,0.132446561,-1.370137743,0.88225751,-0.690865021,-1.425066775,-1.157444952,-0.716687296,0.763522668,0.959875461,1.298163151,-0.183034485,0
-1.97660131,0.212359162,0.226673281,1.128906596,0.2848859,-1.158847059,0.05860394,1.061041859,-1.058949806,0.595495301,0.18625246,-0.639216141,-2.31824298,0
-0.974397767,-1.044864519,0.366939228,1.113192427,1.807269966,-0.74625355,0.224379628,-0.004120785,-0.807664981,-0.382312341,-1.39183184,0.423642124,0.39619146,0
-0.854375988,0.148119839,0.204825807,0.885470583,0.507879845,-0.762997602,-0.703833258,0.753912065,-0.175942982,-0.7602624,0.869762058,-1.605633403,-0.076048908,0
-4.040869901,-2.225437468,1.428653718,-0.604619721,0.128339027,-3.623973195,0.897805281,-0.383960202,-1.984708343,0.012612834,-1.26922153,-0.638063009,1.295196177,0
-0.41572216,-0.383413331,0.012280304,0.005000039,0.229591826,-0.013112505,1.648895507,0.362448609,-0.621719962,0.788450005,0.971421886,0.048718019,0.355631241,0
-1.61161928,-1.211075751,0.507875809,0.907409652,1.27815517,-1.191317268,1.956992599,-1.055596266,-1.171992353,-0.072585922,-0.062407818,0.591491941,1.809228901,0
-1.437429567,0.075224825,0.074565873,-0.59942132,-0.169188429,-0.610192829,0.489669759,-0.459587546,-1.031775383,0.12412973,1.921497821,-1.8372243,-1.021468467,0
-2.772524157,1.294353413,-0.410296549,-0.684462201,1.455142935,-0.32396633,-1.308474631,0.494614102,-2.375356778,1.271555913,0.854147471,1.520211857,0.650715102,0
-0.178987258,0.412410472,-0.312590333,1.564853817,0.449245971,0.51240573,-0.046770677,-0.864570716,-0.549757032,-0.272737533,0.427985377,-0.871251932,0.53253746,0
-0.28081476,0.642688178,-0.061786216,-0.510240622,-0.837749952,-0.166620683,0.928294612,0.183612171,0.095959608,0.023657512,-1.135219125,0.357825416,-0.786483804,0
-1.754366518,-1.707513793,0.753994122,0.621744488,0.348324959,-1.616280112,0.185668208,0.523175453,-1.115063171,-0.823109049,0.068170355,-0.821837433,-0.778891305,0
-1.779331396,1.581798546,-0.360418579,-1.582175111,0.499792675,-0.251519606,-1.114507268,1.246058925,-1.181544451,-2.091960295,1.370138905,-1.306722969,1.365856625,0
-0.953579962,1.497074414,-0.297012162,0.458472569,-1.519513338,-0.127340666,-0.219802706,-0.161312723,-0.381445823,-0.677312528,1.011050016,-1.170187075,0.146863209,0
-2.307665324,-1.187033822,1.416500887,-0.187481487,-0.999186903,-3.461130163,-1.252999757,0.364170063,0.27678327,-1.217671378,0.695269227,1.228327711,-0.63702561,0
-0.05267036,0.635373749,-0.403306526,-0.250961193,0.531632087,0.676260666,1.235204701,1.106001071,-0.476530687,-0.028535161,0.583010759,0.495075179,0.042231437,0
1.204037935,0.950420386,-0.733651541,-1.446927237,0.657986135,1.677298861,-0.29676945,1.715962343,0.114910444,-0.681180309,1.216105688,0.431250699,0.111112464,1
-1.846223971,-2.527280097,1.031486613,1.632369668,0.241221228,-1.984150868,0.767442782,-0.092941607,-1.184687055,-0.598312848,-0.117224164,0.610650665,1.573963721,0
-2.655088579,1.507572674,-0.026506413,-0.665335803,-0.243012131,-1.235332562,1.710658673,0.58598418,-1.252527782,-0.306594525,0.663910328,-0.936234206,0.650604954,0
-0.063982475,1.068477506,-0.582276568,0.962043122,1.086977491,0.926746606,-0.151344817,0.076847466,-0.564617338,-0.927313966,-0.143394019,0.743951913,1.082975696,0
-3.614767829,-2.219574011,1.266594713,0.621760442,-0.434623576,-3.135593939,0.177353658,-0.018613354,-1.971842915,-0.094825609,0.048895851,0.00791834,0.382899786,0
-2.094705252,-1.858124341,0.884049801,-0.293986321,-0.310471287,-1.956502354,-1.813169288,-1.278965348,-1.232903599,1.695611217,0.255236685,0.033085216,1.277588977,0
-1.890298289,-0.572973004,0.371999039,0.101816355,1.853597894,-1.187689373,-0.485335725,0.316381999,-1.24382534,-0.950150737,-1.947730768,0.690907343,1.277346342,0
0.962954766,1.242499145,-0.839705795,-1.395229549,-0.845759408,1.745673967,0.700509114,-3.066800731,-0.115509808,-0.323601027,-0.869222814,0.214434954,0.143941993,0
1.812915278,1.168878226,-0.479812745,0.250729672,-1.548136665,1.200567172,-0.154602594,1.962904072,1.379235104,0.788114359,1.798618631,-1.419656544,0.892320144,1
-0.802686202,-0.737303838,0.224701438,-0.12887733,1.487123272,-0.482175688,1.075630627,-0.515180529,-0.747237363,0.667714415,1.030840399,1.161052529,1.085100783,0
-2.518296304,1.1629499,-0.325120729,0.922508797,1.736323809,-0.397634884,0.620051868,0.133154528,-2.060347521,0.200839839,-0.012431352,0.121801322,0.299830464,0
-2.224038922,3.368609785,-1.312533634,0.566588106,0.699871244,1.151813642,0.222105369,1.722232311,-2.372140372,0.602862955,-0.034362372,0.788019985,0.753768931,0
0.504715018,1.304495849,-0.75866149,-0.343348501,-1.121910414,1.407913752,0.041193954,0.199188987,-0.287547205,0.308289603,-1.200338225,1.13123722,0.360075266,0
-0.386662474,0.240304946,-0.217143378,0.064566811,0.777901693,0.29648945,0.988581213,-0.383735858,-0.645446706,0.713524289,-1.311933689,-0.659066008,0.615255492,0
-2.526022051,-2.216985971,1.066507704,0.458666276,-0.696791454,-2.368664144,-1.495905353,-0.480710304,-1.46809077,-0.361160189,-1.471909208,-0.425137698,-0.646514737,1
-2.936932242,0.738359772,0.053076438,-0.4504645,0.150117967,-1.226948738,-0.334647159,-0.170838026,-1.894358589,-0.349679105,-1.299884915,0.485461723,-1.035491862,0
-0.051203784,0.861151007,-0.491074283,-1.144095233,0.225995883,0.796423792,0.531405975,-0.265373581,-0.503613854,0.068426312,-0.166054383,-0.888314042,-0.254344772,0
-4.654533228,-3.99995073,2.110245241,-0.082524622,0.593159566,-4.723455404,0.688840536,1.134977215,-2.316118229,-0.028464321,-0.33298885,0.353797869,0.618761305,0
-1.667249908,0.648075308,0.170826642,0.141776561,1.327554651,-1.095991328,-0.156944805,-2.96521053,-0.58881893,-0.207947599,0.766137585,0.854267562,0.902713148,0
-0.280868118,0.284687132,-0.22208325,-1.082803607,1.152925954,0.322623586,-0.410681228,-0.089143912,-0.531010915,0.04640203,-1.0341097,0.265073051,1.00132997,0
-1.945672059,-2.043865359,0.935019143,1.457976115,0.324290756,-1.963859712,0.825932595,-0.825360074,-1.127070007,-1.00811632,0.977615313,1.75238974,1.096661469,0
-2.004235029,2.559535894,-0.865612185,-2.050531226,0.374309066,0.485866451,-0.107999252,-0.399810495,-1.781481502,-0.980209262,0.486589981,-0.10218778,0.338601246,0
-1.785137191,-1.069282457,0.51101623,0.469126953,-2.58198614,-1.298297363,0.753770495,1.882118897,-1.210612965,0.578722971,0.972119456,-0.528418359,1.013274335,0
-3.342738287,3.449341912,-1.075983705,2.306313315,-0.662856631,0.264288247,-0.335301854,-0.278715517,-2.758035004,0.201264413,0.884338312,-0.633348071,-1.389883422,0
-1.393324641,-0.726861415,0.722042732,0.762733046,1.391434325,-1.784098049,-0.719004777,0.97997704,-0.139350051,0.517806587,1.927830773,0.606590862,-0.922224521,0
-1.638558075,-2.350259663,0.94930579,0.763928132,-1.004024613,-1.800048344,0.729215183,0.399796741,-1.055571473,1.472746558,0.174371863,1.302179736,-0.948389555,0
-1.589534042,-2.160032826,0.858639888,-0.539557363,-1.675299087,-1.647107129,-1.261335293,-1.076631982,-1.07416824,0.650479986,-0.650992863,-0.370496415,0.402336643,0
-0.353324602,0.370856496,-0.274766284,1.542919566,-0.740048965,0.390930403,0.451987641,-0.759485035,-0.648155548,0.810522089,0.59494666,1.089440832,0.695482085,0
-1.258736701,0.058704981,0.03009013,-0.836950438,-0.860813386,-0.451979301,0.293445409,-2.013952217,-0.987853482,2.194102661,-0.109374474,-0.286436992,0.795902546,0
-1.369591875,-1.073651126,0.427754551,-1.988095546,-2.537936378,-0.988065652,0.004883331,0.894192932,-1.037810453,-0.504427893,0.422409306,0.067267151,-0.234329601,0
-4.337221239,1.672614251,-0.126028374,-1.191294106,0.270644886,-1.552868839,0.007463839,-1.183491882,-2.821530856,0.085070085,0.157979373,0.279097337,-2.159566678,0
-2.972313488,-3.591566849,1.666415102,-0.145536102,0.694886924,-3.375086873,-0.258958919,-0.224662553,-1.538039051,-0.037264079,0.537606349,0.774213609,0.149572842,0
-1.572326895,-1.721467983,0.70561418,0.971163132,0.174203476,-1.449148324,1.737638298,-1.701856464,-1.075062993,-2.140400558,1.975763657,-1.147753936,-0.851149168,0
-1.202081922,0.787554018,-0.00167872,0.415663373,-0.691212438,-0.619581315,-0.188416847,0.153854229,-0.465524742,0.762063874,1.921237417,0.032115455,1.087606985,0
1.149526365,0.43425969,-0.356180107,-1.883351322,0.736170344,0.986836012,-1.017939037,1.708618783,0.528879514,-0.159338514,0.748865269,0.885021169,0.333572153,1
-1.191932925,0.914128212,0.224982783,-2.019926174,1.414840136,-1.17513074,1.685064345,-0.298983997,0.146386077,-0.202190335,-0.937057676,0.020029749,0.740078366,0
-1.430571966,1.630799261,-0.740173709,-2.531430046,-0.637579858,0.693086199,0.14782209,0.527071199,-1.692450732,-1.984128067,0.527330079,1.128594067,-2.75785363,0
-1.214293092,0.253971194,0.178867691,-1.549996626,0.430403423,-0.845137269,0.329786226,0.605035141,-0.46945718,2.05630101,1.814350576,0.583211775,-0.846818848,0
-0.780762237,-0.984612115,0.285624819,0.310637499,1.171342412,-0.527151364,-0.353424541,0.747906441,-0.776032467,-0.749158526,0.276621292,-1.23252025,0.624056732,0
-2.721436853,3.283160001,-1.133249786,-0.982008413,1.160472505,0.631757304,-0.354236313,-0.719318568,-2.468034606,1.345488956,-0.857472652,-1.175319049,0.494149345,0
1.129192006,0.017462409,0.577039668,0.156235749,-0.97557192,-0.988987758,-1.06382507,-0.481705467,2.293787755,-1.355893026,-0.103307017,0.553505987,-0.421432248,1
-3.303056051,-2.715186461,1.380947559,1.301907381,-0.985746072,-3.130927064,1.88840939,1.148929069,-1.813078157,-0.1484972,-0.431428714,0.709442683,1.574271053,0
-1.560853078,-1.07134796,0.485765238,1.207668005,-0.376254172,-1.175606071,-0.877217882,-0.825400451,-1.072953478,0.283003726,-0.569028301,1.252782875,0.376888204,0
-2.100007221,-0.251126136,0.831490022,0.133020738,0.273645987,-2.403257406,-1.66886675,-1.0658741,-0.155730631,0.962217701,0.952686755,0.508190655,0.142451759,0
-1.391407352,0.350150939,-0.052918931,0.811084613,0.503175457,-0.404368612,-0.640369744,0.77664631,-1.072369178,-1.432353356,1.35861854,0.566322264,-0.121359008,0
-1.317506244,0.331823231,0.442424224,0.034754478,-0.910198706,-1.499947323,-0.189981423,0.99872657,0.089865834,0.415311477,1.421503285,0.307309354,1.834431333,0
-2.013324477,-2.198017078,0.973502738,-1.386728361,-0.369346727,-2.016506812,0.431435794,1.395270782,-1.214887623,-0.591808195,2.146812894,1.948788145,-0.858417663,0
-1.609298537,1.751237935,-0.715781986,-0.74152106,-0.199011663,0.543910286,-0.644914617,-0.170083604,-1.70388165,-0.567033341,-0.281413078,-0.53348526,-2.786147688,0
-1.474917914,1.920992377,-1.006213805,0.068393861,-0.59216633,1.181693202,0.346165821,0.953594951,-2.111432308,-0.117189034,-2.025036315,1.259401803,0.724002255,0
0.089149029,0.496534013,-0.184327186,0.633338538,1.275897385,0.269337643,0.761141313,-0.75433591,0.034976325,1.44273453,1.329454879,-0.799614214,-0.041244829,1
-1.954533608,-0.391843408,0.579144572,0.619916047,-1.122805933,-1.739600456,-0.603838627,-0.888997008,-0.699928777,-1.232184678,0.679117332,-1.040948901,1.352281083,0
-0.729786304,-1.812946875,0.572582736,-2.434474117,-0.016333751,-0.872273456,-1.863349867,0.788381696,-0.706086669,0.044132206,1.066846462,0.237544423,-0.133996082,0
-1.077637615,0.230190137,-0.095379691,-1.713955437,0.070965816,-0.175426256,-1.679107536,0.407516145,-0.983195805,1.118814432,1.087000887,0.243284147,-0.012328198,0
-0.972799798,-0.86688582,0.304273779,-1.545386239,-0.250526621,-0.666191207,0.5461658,-1.2914043,-0.813997015,-0.124536388,-0.100522111,1.264600423,-0.026949056,0
-0.621736588,-1.0359061,0.564321337,-0.270160107,0.117950171,-1.09528518,-0.189442778,0.774563304,-0.050156153,1.40098085,-1.194339165,0.430814071,-1.475678748,0
-0.37229708,1.003154373,0.505401027,-0.030228159,1.493339419,-1.6058793,0.622145019,1.658508917,1.55776188,-0.962857105,0.500048241,0.228998965,-0.609133502,1
-2.621137568,-0.707611461,0.918073568,0.794926018,-1.888523413,-2.589617687,-1.07025544,-0.164213784,-0.757339882,-1.097926363,0.260706162,0.266177865,0.11169413,0
-1.229220262,-0.262666576,1.076201744,-0.749666951,0.303153828,-2.702953217,-0.635261385,0.824086581,1.145119923,0.590688045,-1.4089843,0.245528172,0.558558153,0
-1.380374989,0.097808406,0.658288017,-1.392370782,1.25950776,-1.9254257,1.71290265,-0.026956367,0.344584106,2.510743471,1.116203642,-0.60922348,0.915287325,0
-2.871270566,0.798278793,0.442695108,-0.023764588,0.409149845,-2.112625602,0.812594698,-0.791666305,-0.91811259,0.928831405,0.112893537,-0.876245676,-0.444433888,0
-2.172250195,-1.369881902,0.723834798,0.150808769,-0.784302384,-1.787022044,0.127291483,-0.070730494,-1.29558347,-0.391591217,0.268091987,-0.035078071,0.037682349,0
-1.100006355,-0.816631315,0.299984786,0.290635619,-0.813505353,-0.710812128,0.203883366,1.125841518,-0.897185014,-0.228326688,0.000644487,0.159689522,-0.303422241,0
-2.737362161,1.202319228,-0.212063401,-0.775618309,-0.829473799,-0.731049357,0.431062129,0.297897175,-1.968592489,-1.440836379,-2.13529475,0.760570457,0.033403868,0
-1.723331522,-0.216751124,0.863098725,1.788338353,-0.797557893,-2.378348743,-1.709908444,0.18307011,0.269784206,1.19890945,-0.172255895,-0.405988602,1.120895425,0
-1.43882821,-1.70864326,0.722308164,0.865452659,-0.593279961,-1.452999259,0.511851511,-1.400716461,-0.911454982,-1.007832052,-0.581387797,-0.463599299,0.000971284,0
1.353446628,2.459093386,-1.322695776,1.595535316,0.756720184,2.526344292,-0.826984696,-0.088892032,0.050087493,0.514116965,0.305640655,0.844217279,0.369449427,0
-1.39820395,0.208420527,0.30912559,0.047448531,-2.453555572,-1.177591336,-1.114989502,0.536872163,-0.371809056,0.44625351,1.149940831,-0.448157619,-1.152596601,0
-1.683220394,0.125079798,0.325876621,0.661339964,-0.399817331,-1.268529729,-1.560877706,-0.256889984,-0.645335498,1.744311252,-0.026425521,0.638923022,0.217420642,0
-1.89978707,-1.671363299,0.760833531,-1.142961793,-0.951815666,-1.686438631,-0.372814492,-1.187067308,-1.199717727,0.616434828,-0.046452,-0.972880656,-0.983702324,0
-3.117029292,0.68251184,-0.0712994,0.402718189,0.252876658,-0.977229695,1.784635607,-0.269740607,-2.37238021,0.020271892,-1.532221787,-0.809760542,-0.80540167,0
-2.458593896,-3.080301969,1.372246899,-0.667867109,-0.046383479,-2.739345763,0.5897627,-0.054637954,-1.367754962,-1.262286818,-0.894279831,0.356227546,0.249120247,0
-1.130403539,0.156263644,-0.02147599,0.135376897,-1.18808081,-0.332281508,-0.812112877,-0.798965005,-0.918649575,0.50387162,0.35892274,0.350760873,-0.953750829,0
-1.062329488,2.056599063,-0.065968642,-0.324475157,-1.556536934,-0.879191252,-0.585290531,0.63793196,0.459694418,0.518512834,0.410920994,1.164464693,-0.15818938,0
-0.232923048,0.507747273,-0.161755015,0.706114331,-1.142382025,0.121298395,0.164921438,0.613536177,-0.187257548,-0.76480784,0.899571014,-0.261137335,-0.353520995,0
-0.566396281,-0.987743813,0.252730133,-0.101929273,1.510930118,-0.389612497,-1.144287164,2.225714806,-0.664979885,0.125602545,-0.668056688,-0.009952288,0.012024681,0
1.484377128,0.387623375,-0.48154626,0.145033864,0.164530226,1.384118508,-0.171975413,0.447567262,0.505191588,-0.091943763,0.172902792,-1.82475456,1.957697679,1
-1.266511357,-0.084521198,0.318830575,1.181221634,0.196637742,-1.058720464,0.344444944,1.190699618,-0.453733859,-0.814204677,-0.570075339,-0.555125156,-2.157036725,0
-1.340813742,2.532061177,-0.611075754,0.759139199,-0.39089142,0.1096656,0.288489844,0.661929565,-0.651565807,1.335701395,-0.351487765,-1.89852641,1.234695279,0
-2.226362865,-2.50221982,1.129007169,0.247708162,0.062713809,-2.323772077,-0.074245463,1.471669413,-1.279131112,-0.525150653,-0.901844569,-0.622470957,-0.279159393,0
-0.407181226,-0.550476386,-0.113758919,-0.080961425,1.453397106,0.333859028,-0.389211145,0.139681965,-1.021774776,-0.602957809,-1.32064166,1.285500496,0.054656121,0
-0.503467167,-0.148667129,-0.038402434,1.932795855,0.495763512,-0.005936502,-0.610823956,0.070186,-0.63680498,0.627770676,0.4641695,-1.633952092,-0.1487089,0
-2.460595043,2.42510821,-1.154448653,1.360729847,0.161355188,1.056450405,-0.236177898,-2.086339907,-2.928409299,-2.046265431,-0.139265996,-0.055922085,1.018231833,0
-2.597281282,-0.029232111,0.589265278,-0.343226069,0.190879936,-2.075331657,-0.131120463,-1.475871097,-0.967788106,-0.702063562,1.502727681,0.996957482,-0.504604595,0
-1.59331202,-1.501460303,0.663565578,0.374591152,0.980002589,-1.437117181,-0.65167844,-0.500762715,-1.023481067,-2.915389804,-1.751526574,0.682479971,0.35745814,0
-1.792900543,-1.334171314,0.615338903,-0.966834213,1.314017007,-1.444083068,1.768991997,-0.334749439,-1.181084161,-0.86136537,0.050555752,-0.2653288,-1.460682098,0
-1.874068679,4.331657342,-1.213058227,-0.684057641,1.190109646,0.688936448,0.317542757,-0.724488861,-1.124361133,0.937447515,-0.275947723,0.61931731,0.044241775,0
-1.876080618,1.140684268,0.287173117,-0.144827494,0.57691718,-1.593101961,1.692713433,-0.511763957,-0.14237324,0.506424497,0.563291896,-0.476391396,1.912200421,0
-0.101769289,0.387262547,-0.273545964,-0.812212836,-0.207101106,0.454969822,0.144905934,-0.391056857,-0.41349851,-1.130804205,0.50906839,1.412667803,-0.22137091,0
-1.670866555,1.493953502,-0.779060116,0.964899869,1.976576667,0.760015726,-0.259871764,-2.049438492,-2.091700513,0.760873681,2.052557533,-0.696619325,-0.223586373,0
-0.323772813,-0.190262586,-0.037570209,1.424453326,0.966601181,0.058624127,-2.203359064,-0.731884019,-0.509073252,-0.6635189,-0.68948622,0.583502861,-1.756802479,0
-4.124151882,-0.864391667,1.134319725,0.442159989,-0.542575911,-3.458545569,0.10022523,0.457734043,-1.701711178,-1.135686492,0.696482968,1.588099332,-0.583590634,0
0.941249178,0.903212083,0.103863163,0.310777198,-2.494465985,-0.281238801,-2.099451044,0.307159054,1.729287551,-1.12582729,0.493496728,1.372026726,0.440262707,1
-2.868653268,-2.227866857,1.141491729,-0.921812584,-0.201237577,-2.633733438,1.702496561,0.2566812,-1.60717806,-0.570308855,0.810563391,0.726168581,-1.09487997,0
-3.243352479,-3.719917352,1.730929709,0.226451471,0.099466278,-3.55450224,-0.604791414,0.431395388,-1.725796996,-0.84228774,0.908141702,1.960917212,-2.1935491,0
-2.312306471,-0.763237482,0.500412563,-0.060659082,-1.084690365,-1.533820181,0.75763789,0.512349567,-1.466272371,0.145835812,0.745469992,-0.091324988,-0.935256365,0
-3.652743561,2.306116617,-0.672403464,-2.259276171,-0.373003725,-0.338847549,-1.214064523,1.218257923,-2.976741393,-1.337846372,-1.652384056,1.299485998,-0.028704072,0
-1.712685759,4.005466816,-1.529138003,-0.885420356,0.226375203,1.566862202,-1.990116737,0.367787889,-1.936132815,1.088496858,-1.6550004,0.525200966,-0.156598566,0
-1.786316916,1.585398578,-0.308216081,-0.949279507,2.998734106,-0.373183609,1.243103578,-0.268229935,-1.06783203,1.245725078,0.974399355,0.656043567,-1.230192117,0
-2.140518253,-0.77770032,0.485846557,0.725812589,-0.316906997,-1.44615004,-1.351865561,-0.35724863,-1.359736866,2.536285559,-1.133935617,0.400394918,-0.419507082,0
-2.062856088,-2.737378861,1.167033831,1.410728136,-1.605344573,-2.280245859,-1.916557844,0.743493617,-1.226591268,0.849019951,-0.92558904,-0.229290947,-0.282279054,0
-1.25825046,3.360507027,-1.131645436,1.058402908,0.307552918,1.023055062,-0.758523261,0.269823632,-1.128961782,-0.206399057,0.120995434,-1.327284038,-1.177020388,0
-1.178866498,0.934759497,0.072448817,-1.423160277,-1.261918977,-0.832692335,0.03345412,-0.852053138,-0.169036034,0.731718476,-0.529630113,-0.219621841,0.65798683,0
-3.005147664,-2.706950208,1.331067795,0.481320569,0.028397509,-2.93476185,0.423166987,0.11020738,-1.658693974,-0.053098145,1.156006963,-0.374282034,-0.867091682,0
-0.565625755,-0.572708904,0.131361628,-1.860592947,-1.980680325,-0.259922956,1.971720866,0.000399027,-0.626766438,1.211279156,-0.370676481,-0.177577236,0.401109135,0
0.379222246,0.308438964,-0.393046204,-0.975771025,0.48232997,0.892413597,-1.18713354,1.011130502,-0.320437666,-0.004716411,-0.197712555,0.902773547,-0.085289128,0
-0.502923535,1.821814956,-0.923704416,0.483706295,-0.828940741,1.309815365,0.354177354,-0.643488454,-1.151556596,-0.376915016,-0.32734996,-0.519345073,0.703201055,0
-0.999263297,0.069602458,0.081759516,0.240487649,-2.187380915,-0.498128865,0.175365241,-1.312840273,-0.637203717,0.408684762,-2.936200944,0.104133388,0.916328953,0
-0.398005166,-0.449659216,0.049424269,1.802940984,1.087145544,-0.068968942,0.406316384,0.837939963,-0.572366898,0.741109876,0.98467752,-1.056158468,0.763766464,0
1.304200856,2.352572305,-0.499004439,-0.161196682,-0.380034464,0.681590586,2.226179284,2.02123838,1.775645302,0.546831241,-0.457243392,0.378485168,-1.140912653,1
-1.080925775,2.224690638,-0.818632048,1.305645562,-0.18784282,0.763289545,1.10749924,0.09171895,-1.119777293,2.171993209,-0.353705042,-0.803341975,1.830468475,0
-2.047349828,0.203416633,0.321929884,1.100960948,-0.333562477,-1.392137971,-1.556760866,-0.150741569,-0.913683364,0.237003202,1.094722884,-1.263559945,0.217069581,0
-1.127986955,-1.047796909,0.426498578,-1.959343138,2.232971379,-0.924599467,0.745985135,-0.405098787,-0.810344897,0.141644746,2.427116971,-1.547080295,0.902677877,0
-1.25479982,0.583895871,0.5021369,-1.324861304,-1.102084565,-1.705808132,0.367529048,0.535654051,0.466788188,0.592102983,0.623011029,0.413626378,0.990124787,0
-1.81626778,-0.950301105,0.526829919,-0.763699456,0.990641974,-1.384929506,1.205788804,1.011707308,-1.113489796,0.028375062,-0.437955636,-0.200410983,0.164889961,0
-1.165892721,-1.065882124,0.405446386,1.219115989,-0.178976022,-0.881440597,0.238092645,0.412213795,-0.904181979,-0.843524501,-1.009598243,1.206623408,-1.466088106,0
-1.318076497,-1.49166776,0.597024769,-2.356183314,-0.557132691,-1.210255506,1.491228645,-0.097360828,-0.925115896,1.201984943,0.030372856,0.378694237,0.193451383,0
-2.41176832,-2.152627857,1.051612325,-0.402030793,0.162668099,-2.324528693,-0.16041737,-1.308149301,-1.353691297,-1.715272265,-0.177676342,-0.365516726,-0.784837175,0
-2.504326087,-1.840043895,0.945319951,0.391468118,-1.587822142,-2.219968699,-0.34352177,-2.581739178,-1.439637417,0.774468189,-1.832237571,0.080171832,-0.41681564,0
-0.645278947,-1.050541215,0.319255309,-0.06807474,-1.962895207,-0.541177823,-0.640037332,0.911933769,-0.631486454,-0.196321552,0.247580976,-1.311038151,2.014422457,0
1.000495274,1.034290159,-0.477386857,0.752188122,1.653722441,1.007968392,1.019782486,-0.415364595,0.574752815,0.883330305,-0.459800296,0.687439506,0.504847982,1
-2.779206607,-1.941543271,1.018428309,-1.040976009,0.926387544,-2.429411935,1.243617568,0.423205573,-1.591422366,-0.875906155,0.592245217,1.48849991,1.526998808,0
-1.721647981,2.418496029,-0.297299029,-1.073107414,-0.262035222,-0.671891203,-0.42934385,-0.684629797,-0.36490383,-1.588129926,2.14198264,-0.637804067,1.335051867,0
-0.341427819,-1.018119867,0.211767422,0.355974388,0.616501041,-0.221149467,0.814623505,0.265034049,-0.58311029,-0.976839915,1.119651017,0.158516158,-0.597657558,0
-1.609587297,-0.248640962,1.131736975,-1.507845964,1.74343982,-2.943550611,0.319561789,-0.275570784,0.948037576,0.771517941,-1.142903197,-0.054462183,1.274118093,0
-3.243393003,0.560711137,0.65560364,-0.411279924,-0.534750805,-2.619368225,-0.18848686,1.653635216,-0.942733363,0.901143631,1.623861412,-0.430414709,1.368189024,0
-1.320383582,2.152275085,-0.321764518,0.062150906,0.39411193,-0.407147347,0.309138187,-2.176779701,-0.268143113,-0.118852482,0.50116207,-0.17690009,-0.571738582,0
-3.694926069,-4.339780382,2.032962705,-0.678054613,-0.390349783,-4.152008547,0.509089951,1.674332816,-1.905241721,0.771827216,-0.905971535,-1.167365121,0.073782171,0
-2.728628453,-2.651306812,1.255912276,-1.178685746,1.381797535,-2.704097515,0.694839617,-0.631561792,-1.544305673,0.722691132,-0.162702633,-1.327174637,0.722364177,0
-2.287118857,1.536558441,-0.109633873,0.282217755,-0.023803708,-0.950844873,-0.931766709,-0.136557109,-1.096068279,0.051243512,-0.150588339,0.170784148,-0.610838002,0
-1.554028621,-0.420435607,0.461775885,-0.000360725,1.859647494,-1.347852076,-0.937070284,-1.275806193,-0.634869364,-1.532380399,0.43763343,-0.067652777,-1.618376566,0
-1.915368989,-1.268233525,0.641591454,0.984638659,0.552066559,-1.562107367,0.257478087,0.639604903,-1.179901037,1.23462309,-1.093166232,0.849725657,-0.74760878,0
-2.46595363,0.571097403,0.63683338,0.063077675,-1.132882813,-2.356172138,-1.573008543,0.611106095,-0.298193996,-1.075858562,-0.41145651,-0.468348689,0.821538817,0
-1.48172201,0.335470375,0.342049262,0.165590505,-2.454090251,-1.320972043,0.706892173,-0.922546328,-0.276020569,-0.268148684,0.686183557,0.499282941,0.546265245,0
-0.00129721,0.211437721,-0.248367543,-1.926750538,-0.630635813,0.48860908,-0.171085957,1.683621339,-0.400534023,0.230325803,-0.409850042,-0.587615146,0.311203102,0
-1.435979732,1.976970026,-0.176133609,0.229266841,0.206186704,-0.709183492,0.255357031,-0.50933265,-0.173217399,0.475840377,-1.277257668,1.597699326,-1.700756937,0
-2.043496225,1.225195806,-0.093043735,-1.326434827,0.274215035,-0.808828421,-0.069219408,0.687177475,-1.078554542,0.520776445,0.004438523,-0.966126523,1.745903632,0
-1.86482445,-2.33070449,0.97997473,0.670254085,-0.193905678,-1.941741093,-1.243657583,1.782235394,-1.169748733,0.455707102,-0.6282079,1.770718253,-0.456208612,0
-1.477737688,0.231992388,0.294986128,1.281340024,0.112679346,-1.176749066,0.124055418,1.0454725,-0.455388215,0.564591901,0.790263318,-0.855893804,1.756929058,0
-0.344329748,-0.205248682,0.420408251,1.935152268,0.514265592,-0.98064232,-0.458632397,0.377094727,0.489337112,-0.698902882,-0.999171843,-1.367871777,-0.622140955,0
-3.263329595,2.015770066,-0.220025185,2.397521718,0.186699724,-1.150431023,1.071840258,-0.440483483,-1.838463178,0.242474026,0.326660804,-0.362312831,-1.974206728,0
-2.365678231,0.503649242,0.361073994,-0.391876527,-0.006959883,-1.67819016,-0.225527827,-0.697662846,-0.879694334,-0.218580204,-0.550700882,-1.746729367,0.058163899,0
-2.401177584,-0.145295321,0.82794948,0.998604095,0.148375277,-2.519280888,0.106739777,1.759888016,-0.347662021,-2.08195404,-0.386747662,-0.399035003,-0.057243601,0
-1.421093672,1.531443794,0.142241417,-0.205535912,-0.936834239,-1.270416755,0.741657083,-0.708276338,0.221493968,-1.171745302,0.155890628,-0.851752505,1.802959455,0
-1.745679715,0.312789298,0.184341019,0.023404511,-0.901152343,-1.031503387,0.511643063,-0.986919383,-0.877299059,0.43001338,0.431332186,0.33776032,-0.64694282,0
-2.856488094,0.408680511,0.020003577,-0.589013039,2.956691633,-1.012947673,0.189599877,-2.671061965,-2.14444223,0.221757746,-0.835480394,0.21101703,-0.686278406,0
-2.654827286,1.060504179,-0.218805847,-0.904138843,0.15703917,-0.642139914,0.071231397,-1.482073275,-2.017520856,0.074851812,0.273521567,1.062572006,0.589369607,0
-3.425384279,0.443551652,0.38844862,-2.210699527,-0.275852715,-2.024867979,-0.119085842,-1.460150262,-1.788530732,0.31325126,-0.811144015,0.264301414,2.368393468,0
-1.647414367,0.756915511,-0.054036233,-0.308864631,-0.839098223,-0.61855457,0.555997052,-2.549539345,-0.994757949,-0.158230137,0.638868874,-0.704294569,0.557102447,0
-0.567874942,0.541043546,-0.269005454,-0.565628437,1.420614007,0.25619803,-1.61748076,0.83019729,-0.695530644,0.598388907,0.322898686,-0.301044797,1.72787518,0
-1.873836134,0.48999931,0.272435992,-1.651539713,0.253242422,-1.330496022,-0.534857906,2.465927331,-0.659257338,-0.058015094,-0.453364654,0.950241652,-0.345703906,0
-2.061436896,2.754794744,-0.440989757,2.861139293,1.106940633,-0.562170429,-0.748632724,2.614370011,-0.732949459,-1.309846792,0.815761436,1.915264496,-0.664435252,1
1.660866774,0.409615533,-0.101777967,1.031949345,0.246346009,0.566072996,0.958321975,-0.290424363,1.527802368,-0.845078356,-0.359578233,-0.785955565,0.551176168,1
1.171694609,0.432426434,-0.254996933,-1.404308024,1.297579725,0.764412688,0.512470519,0.60063534,0.773890359,2.259787812,0.864998835,-0.977837025,-0.559004908,1
-1.824899255,-1.776764084,0.766028508,-0.141070972,-0.884131269,-1.63959646,2.026134521,-0.63452086,-1.201354694,2.073744615,2.19052923,2.198402766,1.559664738,0
-1.439122176,0.82801729,0.429915759,-0.752342503,-0.66950356,-1.680941135,0.042301422,0.207263729,0.326041201,-0.60567366,0.457348685,0.778560354,-0.040801581,0
-1.848883358,0.447752128,0.549564882,-1.209422454,-0.522130186,-1.936929824,-1.547278551,-1.740679436,-0.047223454,-0.12517492,2.071171303,-0.538526454,1.515176393,0
0.061258956,0.633601853,0.382683458,-0.277417431,0.477527911,-1.072711893,-0.573304922,1.763174929,1.38513284,-0.158832361,-0.251724341,0.255237956,0.294333045,0
-1.558540173,-1.144098708,0.516952473,-0.91379432,0.65523276,-1.220113006,0.135068065,0.225898432,-1.055273251,0.669081112,-0.342222491,1.842694222,1.666570769,0
0.102564829,1.043450356,-0.56364217,0.37865347,2.39640119,0.94132371,-0.698077749,-1.070214788,-0.396054859,0.980732112,-0.919113591,0.639130791,0.929071434,0
-1.923173339,0.843314029,-0.169132685,1.348056188,-1.367249828,-0.467436652,-1.225819573,1.241169096,-1.429300297,-0.303036764,0.78437957,-0.589030879,0.07638299,0
-1.222080545,0.46570117,-0.051547436,1.102195319,-0.233791368,-0.399215491,0.473215209,0.817686313,-0.835161432,0.503859934,0.08519593,1.360294993,-0.885970082,0
-1.689916928,2.10674461,-0.432978565,0.939009879,-0.71291841,-0.245549157,0.436051075,-0.890194573,-0.87435682,0.60551292,-0.158416235,0.376815071,-0.711058357,0
1.141007154,2.226570632,-1.179773702,-1.782909897,-0.136000324,2.222610063,-0.128969226,-0.209765246,0.011650229,0.484920946,0.200482643,-0.378545399,0.362367575,0
-1.413385307,-1.498372332,0.608520258,-0.163273215,1.030619669,-1.261464899,-1.331173423,-0.564055891,-0.987557768,0.630720845,-0.575655658,-0.580222799,0.023488459,0
-0.83431789,-0.646536368,0.187821311,-1.078748302,-1.334211795,-0.439544339,-0.486902125,-0.69429543,-0.789842514,1.699266584,0.029060402,-1.070151987,-0.07940748,0
-1.504748382,-0.293132725,0.198954101,1.405885389,1.46940953,-0.78232275,0.244705997,-0.446936071,-1.086479222,-0.99348014,1.040090157,-0.160934529,-0.234773366,0
-2.407213243,-0.399088644,0.922649546,0.207627398,-0.070114144,-2.64664316,1.226389944,-0.161447133,-0.329930865,0.801785184,-1.006308006,0.854199649,-0.231452215,0
0.58901899,0.591002013,0.873652253,-0.159252307,-0.376466527,-2.018915491,-0.228457343,0.22038282,2.915765161,-0.019920002,1.729930714,0.147089582,-1.716303123,1
-0.837760481,-0.013831886,-0.020986077,1.539448765,-0.635766213,-0.189228344,-0.286599128,-0.051514512,-0.788987065,-0.656844701,0.159003655,-0.011426215,-0.567379492,0
-2.717934537,0.252574738,0.300008934,1.557027152,1.222625276,-1.553142823,-1.178214635,-1.264233982,-1.511755453,-1.48326899,-0.106982772,1.133347994,-1.685949201,0
-2.056043323,0.504631411,-0.228853212,-1.055137547,-0.684680893,-0.251379231,-1.768081242,-0.038617134,-1.932170664,-0.412156555,-0.751743565,1.07998317,-1.192257409,0
-2.192103933,-1.680180244,0.844928633,0.182297748,1.869253831,-1.958380093,-0.185805917,-3.200569927,-1.272884905,-0.305518975,0.331822807,0.526967331,0.032293619,0
-1.507601532,1.026981778,-0.160725311,-0.859716685,1.081559381,-0.431126947,0.724800678,-1.081927365,-0.910418586,-0.036878059,-0.021342951,-0.959044677,-0.724792319,0
-1.834730026,-0.087530918,0.177356259,-0.443577908,1.021126288,-0.900749769,-1.641341336,0.085419288,-1.269599022,-0.182805902,-0.481510038,0.272671623,-1.593999532,0
-2.540183274,-2.17889937,1.06699502,0.89176428,0.661653767,-2.387231545,-0.887314365,-1.854136477,-1.450929554,-0.595663702,-0.686549744,0.75576185,1.955526086,0
-2.261984388,-2.712195621,1.20450441,-1.05352767,-0.506534493,-2.431511194,0.232242855,1.490359982,-1.297607871,-1.426834094,0.044958196,1.30975515,-0.101985825,0
-2.921061435,-2.062005719,1.08635563,2.121550092,0.072640503,-2.582069862,-0.31555599,1.898565459,-1.652824212,-0.498041696,-1.138991865,0.555758779,-0.021168551,0
-2.275610969,0.808994339,0.266067067,-0.929116605,0.158047122,-1.543996756,0.726336074,0.82112226,-0.786246552,-1.505565185,-0.998332137,-1.868253831,0.504930955,0
-2.569752789,2.030450554,0.244555258,-0.562804331,0.33857419,-2.00907461,1.783229892,-0.457789353,-0.179474323,-1.864064825,1.312509344,-0.861023106,-1.535864671,0
-3.005998302,-2.637018503,1.314915763,-0.630866305,1.7636262,-2.922939661,-1.823296666,0.095442078,-1.643467931,-0.41982649,1.862419122,0.614846863,-0.474530009,0
-1.758447624,0.42139555,0.433538767,-0.081601924,0.590452301,-1.638460611,1.139856604,0.786860069,-0.248250925,0.246886902,-0.499290591,-0.504312034,0.071631277,0
-0.795213957,-0.407722406,0.185921298,-1.049214769,-1.255198115,-0.507832502,-0.939615581,0.624920464,-0.581667702,0.207528278,-1.236382128,0.000821337,0.029183758,0
0.762342889,1.566767876,-0.883854491,-2.363278223,0.043967796,1.674029433,-0.177106567,0.540002949,-0.147661276,1.958654794,-2.017377385,0.23385641,0.671992011,0
-3.644939406,1.527797657,-0.033918785,0.095460468,0.108953717,-1.51118018,-1.872245062,0.785047023,-2.118447337,0.975611276,-0.111466083,2.271574459,-1.648249719,0
-2.557389341,-2.855065929,1.274971222,-0.770056302,1.186669577,-2.626354317,-0.1807681,-0.730321534,-1.504128647,-1.742735822,0.351285218,-1.835118342,-0.065647385,0
-0.358104376,-0.139672937,0.30460874,-0.05091773,-0.497745142,-0.74503883,-1.308843842,0.968022707,0.266449791,0.499726273,0.837746226,-1.368671069,1.025493586,0
-0.88269246,-0.228891912,0.057495363,-2.206096149,-0.24013526,-0.304635186,-0.451218598,-0.729325233,-0.812694353,-0.545268876,0.182836159,-0.032593982,-0.457407695,0
-4.464286009,-4.87013457,2.372807529,0.360452613,0.666185766,-4.958377589,-0.081311205,0.060865109,-2.210532353,-0.738352005,-0.325201592,0.674333944,-0.207558589,0
-1.052032297,-1.354611514,1.275715123,1.513444975,-0.490399253,-2.72077263,1.420396431,-0.22202015,0.932282039,-0.53163817,0.417399278,-1.511804745,-1.112101894,0
-2.628300019,-2.650639654,1.252307386,0.52659014,0.755081017,-2.667213789,0.488389642,1.348460944,-1.46428388,0.912671662,-0.664173195,-0.478733665,1.543242089,0
-0.254168191,1.08835634,0.691092097,-0.972996765,0.675387606,-2.022835093,-0.058562051,0.786430108,2.141155253,1.588415858,-0.569061833,-0.385528375,-1.067882872,1
-1.678398421,2.717185718,-0.998808239,0.583324301,-0.691514121,0.826554434,0.261481687,0.53057064,-1.678095734,1.234086745,1.021579533,-0.101320685,2.437304624,0
-4.971822614,-4.172813677,2.218434213,-0.201826466,0.236200512,-4.999623572,-0.250407037,0.101665118,-2.479505214,0.651366534,1.587915433,-0.242714588,0.630530816,0
-3.083019782,-2.470651229,1.277921654,1.959366312,0.434452116,-2.919696592,-0.302212463,0.436278296,-1.669525282,0.139221178,-1.370234968,-2.522423232,0.399968193,0
-1.434177383,0.980996262,-0.376255416,1.260839817,-0.209099077,0.094983239,-2.052462708,-0.093647285,-1.364209252,0.201519671,-0.060869172,-0.063583395,-1.019361487,0
-1.869492395,1.216420641,-0.15744348,1.779448592,-0.138032197,-0.609504248,1.285904921,-0.846444375,-1.077648202,-1.739255646,0.837023006,0.094443325,0.22121253,0
-2.567804287,-2.831692385,1.260982391,-0.427275369,-0.551259241,-2.60584449,-0.855483581,2.17389728,-1.527159862,0.486758397,0.931778617,1.576278859,-1.327805213,0
-1.838424849,-1.042979677,0.517884614,0.933016739,0.661869019,-1.338484167,1.157718917,1.876107175,-1.222099357,-1.413804845,0.507950379,0.46638713,-0.368770499,0
0.514743216,2.353496604,-1.092278583,0.808529373,1.504108011,1.798943982,-0.654704897,-1.218910476,-0.244167003,-1.5242013,-1.714125756,0.049284389,0.685630034,0
-1.957595275,0.417526104,0.400567166,-0.486492616,-1.042583154,-1.619779283,-0.54885386,-1.335322539,-0.499022748,-1.827195937,-1.220950571,-2.520438471,0.016707385,0
-1.640723208,0.64448487,-0.026844921,-0.443414147,0.02146026,-0.638799915,-0.264320956,-0.05965401,-1.011843554,0.685681846,2.150388393,1.010827698,0.376205,0
-2.829444373,-2.563470499,1.251571023,-0.31244014,-0.114602039,-2.75418643,-0.685259468,1.074675448,-1.576508002,-0.871507592,0.509230233,-0.145979217,0.491772516,0
0.866744368,0.402330641,-0.493270015,0.296050715,0.743840389,1.227364251,-0.530391591,0.749789878,-0.0494809,1.780234651,-1.270763833,0.020153546,-0.412875993,0
-1.741170271,-0.65778662,0.644527313,1.448754116,0.339181671,-1.732917206,-0.049923947,0.652743154,-0.565456205,0.124181616,-0.044519448,1.429611094,-0.249356581,0
-1.027099634,-0.609451506,0.182147099,-0.163291581,1.10916985,-0.495315585,1.045163868,0.186527574,-0.943234059,0.163944953,1.480024286,0.031891582,0.008676042,0
-2.927165901,-1.712865339,0.995739637,-0.449004933,-0.547286163,-2.500960017,-0.612180062,-1.429765552,-1.600810633,0.040973772,0.208394367,0.981825687,0.999686234,0
-2.473709902,-3.361753279,1.47506853,-2.272451717,-1.619340869,-2.878031351,-0.551978921,-0.119544946,-1.360379659,-0.283778036,0.876995651,0.88657217,-1.589963442,0
-4.154951593,0.135567288,0.430273473,1.192477403,0.653007938,-2.222012567,2.484144081,1.041107817,-2.561715497,-0.834376312,-0.062513768,-0.923119184,-0.07242907,0
1.542122123,1.641598898,-0.058399629,1.225670095,-0.118742487,0.000739268,0.2694377,-0.585215859,2.441191202,0.336903058,-0.509050164,0.151851909,-0.507803102,1
-2.875507145,-1.452389321,1.340116331,-0.670913551,0.832995918,-3.358518004,-1.914581965,0.28459788,-0.588571556,-0.187404535,-0.219273285,-0.38975639,-1.407644811,0
-1.671601306,-0.208740545,0.310733736,1.21532597,0.73226762,-1.113590423,1.077416499,-0.518800042,-0.918383415,0.395898107,1.384311753,0.188099566,0.507512872,0
-2.621939247,1.041663717,-0.096682611,1.445067329,-1.148674252,-0.90298509,1.760161075,-2.906774049,-1.72886347,-1.578028583,0.126579307,0.654668225,-0.951652824,0
-1.71325494,0.448278019,0.494997204,-0.160916727,0.881656461,-1.774240106,1.019636491,0.562140623,-0.050824767,0.481762709,-0.855836169,-0.050453489,-1.414253116,0
-1.882289994,-1.927182597,0.861250764,-0.416484264,1.287652877,-1.81926591,-0.918528891,1.594371188,-1.150121712,1.160367822,-1.574727358,-0.370233594,-1.052084267,0
-4.225240738,-3.281205669,1.807201546,-1.058046502,-0.959902389,-4.16481471,-0.83329063,1.317566157,-2.084576246,0.152389492,-0.032439792,-1.583080415,-0.353263974,0
-0.47183223,-1.157360191,0.297097346,0.645866668,2.094374972,-0.403374348,-0.095610779,-0.407943635,-0.60948637,-0.595067487,-1.313148587,-0.871458366,0.575598427,0
-3.901310111,-0.697777956,1.118374794,-0.571294942,-0.767536643,-3.416619161,-0.355743455,-0.56192986,-1.418501462,2.192968976,0.303182254,1.923955176,0.446935315,0
-0.273714642,1.654561493,-0.738523718,-1.176963205,0.826128634,1.014730536,1.887166062,0.250398697,-0.660782146,-0.488137724,0.819421207,0.538084786,-1.558699805,0
-2.264052869,-0.178729183,0.239677253,-0.300917713,-0.612734175,-1.133901312,0.503412212,-0.07458023,-1.572763606,0.588788877,-0.224315475,-1.507313581,-1.251522794,0
-1.934021352,0.049976988,0.738856854,-0.37372087,-0.175379684,-2.251056179,1.21032385,0.13152273,0.006172139,0.792961605,0.569029537,0.984655798,0.783823406,0
-1.739666355,0.228974082,-0.163504591,0.394544034,0.471080404,-0.211489211,0.081644709,-0.322061396,-1.71507014,-0.250787607,-0.13268178,-0.5043652,0.299183461,0
-2.1536945,1.678934059,-0.216843475,-0.946153581,0.325963605,-0.719231442,1.512126142,0.081861341,-1.113804976,1.581876093,1.212106713,1.362759562,0.18911585,0
-0.629503643,-0.987712634,0.470746203,-0.96041692,-0.214388932,-0.902243756,0.047514635,2.278517316,-0.230910327,-1.170435757,-0.767272572,2.785911914,0.981821944,0
-1.799701178,-0.900322385,0.506486399,1.475292849,-0.03270281,-1.351569328,0.709404817,-0.118039873,-1.107354637,-1.286649394,-1.494802627,0.129441291,1.494840126,0
-1.476673295,-0.586636491,0.295908966,-2.27914055,-2.304092299,-0.891010761,-1.161733696,-0.135975185,-1.063548265,1.827769001,-0.408996139,0.641475996,-0.757578703,0
-1.533766572,-1.718494795,0.726168319,0.169355704,-1.018459154,-1.48568114,0.549526489,0.784387459,-0.993053902,1.677358132,-0.549318972,-0.252625469,-0.991198645,0
1.53940356,-0.42164273,0.449209088,0.504564275,1.228529316,-0.426530851,0.43873504,-2.88761385,2.037375668,1.12297994,-0.909999603,1.404127576,-0.540595616,1
-1.924752183,-1.924105651,1.44476723,-1.877724864,0.758388713,-3.155889861,-0.882768478,0.383196151,0.124310236,-0.902198087,0.952514759,0.814987455,-0.876934582,0
-2.237996505,0.937445726,-0.090259514,-1.210552646,0.788823601,-0.770186797,-0.043899106,0.223679486,-1.456979475,-0.806277038,1.702011701,-0.457275151,-1.276385612,0
-1.838392076,-0.489800304,0.319571876,-0.611756359,-0.797231764,-1.083033956,-1.220376009,-1.297635998,-1.254033276,0.538915694,-0.723391719,-0.080788051,-0.405503691,0
-1.900919659,-1.588612754,0.727091194,0.063327203,0.999148025,-1.639308951,-1.348610466,-0.258651841,-1.214634528,-0.182518293,-0.384575802,0.41979591,0.40107325,0
1.133952166,-0.62503579,0.453285659,1.619144554,-0.068672854,-0.481303939,0.452657639,0.125409673,1.54061516,-0.051308124,-0.777812788,-0.135360041,1.371271396,1
-1.795559362,0.185816503,0.469908788,0.565200217,-0.28279321,-1.648904716,0.654688493,1.19036142,-0.374931854,-0.291332006,0.470392742,0.464487606,-0.359755017,0
-2.479930386,0.648374256,0.294684802,-0.438078648,0.579298645,-1.611424205,0.928767535,-1.231868688,-1.020373456,0.962607274,-0.353817526,0.971088338,-1.403698385,0
-1.707057142,-0.846878282,0.783197074,0.858458843,1.987400883,-1.971136321,0.650311197,1.696854074,-0.365707837,-0.269110803,-1.004318384,0.285486163,-1.069402387,0
-2.204029255,2.402572099,-0.407544169,0.138865798,1.291289719,-0.555443444,-0.726656632,-1.708546567,-1.045384949,2.311303587,-0.994733799,1.944330316,-0.451647636,0
-1.776717614,1.940319393,-0.301233517,0.299796172,0.489962309,-0.510906936,0.960060875,-0.691930841,-0.778811273,-0.177322788,0.252892796,-1.498281809,2.339996322,0
-1.38977641,0.989172146,0.098363002,-1.998286677,1.23969453,-0.971415097,-0.013346465,-0.790428714,-0.254447935,-0.943486179,1.077336887,0.184832888,1.190538984,0
-2.178392448,-0.046745267,0.708428852,-1.835998364,0.699309874,-2.218576979,0.015071219,0.094550955,-0.347704812,2.21173035,1.028161739,-0.152298873,1.354340047,0
-2.815079268,1.243840133,0.235871542,-1.73578893,-1.716484161,-1.78387561,-0.429411334,-0.617496376,-1.000445387,0.683129245,-0.552770013,-0.1454716,0.929896445,0
-1.573931536,1.803575803,-0.475028655,0.359518882,-0.976433669,-0.010247784,-0.441535329,-0.161822759,-1.093754138,0.037560467,-0.434824621,1.492651179,-0.639246133,0
-1.358389481,-2.350768115,0.874621945,-1.376621866,1.675497496,-1.549678877,-1.93883946,-1.585358269,-0.978859101,-0.392018535,1.130715115,0.26216315,0.652913476,0
-2.896432694,1.49160308,-0.36891332,-0.659724671,1.232784272,-0.522839489,0.768971892,2.253935916,-2.243450138,-1.612837526,-1.545303541,-0.202245244,0.430442704,0
1.541475436,-0.340901606,0.874313938,1.565874548,1.29800681,-1.418340731,-0.920055634,-0.470013866,3.05325596,0.377208816,-0.640125605,-0.703466792,-0.928982059,1
-0.781890723,0.516984317,-0.108187655,-0.225032269,0.744842335,-0.161792597,0.318163943,-0.307657941,-0.539560748,0.300466822,-0.87772128,1.984976882,-1.222763423,0
-2.343985233,1.942715359,-0.439865191,-1.376788825,-0.209702106,-0.361007021,1.772436543,-0.61845439,-1.583432297,-0.812024875,-0.658127726,-0.58125595,0.423553396,0
-1.191392615,-1.165670073,0.429990766,-0.454379547,-1.784216733,-0.909410226,-1.507113346,1.767130781,-0.945878674,1.103905756,-0.678409744,-0.404175238,0.831114781,0
-0.404610968,-0.449365205,0.031700415,1.331481826,0.033998699,-0.030783854,0.861887676,-1.606901014,-0.617682295,-1.100176205,-0.816457144,-0.28710352,0.65216884,0
-1.085191182,-1.203997764,0.421564958,-0.024109023,1.41665951,-0.846203391,0.78996412,-0.500712708,-0.900657011,1.388067015,-0.146348434,2.414548604,-0.259130994,0
-2.85614339,-3.029679325,1.42748351,1.175426062,0.753774711,-2.997076615,-1.113105738,-1.012183581,-1.553189828,0.451790756,1.548894608,0.371743909,-0.629906043,0
-1.092370997,-0.76862525,0.294276204,-0.653458573,0.700836447,-0.712524589,1.786780836,0.855275264,-0.867485902,-1.590679511,-0.107612885,0.19205291,-0.623697261,0
-2.549114743,-1.074509068,0.673690969,-1.536581017,-1.064114154,-1.885767527,-0.041802933,-0.192420162,-1.516671453,1.13031081,-0.740041283,0.521025958,0.102939807,0
-2.383622206,0.677457801,0.330322216,-0.818475086,-0.316657765,-1.674674196,1.393924531,0.722495769,-0.834601111,-0.314960412,-0.353951388,-0.833747241,-0.324979444,0
-1.214151383,2.980176384,-1.439233292,-0.926884832,-1.044436197,1.866904114,-0.684043445,-0.143166334,-2.064517792,1.536655829,-0.561512021,1.551147081,0.769457311,0
-0.737480524,3.874785857,-1.204677051,-0.654027609,1.693957226,1.158279811,-0.353584813,-0.065768724,-0.454114641,1.710848656,-0.194783369,-0.253786076,-0.546550682,0
-1.887795292,-0.711302792,0.434123606,-1.568326456,-0.021744078,-1.2792678,-0.01801334,0.942894236,-1.205525182,-2.000714461,-0.769839706,1.690970943,1.33494598,0
0.2735619,0.790474468,-0.518598571,1.158502372,0.169992925,0.977355539,0.885614239,-1.449537684,-0.334531907,0.904721966,-0.580911828,1.175739822,-2.785198782,0
-2.880886207,-2.560284515,1.259872928,0.452901432,-0.471261479,-2.788972445,0.400339893,-0.453430357,-1.600424389,-1.388847583,0.889785825,-0.265909277,0.572714989,0
1.030091882,-0.71752615,1.217655468,-1.274603773,-1.266102334,-2.21221203,0.394971362,-1.416786647,3.095858076,1.151253874,-0.990752809,-1.107813476,0.322857958,1
-1.525418972,0.473566189,-0.144771124,-0.18012639,1.88589128,-0.278073571,0.099719846,-1.421083377,-1.303342823,-0.2014919,1.595934783,0.227148438,-0.616183606,0
-1.16222156,0.697749413,-0.241537037,1.373556899,-1.849124161,-0.032591932,0.955108681,-0.883053556,-1.035923166,-0.264054928,-1.245942203,-0.101873973,0.291438264,0
-0.854181828,-0.439137887,0.100821544,-0.949214339,0.249555056,-0.320821205,0.466713586,-0.361662331,-0.847550416,-0.669111705,-0.424658775,0.007960683,1.05838944,0
1.465732177,-1.198181589,-0.387449707,0.972286975,-1.026234349,1.722324944,0.045548855,0.527777013,-0.483876334,1.38285207,0.102910855,-1.391808325,1.111247413,1
-0.930545873,0.222976917,-0.154820499,1.638512436,-0.417538228,0.004339844,-0.278388787,-0.925667143,-0.993498183,1.460415178,-0.699054625,-0.926988182,-1.548975212,0
-1.340184239,-0.299078002,0.173590133,0.080947111,0.332963473,-0.675240688,0.747387327,1.602313235,-1.004120229,0.282597417,-0.497726798,1.001241872,0.561206944,0
-0.913617282,-1.104661199,0.361342488,1.118603577,1.251364899,-0.695025086,-0.682795609,-0.206918168,-0.81178772,-0.045154845,-1.625386052,0.306497639,1.849971594,0
-1.655362456,0.144418168,0.331101981,-1.283717239,1.512985311,-1.279135399,1.306860516,-1.294804821,-0.594847221,0.82511636,0.673544162,1.152022303,-0.52781481,0
-1.915250325,0.205465628,0.449714464,0.20106699,-0.884380215,-1.644538136,1.37652266,-1.178127895,-0.510091994,-2.230130253,-0.26382823,-2.082471977,1.353435063,0
0.33435596,0.27473656,-0.362619735,-1.415064873,0.225589819,0.822306785,-1.072276218,-0.140095543,-0.316511461,-0.980408945,1.675522521,-0.834543587,-0.388304609,0
-1.916241101,-2.896992783,1.19522709,-0.343035305,1.731650434,-2.245825942,0.772425411,2.355968141,-1.154465667,2.339696349,-0.104343196,1.423386093,-2.737337056,0
-1.446752189,0.257015805,-0.002678897,1.243941925,-1.139182124,-0.501556987,-0.30737032,1.109371569,-1.077508815,0.698432782,-1.6540355,-0.610149746,-0.052611873,0
-0.436924272,0.127447397,-0.162234329,0.457955025,-0.932268327,0.197106117,1.804714373,-0.491568628,-0.650395948,-0.807009383,-0.134938103,-0.572953119,-0.833090176,0
1.776865663,1.830036763,-1.163241624,-1.432782039,1.311615122,2.507825413,0.751448949,0.001101112,0.307968061,0.948392813,1.907294258,0.744219846,-0.734952273,0
0.784025682,2.119115814,-1.094021398,1.100531887,-0.513340877,1.962900084,-0.984216076,-0.554812633,-0.187906796,-0.080890147,-1.377776792,0.452018425,-1.128862978,0
-2.627957193,3.057560962,-1.14627913,-0.700020293,-0.549708402,0.767508637,0.328220332,1.013841161,-2.584061353,-0.152950729,-0.825932355,0.422339602,-1.453633899,0
-2.74920499,-2.515547236,1.215974741,-1.122931093,-0.432667799,-2.66714581,1.009230585,1.316790515,-1.550527147,-0.00155887,1.249653444,1.072274429,-1.547807316,0
-3.783495593,-2.533298391,1.428633549,0.288785739,-0.279979237,-3.44155082,0.249099485,0.033994606,-1.989839636,-0.093907352,-0.3030919,0.349279759,0.351619332,0
-0.386815312,0.821147435,-0.417114471,-0.772725306,0.232214436,0.545930905,0.401771172,0.358646858,-0.660611176,1.231009311,-0.431944035,-0.317031236,1.082761615,0
-2.488303786,1.817357234,-0.033628795,0.508447104,1.191143373,-1.279870641,-0.151177673,0.985401817,-0.891588613,1.074950639,-1.181860677,0.170503278,1.256442974,0
-1.704546347,0.524464763,0.753922041,0.889317907,0.345943668,-2.385674178,-0.130070841,-0.327607526,0.594598773,0.90628112,-0.311827053,1.378229847,1.053287134,0
0.465556824,1.2174849,-0.733285862,-0.121712979,1.532639468,1.369631238,0.401096751,-1.984409018,-0.329767113,0.994204266,0.175395412,2.598544729,-0.062452228,0
-1.883522702,-2.236734888,0.952808733,-0.147456488,0.676676869,-1.918532979,-0.58431922,0.313843099,-1.176873906,-1.974793582,-0.822021704,0.517598596,0.194325068,0
-0.576425582,0.89481604,-0.223065019,0.3112617,-1.008481427,0.025293768,-1.723046029,0.57622872,-0.335808255,0.305960024,1.295997671,-0.537406379,0.774625635,0
-1.741531248,-1.520390749,0.80914711,-1.00573055,1.239537745,-1.803375398,-0.1456974,-1.573543223,-0.840410376,-0.131717083,-0.000823189,0.73560857,1.190038753,0
-2.347030604,0.325756655,-0.00786721,0.539112065,-1.005739239,-0.773648366,-0.820448467,0.486353206,-1.823998879,1.2323792,-1.462385732,0.228572086,-0.775871499,0
-2.545180715,1.051066792,0.256242171,0.671259666,0.142621393,-1.684504094,1.086758977,0.559811762,-0.862969353,-0.827476751,-1.04392098,2.24061212,-0.812584514,0
-1.691318993,-1.757679882,0.743046953,0.81430217,1.089504843,-1.555646509,1.869881452,0.416684836,-1.122020914,-0.373035,-0.168005386,1.164993318,-0.626006208,0
-0.041787324,1.318829483,-0.655078076,-1.879381429,-0.908180698,1.010317924,1.074337166,-0.654476655,-0.521673387,1.19292736,-0.245601538,-1.257769831,1.505854178,0
-1.85585824,0.67143397,0.104935187,-0.705433724,-0.29289083,-1.009177466,-0.251280861,1.198482352,-0.883920813,-0.420355327,0.999149595,-1.020625041,-0.816064188,0
-0.680163347,0.65962831,-0.297992504,0.847194916,-0.265366021,0.247891375,2.223075243,-0.45377442,-0.770092485,1.623476405,1.205565524,0.555579834,-0.674814679,0
-1.96248668,-1.124311365,0.573647954,-1.41375229,1.441233886,-1.472167522,1.030692299,-1.343746622,-1.266041669,-0.743298152,0.646886556,-2.303370732,0.591210818,0
-1.043521004,-0.941802605,0.341373203,-0.771124757,1.009646109,-0.744413983,0.518113583,-0.089953498,-0.848446002,0.762363731,0.468586717,-0.023418631,-0.235033265,0
-1.77712898,-0.787021808,0.430254381,-0.383820551,0.757700841,-1.211973491,0.200603185,-0.544627192,-1.174096189,0.50528623,1.373822983,0.113650187,-0.545677564,0
-3.962955069,-3.651159197,1.876033985,0.550685895,1.716258552,-4.115310296,-0.506295637,0.4293998,-1.97729276,2.044821259,0.894127592,0.85179891,-0.157840729,0
-2.380465294,0.16831783,0.290342939,0.43397208,0.568634584,-1.404275434,0.275668076,1.117229998,-1.301650737,1.036432356,0.24877116,1.357184247,-0.385289404,0
-1.185806349,2.27869139,-0.504996644,0.706586445,-0.09290847,0.002807231,-0.68369234,2.626289255,-0.467356736,-0.577881837,-0.922021378,0.369994507,0.586512219,0
0.371481426,0.646071067,-0.478626597,0.870029642,0.220504513,0.965673704,-1.907361466,-1.394741442,-0.267146523,-0.192546711,1.234146987,-0.126796114,-2.722786046,0
-0.233422376,-0.925531129,0.174603121,-0.54339373,-0.453000453,-0.138230601,1.012030962,0.750638584,-0.503055109,-1.102929489,-1.358411341,0.132143757,-0.020877281,0
-2.242895957,1.976444323,-0.212738835,1.489647842,0.478504474,-0.858766345,0.54425685,1.66831112,-0.960379882,-1.39748934,-1.998621525,1.469591367,-0.072562065,0
-3.00299828,-0.122199966,0.673947256,-1.183063006,2.530524689,-2.351761869,-1.188236087,2.23813192,-1.201489447,0.023579833,1.330257779,0.36038427,1.396907532,0
-1.536580635,-1.544908839,0.654211718,1.543287733,-0.165015811,-1.384278343,-0.176560271,-0.229208925,-1.027364441,-0.221322935,0.760491624,0.120681036,-0.148161141,0
-2.859370866,-1.954902047,1.041955975,-2.156482134,-1.003969507,-2.501201738,-0.661193217,-2.301734493,-1.618610885,1.454452672,-0.581307388,-0.461647746,-0.227065166,0
-2.448859906,-1.276978008,0.728152337,-0.548340112,-0.52723883,-1.909240443,1.030408964,0.587148143,-1.458087152,-1.575000095,0.524285599,-1.124799201,0.754719239,0
-2.425978001,-2.8972495,1.289526749,0.028898498,-0.100524492,-2.606637477,-1.197027845,-1.815845979,-1.388208683,-0.062834475,0.494794784,0.591983749,0.157617807,0
-0.083372721,0.618525881,-0.40718248,0.614071359,-0.717786256,0.682110869,3.28029959,0.344185836,-0.524615922,1.740451821,-1.185617964,1.360418388,1.733799034,0
-1.88554744,-0.597049132,0.373491283,1.306314813,-1.253049793,-1.181246768,-1.250000413,1.11574924,-1.254302969,0.029644388,0.330794119,-1.159650675,-0.625110897,0
-1.847686735,0.725932015,0.225847105,0.265114005,-0.06918462,-1.300164308,-0.818666737,1.429961187,-0.564812952,2.445298965,-0.886139933,1.125289774,-1.839275214,0
-2.412313079,1.669996546,0.010938426,-0.731601866,-0.233175298,-1.307260923,0.701058349,-0.10937617,-0.835250204,0.625388006,0.058566968,1.558098785,-0.131182786,0
-3.445058388,0.679896215,0.610501533,1.606458368,0.448850831,-2.617123754,-1.022967885,-1.040901864,-1.131052318,1.216127248,0.503414244,1.044711242,-0.967940214,0
-1.988295264,2.279362381,0.118709582,-0.244952632,-0.064773332,-1.643367434,0.763859635,-0.307957068,0.231757438,-0.593953519,-0.633694771,-0.874407887,-0.575674352,1
-1.742848828,0.130524087,0.308042047,0.063446729,-0.558613773,-1.247198521,1.778077877,0.604288391,-0.733356346,1.414220673,-1.133570821,-0.410559189,-0.124288459,0
-1.383678702,-0.618326999,0.276451853,1.845787162,-0.343865455,-0.808928311,0.064336739,-0.138612271,-1.049654935,0.908509833,-0.535660573,2.318146928,0.533313556,0
-2.513738269,-0.423877535,0.303255641,-0.347587623,0.104005423,-1.264010927,2.042944861,-1.107425046,-1.831172316,-1.230476058,0.4142669,-0.463432914,-1.322271479,0
-3.445772668,0.08010903,1.234621576,1.238283211,0.830655691,-3.822042864,-0.095149817,0.355669873,-0.179140748,1.581754158,-1.258870556,-0.486768233,0.544441334,0
-3.221723032,-2.41266849,1.258648221,0.123076368,-0.285072097,-2.936366871,0.393359304,-1.134473918,-1.790603195,-0.008656047,-0.492305825,0.030107824,0.288087375,0
-2.290740138,-2.959320146,1.267578868,-0.478217869,1.524870971,-2.49604977,-0.055847413,1.534000878,-1.365695597,0.031321113,1.40989476,0.046937551,0.893627537,0
-2.919629901,2.680109731,-0.359725363,0.660258707,0.34211942,-0.967802708,-0.717282973,0.610133545,-1.355794376,-1.808342054,-0.139514028,-0.977646837,1.028877442,0
-2.766780626,0.458333052,0.031985924,1.535327733,-0.872691936,-1.031681464,0.006547892,1.314937045,-2.002151883,0.960561353,-0.532487096,-1.363096154,0.099813669,0
-0.533170999,-0.765172659,0.157678398,-0.439614823,-1.084921305,-0.242642955,0.984509073,-0.014436019,-0.683066105,-0.798772458,-0.290254443,0.333404437,-0.164659522,0
-1.780766116,0.655524902,0.267786597,0.755027794,-1.098695815,-1.351240126,0.570252724,1.146579061,-0.464839862,0.23492305,0.313050049,-0.380690689,0.025704882,0
-0.080900543,0.741963138,-0.449358139,-0.66082809,-0.868993131,0.735115227,-0.277418205,-0.339377741,-0.524931105,-0.837036838,0.39020113,-0.524225276,1.10124518,0
-4.554584268,-3.692352237,1.989036627,0.509739728,-0.297538959,-4.527782804,1.677481077,0.494967823,-2.27114672,-0.012594201,0.053177948,-0.468141933,0.925598053,0
-0.39640989,-0.625849269,0.082856086,0.989567135,0.653097605,-0.082442533,0.4884089,1.276675369,-0.627501466,1.507041975,-1.611382944,0.438149345,1.176540438,0
-2.391561344,1.382662635,-0.308377591,1.100799805,0.688347037,-0.47621303,0.665106052,-0.40406945,-1.7480802,-1.175734447,-0.041517969,-0.150348366,-0.608823162,0
-0.548378159,0.043322004,-0.081945144,-0.941653266,0.491436044,0.012421643,-1.00114573,0.363592183,-0.63038629,0.356617123,0.734806687,-0.288601347,1.392387478,0
-0.829648747,-0.078114803,0.009491817,1.033799894,-0.57076246,-0.233427912,0.999179168,1.549395898,-0.761512737,-1.682839605,1.805246663,0.178946054,-2.009775452,0
-0.655861342,-1.030079811,0.288971692,-0.241980023,-0.04850808,-0.482740304,-0.41738267,0.597273687,-0.693398025,0.339158563,-1.783241904,-0.785202711,0.883395106,0
-2.559866947,-2.233875749,1.0915507,-1.601127023,0.423079444,-2.429287933,0.127878024,-1.340428338,-1.454067104,-1.207149451,-0.758405702,0.740982434,0.849565135,0
-3.368254659,1.539165115,0.428147499,0.6654187,0.790032568,-2.483224258,0.46543309,-0.844759148,-0.831624096,-1.352734885,1.697965519,-1.436211926,2.186800997,0
-2.706725045,0.854844756,0.560872727,0.330730035,0.398937194,-2.353026899,-0.828067193,0.864515866,-0.467042018,-1.06544174,0.663893126,-0.385105377,-0.732636182,0
-2.055241253,-1.414547832,0.706435825,0.222485213,-1.010228409,-1.698122017,0.800417183,-0.096388831,-1.26578882,-0.90069747,-0.15656246,0.026227258,0.147720778,0
-3.081490114,-2.090186621,1.164042576,0.040915408,0.392971613,-2.794630508,-0.058714152,0.897685287,-1.639654151,0.05222748,0.021581483,-1.18043518,-0.254258926,0
-0.571770192,1.251202519,-0.38016151,2.202215145,1.038174477,0.257726521,1.055872141,2.642910483,-0.418148844,-0.191168529,-0.628300544,-1.17405378,0.493534311,0
-2.464469224,-0.120746059,1.244208899,0.472495563,0.94549725,-3.490151285,0.244634421,0.559138188,0.549342452,0.839560646,-0.28749884,-0.73801844,0.603908976,0
-0.043452273,0.074234429,-0.234478706,-0.229003892,0.521960947,0.493140546,-0.512718445,-0.935346033,-0.50861532,0.026130958,-0.214005161,-0.374718986,1.782303083,0
-1.851201212,-0.676474699,0.403903511,1.9681471,0.373133391,-1.21241075,-0.402901327,0.879241742,-1.215371665,-1.670932013,-0.931652785,0.486273192,-1.145662323,0
-0.614065759,1.026606138,-0.283568186,-0.549054431,-0.961251487,0.105355677,-2.009733367,-1.292303375,-0.40603641,-1.921013139,0.65591914,-0.603437834,1.528778836,0
-2.482899978,-3.827652767,1.636014981,0.18614301,1.486827198,-3.082039327,0.315279282,0.373128997,-1.355119607,0.285791716,-1.741700606,0.350079217,-0.179517597,0
-2.068662253,4.124454799,-1.410300948,0.622140974,-0.680696419,1.15288014,-1.357824007,0.554818715,-1.891526793,-0.350128172,0.603930929,0.436123089,-0.751636271,0
-1.432373079,-0.553502145,0.256109451,1.405063634,-0.773935419,-0.799611615,1.18564858,-1.12672362,-1.089422854,-1.421102217,-0.500004329,-0.265849413,0.891744293,0
-0.738482152,-0.761295511,0.244376683,-0.502766321,-1.682252097,-0.499846844,-1.453932005,-0.695806565,-0.664937844,-0.242224765,0.704015403,0.19974826,0.683852382,0
-3.328659054,0.716420502,0.551842732,1.251148913,0.029104067,-2.463347044,-0.509914502,0.270988215,-1.13374939,-0.319164483,-0.659954013,-0.361513227,-0.407898925,0
-2.798734663,-2.754561245,1.328041002,0.023162701,-1.342819864,-2.851629102,0.611174562,1.908723849,-1.520779535,-0.473412876,0.72924445,-0.787291996,2.933402993,0
0.07463791,0.063336053,-0.23360339,0.520902238,-0.520985176,0.529050157,-1.521669373,0.035221103,-0.411665417,-1.719288295,1.218986701,0.376396399,-0.121962011,0
-2.62415204,1.351844627,-0.364020548,-0.151362904,1.155732712,-0.406300453,-3.307899952,0.716430204,-2.099041959,0.919186154,-1.059340687,-2.856275413,-0.28949008,0
-2.131044164,-0.735757345,1.182063863,0.883024558,1.093099883,-3.03702411,-0.023133519,0.765504084,0.241927338,-0.522212227,0.971738013,0.404211915,-0.839146579,0
-2.390779612,0.144784965,0.789064584,0.109336904,1.684383328,-2.529982273,-0.226599164,1.148204785,-0.2092627,0.003063637,-1.043499495,-0.548403681,0.625120456,0
-1.718289122,-0.114961492,0.190596761,0.170962955,0.771528844,-0.887551064,1.255754275,-0.339251963,-1.158688399,-0.822837822,-0.831553208,-0.265343585,0.075947136,0
-0.032619341,-0.93812589,0.174009532,-1.132276793,-0.211029493,-0.074532865,-0.042733725,-0.355547868,-0.33843834,-1.701154966,2.30078874,-1.898221352,-0.549707733,0
0.98785159,-1.058930591,-0.03848177,-0.439413887,0.30698823,0.744170025,-0.276823527,-1.774312568,-0.014259084,-1.144344197,0.732223303,-0.924294101,0.108314724,1
-1.481316963,1.122790818,-0.315600368,-0.787661592,2.138055212,-0.105970655,0.712383345,0.646870465,-1.163425448,-0.041679778,-1.754758418,0.303692594,1.586197265,0
-3.151722364,3.160255739,-0.422813743,0.744314642,-0.26249686,-1.060325769,-0.811005239,0.796310083,-1.34155798,0.341830322,0.894657452,-0.747116261,-1.620094339,0
-0.798316525,-0.643998063,0.167746203,0.926912028,1.300791935,-0.384523967,0.092953342,1.019721548,-0.801551083,-1.452028749,-0.890859421,-0.874123609,-1.506962579,0
-3.172470112,-2.995373198,1.499734413,-0.363242912,-0.29730014,-3.264230265,-0.841170098,-0.605963715,-1.641703841,-0.677348814,-0.234597809,1.172012535,0.926357509,0
-2.069454432,-1.550245636,0.763532909,0.345187265,1.157770606,-1.784045894,-0.639601851,0.348532087,-1.251401108,-1.645966607,0.907149318,-0.315167673,0.050668883,0
-2.26972528,-0.994922741,0.585474277,1.174644368,-0.592280696,-1.633064548,0.421562903,1.056298508,-1.411206621,-0.032968919,-0.470582705,-1.19293673,0.410519725,0
0.611377723,1.075577348,-0.68952249,0.834776251,-2.18213001,1.362293361,-0.117647714,-1.212174167,-0.210181881,-1.670142386,0.188448355,-0.575644818,0.927769223,0
-1.259874032,1.153333398,0.02385095,0.356696097,-0.39188303,-0.822620609,0.747534972,-0.959187962,-0.185633479,-0.058429753,-0.457953,-1.414819457,-1.265959824,0
-0.410325622,1.284210824,0.153991961,0.657393188,-1.469656313,-0.918641779,-1.730312606,-1.131551667,0.945936572,-0.282301613,-0.093354371,-0.436052806,-1.333080011,1
-3.058240335,-1.518850309,0.929431277,1.361074976,0.606974713,-2.456542245,1.965397185,1.215290173,-1.719200238,0.076029687,0.53426577,-1.117001909,-1.896893594,0
-2.583752883,1.078489731,0.047121736,-0.134737063,0.752034159,-1.231021567,0.262019976,0.050447443,-1.345375519,-0.918707476,0.561576884,1.003504862,-2.62852114,0
-0.269916573,0.709319947,-0.382912704,1.364781473,-1.395300469,0.54136833,1.060793887,-0.668622863,-0.565278534,1.059321235,-2.674632546,-0.664275879,-0.916134584,0
-2.852538577,3.254931534,-1.276875504,0.055538741,0.423323382,0.929564629,-0.161829263,0.713566152,-2.925841547,-0.219107162,0.0681671,0.140910878,-0.420619342,0
-0.76001902,-0.923517584,0.399297172,0.921516969,-0.528246295,-0.800410533,0.51658497,1.360611205,-0.457264793,0.012983829,-0.39996135,1.054035683,-2.464674485,0
-1.32653615,-1.667348395,0.65485856,1.661009126,1.480776447,-1.28214727,-1.091280994,1.94779486,-0.933900792,-1.088692348,-0.819579934,1.566539716,-0.26701487,0
-2.439588819,2.788308973,-0.837221037,-0.858387534,0.278668456,0.215538535,-0.304485282,-0.203522398,-1.927160231,-0.751941621,-0.531617936,1.436158506,0.112567255,0
-2.169890713,-0.598429064,0.967991972,-0.071086133,0.021496906,-2.610993525,-1.462634904,0.007940523,-0.169776298,-0.571825786,0.850233052,0.992354731,0.302039323,0
-2.739017624,0.414591871,0.126543761,1.096593789,-0.986773618,-1.222746751,-0.185503529,0.047579417,-1.798407453,0.778932181,-0.025733795,-0.820585296,-1.78698901,0
1.863455438,2.706296871,-1.525307985,-0.385897619,0.33334072,3.04613033,0.265698337,0.591127942,0.22541291,-0.386096156,-1.451964087,-0.316420721,-1.053592515,0
-1.973405375,-2.061483075,0.894695697,-2.543801301,0.128412895,-1.87422729,0.123517462,0.803584805,-1.254913191,-0.187844223,-0.433607989,1.0179916,1.314012743,0
-0.102172882,0.167492916,-0.246789042,0.061926134,1.340751517,0.471363163,1.999002587,-0.460318871,-0.517889824,0.621845499,-1.277633419,1.34519302,1.542885053,0
-2.07819922,1.724452844,0.109439029,-0.924692231,-1.366246629,-1.453380529,-0.414005235,1.099073063,-0.281827575,1.092525415,0.599441015,-1.567772348,0.10094697,0
-1.754699437,-1.635977523,0.708042646,-0.436921324,-1.727057533,-1.537293211,0.991153132,-1.147563679,-1.16504706,-1.200642857,1.124417468,-0.417992234,0.160888954,0
-2.396121732,0.835461729,-0.006171213,0.910492132,0.723799416,-0.970678285,-0.514416762,0.837209487,-1.482534277,-0.751026807,0.895460224,0.415922659,-1.090753716,0
-4.260218961,-2.27208422,1.470238439,1.485887549,0.197308378,-3.765173279,1.276289574,0.671507073,-2.117777779,0.786115204,0.075290737,-1.460837985,-0.117494933,0
-0.945440062,0.790893786,-0.590368984,-2.35278647,1.494005248,0.788308915,0.54082821,-0.090920803,-1.559741905,-0.122202151,1.210382609,1.765561178,-0.247185365,0
-3.082011173,-2.044576443,1.075244606,1.471297688,-1.034860985,-2.609425042,-2.450346685,-0.850393997,-1.805290997,1.043875575,0.697409148,-1.935689106,-1.087602822,0
-0.842627854,0.44285697,0.073676188,0.655799667,1.438439036,-0.565707943,0.931146701,-1.52626429,-0.239899037,-0.51802618,-1.332161183,0.003303357,0.806824615,1
-3.946986049,3.979976806,-0.949930378,0.318663092,-0.937460688,-0.38226177,-1.053082745,-0.349316064,-2.606719776,-1.262842522,-0.404947889,-0.781739143,-0.672645845,0
-3.5140113,1.636170082,0.034659213,-0.780260725,-1.252411184,-1.66699368,-1.050384107,1.426536154,-1.769341169,0.238584188,1.04286541,0.852408878,0.392547815,0
-2.149112031,2.087326993,-0.554798879,0.118052324,-0.274040249,-0.094935459,-1.029162333,-0.3745115,-1.563169665,2.045439803,2.115004884,-0.403409621,1.230072639,0
-3.208125364,-3.856544366,1.77679782,0.216866761,-0.575493896,-3.600372167,1.286871922,1.379249426,-1.694123273,0.284615953,-0.164240132,-0.9662566,0.04510435,0
-1.658771522,1.049195035,-0.071226184,-0.161689108,-0.326536603,-0.685503953,-0.249672968,1.327191223,-0.825038263,-0.425248346,0.837833678,0.085304515,-1.177321041,0
-4.141032333,-3.519986392,1.8282595,0.000410763,0.151163753,-4.104411093,0.098211883,-0.848044695,-2.142059668,-0.800954805,0.599593199,0.690068384,-0.668261919,0
-2.218713321,-0.343512243,1.176065411,0.882924806,0.550573594,-3.18647864,-0.459475432,0.062446977,0.44474833,1.455498292,2.163976333,-1.422633469,2.453938673,0
-2.309606829,-2.10733011,0.96700011,-1.194764112,-0.167196272,-2.119083881,1.567177554,-0.964286615,-1.420502354,0.097286403,0.262977484,-1.141878817,-0.211645555,0
-3.0957879,-0.040951179,0.599014813,0.635577203,-0.131562186,-2.237135529,-1.505819399,-1.571762973,-1.389983742,0.517104839,0.443159986,-0.045560757,-0.209131105,0
-2.380645704,1.761948717,-0.672528733,0.019258967,0.466455973,0.219539524,-0.097189544,0.308675294,-2.272419053,-1.335826845,1.847660003,0.126770601,0.753331172,0
-1.123758211,1.505294263,0.134706457,0.157450937,0.726208422,-1.158368811,-0.990912954,0.574852579,0.444714118,-1.052986106,0.497932766,-0.221427493,-0.407149838,1
-1.006830064,1.545136807,-0.502660275,0.057974697,1.007114429,0.306783921,-1.600683109,0.475249929,-0.853470076,-0.377604953,1.061162732,-0.18300288,-0.693276124,0
-1.900155757,2.028501079,-0.57515359,-1.002972657,1.055127816,0.043705307,0.081637038,-0.718547035,-1.435354949,-0.814918343,-0.243243123,-0.833717279,-0.116870004,0
-3.269152428,2.584691696,-0.228750648,0.549669813,-0.800391104,-1.332143554,-0.882389303,1.983272656,-1.438387723,0.688285108,-0.830882664,1.109207983,-0.610220693,0
-1.524737121,-0.367276456,0.225354546,0.69585216,-1.121005159,-0.821918605,-0.912723052,0.989787919,-1.100053824,1.151964089,-2.010886353,0.830011107,0.31736466,0
-0.491216716,-0.266150627,0.000604266,0.922732576,-2.226856949,-0.049598231,1.001309271,-1.938195108,-0.626298459,-0.461095435,1.048801012,-0.226776618,0.231927497,0
-3.367750392,-2.845332874,1.4771282,-0.359291091,2.673803107,-3.321996981,1.494624986,1.339512477,-1.750938308,0.266016183,-0.510207804,0.277983277,0.622496539,0
1.798654191,2.21923913,-1.344102025,0.227952738,0.980402995,2.787566548,-0.449732796,-1.338906282,0.211769978,1.14422729,-1.66296776,-0.962591811,-0.721051597,0
-1.850794431,-0.519062918,0.349603467,-1.687023038,-0.183077522,-1.144439391,0.223680824,0.592244604,-1.219329299,-0.485876121,1.381038324,-2.62733644,-0.236919564,0
-2.26068504,0.544433125,0.22799112,1.301625638,-1.925151813,-1.360421716,-2.364728173,-0.15954528,-1.05615438,-0.456580054,-0.371259578,0.730157164,0.80954576,0
-1.192877575,-0.45606655,0.175982521,1.536150724,2.085526972,-0.583032341,-1.101492564,-0.200941511,-0.987319093,1.785313846,0.160778145,0.04144692,-1.34652505,0
-3.151164773,-2.37550536,1.243855408,-1.51378433,-0.341928778,-2.895517766,-0.798381363,0.84148595,-1.734433535,-1.385290909,-0.469679483,0.853821886,0.034137411,0
-2.995016389,-1.100225827,0.76618078,-0.736788279,0.882082138,-2.215117167,-2.049898281,1.237664499,-1.717738565,2.955533101,0.291417921,1.009533067,0.430418983,0
-1.4074613,3.521066906,-0.937785222,0.580559058,-1.386379072,0.483983064,-1.206795886,-0.238169542,-0.70443459,0.008781547,-1.75822163,0.404962198,1.460287761,0
-1.632219885,-0.864561514,0.40429873,-0.142372403,-1.198588228,-1.084073884,1.175099704,-1.432741054,-1.163678448,0.07361809,-0.807553112,-0.874521114,-0.966882668,0
-3.696736538,1.916033724,0.373568568,-0.804542615,0.062997786,-2.586577805,-0.070908107,0.655955622,-0.959570826,-2.157483829,0.239290115,-0.414379766,-1.709767807,0
-2.708402981,1.388156552,0.052915425,-2.115561414,1.08681803,-1.388882865,-0.445083286,-0.455008746,-1.210040654,0.642400423,-1.674916398,-0.796525575,-0.461698716,0
-2.570603364,0.527417662,0.492481983,2.133264682,2.451712625,-2.043661314,-0.489332375,-1.103059264,-0.746065287,-1.564915924,1.372363945,0.80262476,-0.568093552,0
-2.786207653,-3.024295555,1.421622128,-0.307119578,0.23633301,-2.96549997,-0.966170388,-0.348427085,-1.501250029,-0.178689399,-0.618060513,0.666377,0.183716643,0
-1.95783549,1.674746641,-0.015732597,1.275771821,1.901765709,-1.117336525,-1.132607291,1.291052233,-0.494671878,1.430030389,0.201047664,1.662913655,-0.870642791,0
-0.841153499,-0.134173619,0.010294941,-1.038434671,-0.722264895,-0.218878805,-0.104100682,0.340708154,-0.811608907,-0.724205391,1.03234762,1.285098364,1.043461985,0
0.033441004,0.025942874,-0.196413901,-0.298902014,0.338381699,0.445961071,0.504906998,1.059910405,-0.392116383,0.465142817,1.665518972,0.55506984,0.07615875,0
-1.733747424,-1.491377789,0.6427225,-1.921644483,0.020020257,-1.433903707,1.999188881,0.436817376,-1.185353994,-0.704836217,-0.954931918,0.787985453,1.046764344,0
0.05858837,1.376952795,-0.702746533,0.825917132,-0.526011828,1.12696215,-0.007031593,0.157715354,-0.497579387,-0.28373435,1.487139148,1.341465825,-1.203475058,0
-2.975559211,0.86129547,-0.232758844,1.401132236,-2.872712216,-0.633055343,-0.983351691,-0.085339709,-2.47762843,-0.895914876,0.698944914,0.559546934,0.150323887,0
-2.872873573,3.913202209,-1.224239685,1.545226446,0.030283637,0.573129271,1.573136022,0.625289513,-2.33405983,-2.843943665,-1.39622913,-0.778739515,-0.509566503,0
-1.686286114,0.791884562,0.258893009,0.667383103,-0.906728965,-1.351708686,0.435946324,0.064048845,-0.300487939,1.733441339,0.234194151,0.47096707,0.734964816,0
-2.469183964,-2.286317029,1.053390182,0.074333743,0.650997841,-2.298168698,0.339552965,-1.600369694,-1.499648359,-0.726602154,0.814487994,-0.937614286,-1.111063078,0
2.211962603,0.129836874,-0.217816462,0.161590482,0.852954543,1.086470777,-1.570206567,-0.545917779,1.539822706,1.219778865,-1.097551871,0.636483703,0.848799523,1
-3.080592795,-0.375418621,0.503009596,1.203197358,-1.183617663,-1.897558418,0.612161926,-0.583493593,-1.841819914,1.783914198,-0.895969967,-1.892971077,-0.181423861,0
-2.452540607,-1.294928103,0.684032536,-0.538350181,-1.150884821,-1.8039432,-0.085265241,0.273649453,-1.573692263,-0.150291679,1.016030394,0.216448509,-0.215160873,0
-1.735436886,2.436068001,-0.748954833,-0.592244378,-0.19529458,0.342220408,-0.299393843,-1.139056666,-1.377190285,0.499258486,-0.521883414,-0.116217263,-0.53782837,0
-2.261276084,-2.305119145,1.03775621,0.243150248,1.401030628,-2.196132704,-0.167193398,-0.021803459,-1.367207044,-2.259700573,0.729723151,-2.258306722,-0.554767094,0
-2.677596371,0.908262606,0.442788164,-0.163657111,0.172837327,-2.095594399,-0.155013429,-1.716693734,-0.666667554,0.851548135,0.609159612,-0.145461589,1.66236667,0
2.028780824,0.893578803,-0.227337708,-1.053903787,0.569375998,0.786972093,-1.313041674,-0.58704681,1.928679973,1.298202151,1.232505849,1.085415756,-0.298558029,1
-1.660424743,-1.409927502,0.636733403,-0.025197367,-1.25401701,-1.427776927,0.147099273,-0.145947378,-1.073954457,-0.669040586,-1.518267274,-0.717526001,0.632534355,0
-1.896388866,1.22491685,-0.923598332,1.136605887,1.671611693,1.117231987,-1.208251451,-0.576590925,-2.813786721,2.463775698,-0.570601138,-0.585916316,-3.055317946,0
-2.110245393,0.964302377,0.126416825,0.5141327,0.510732066,-1.234142472,-0.141140319,1.27763335,-0.839221554,0.57619275,1.399903441,2.589389717,0.144686131,0
0.052685886,0.740615132,-0.448895584,-1.777676081,-1.07974064,0.773076936,0.509676844,0.926355742,-0.408245215,1.870443207,-2.203717214,-0.178523618,1.629769934,0
-1.752129034,0.00965995,0.296632372,-1.549999178,-0.192278313,-1.181550252,-0.910417674,1.034226674,-0.857292765,-1.54808839,-0.351483636,0.966704981,1.506295915,0
-1.411723139,-0.912931406,0.378712762,-1.442444421,-0.404007426,-0.945452199,-0.031049035,1.339232986,-1.064647114,0.559732039,-0.2843515,-0.189720403,-0.169485673,0
-0.434469214,-0.724942669,0.138369456,-0.247764348,0.153920653,-0.184510482,-3.018198334,-1.073307456,-0.610163156,-0.401469546,-0.300201737,-0.337998345,1.74569472,0
-1.578376284,1.137692923,-0.792772767,0.156325144,-0.86356836,0.942923016,-0.782186744,1.535333717,-2.307671754,0.392128125,-2.09369745,0.867579478,1.430172744,0
-2.550569535,1.461003565,-0.186856296,1.793052685,1.155948937,-0.825184335,-1.670812761,-1.326827139,-1.555794618,-0.552780717,1.996169721,-0.724001723,0.299956469,0
-1.895605515,-0.637342199,0.370780686,0.370046847,0.805025567,-1.163849282,1.001698306,0.258469871,-1.299249272,0.426303964,-0.236072538,1.057061614,1.328294707,0
-0.830869828,-1.248641857,0.413755809,1.852869992,1.337624604,-0.739446644,-0.798017946,-1.003445393,-0.729421551,1.43552557,1.20705868,-0.196781249,-0.492408871,0
-0.879213291,-0.388924028,0.51051735,-0.796467545,-0.257501951,-1.274783423,-1.480629662,0.392055748,0.087298545,-1.998315746,0.829773851,-1.069024586,0.746764739,0
0.171108776,1.690526269,-0.847242636,-1.403857437,0.094255837,1.376973984,-0.264643768,-0.578961592,-0.489418445,-0.727416702,1.199225634,-1.234265569,-0.001404038,0
1.925067096,0.761273346,-0.829999331,0.416082371,0.711305964,2.170232661,-0.284375841,0.204609224,0.387166953,1.82437839,-1.041855215,-0.437384764,-0.147416724,0
-0.566430337,1.534248331,-0.301837513,-0.494454603,-0.969119344,-0.017768679,0.149441153,-1.296438376,-0.026440835,-0.543667744,0.030041365,1.8628869,0.984485002,0
-0.877196315,-1.254273731,0.408746828,-1.051608618,-0.682025681,-0.739473599,2.213223887,1.071710471,-0.785319223,-0.339689012,0.957618231,0.59601733,-1.75641823,0
-2.511165993,0.479120933,0.136316758,-0.726743743,-0.496077172,-1.201843168,0.126744866,-0.839717557,-1.529333357,0.238504874,0.236134814,-1.047799044,0.114936054,0
-1.575682429,1.608421806,-0.215467823,-1.358615807,-0.300862445,-0.530839503,-0.940909011,-1.3446022,-0.658611029,1.068496174,-1.147069479,1.361047364,-0.781992072,0
-2.094159913,-0.658030454,0.735299318,-2.516995552,0.705957407,-2.040514575,-0.676299911,1.231300538,-0.670224817,-1.569397421,1.540022186,0.097608141,-0.902619791,0
-2.104270559,1.639634226,-0.781025581,2.670675375,0.160704551,0.588276983,-0.55085747,2.256752472,-2.365820517,0.85666512,0.194021005,-0.203132046,-0.403593337,0
-0.566111343,1.284498656,-0.448381363,0.71586463,0.049297425,0.402372915,0.480229262,0.87184457,-0.541411935,0.17215867,0.15376383,-1.142481898,0.488520138,0
-0.140192594,0.329472842,-0.285319372,-1.144408022,-1.235592487,0.490882309,-0.297501055,0.956855202,-0.516611062,1.323912934,-0.773127085,-0.748557555,0.941765368,0
-0.490054812,0.97340246,0.063761699,1.216528233,0.195640528,-0.627854669,-0.803920344,-0.433847523,0.4418278,-0.007928587,0.767050218,-0.148283138,1.017795969,0
-1.753266218,1.26278861,-0.186411828,0.322047204,1.394339052,-0.52656661,0.950279283,-0.656873282,-1.006532125,0.098986487,-0.107439755,-0.851805998,-0.253900963,0
-0.383299642,0.622596154,-0.332033558,-1.298822379,-0.52116069,0.423735787,1.723093446,1.003005943,-0.614879661,-0.403067783,0.189283742,-0.33913086,-1.829098735,0
-3.038621479,4.138702632,-1.433661641,-0.376993506,-1.41675664,0.92103768,0.249663052,-0.801441849,-2.780320997,-0.113822627,-0.859760636,-0.618728045,-1.310186239,0
-2.880198595,0.124121662,0.566900911,-2.001725481,0.151819093,-2.160092274,-1.375320682,-1.274851571,-1.150535347,0.65118977,-1.369132662,-0.138944351,1.764971854,0
-3.375356455,1.068320511,0.054466769,-0.630855039,0.344630505,-1.472469967,-0.226644624,1.035565068,-2.027756116,-0.954379723,0.415537994,-0.860649132,-1.086913695,0
-2.415080393,0.959230036,-0.080936973,-1.814308121,-1.294973974,-0.850065049,0.059661894,2.030953617,-1.574438045,-0.309060259,0.081896675,-0.539264711,-1.317810937,0
-1.505006476,1.664534769,-0.267459688,-1.547052922,1.468493404,-0.412252431,-0.640743866,0.373684143,-0.67165348,0.767030794,-0.999159943,-0.516144869,0.063515558,0
-1.194891803,-2.154993467,0.794076474,0.81416738,1.389046847,-1.388613686,1.333324535,2.489180312,-0.870643018,-0.46255334,1.555439996,-0.692097909,0.343384163,0
-3.027119806,1.499437036,-0.036337295,0.814740026,0.443861231,-1.317504897,-0.817493941,1.207446044,-1.605535306,-1.052441927,0.154028931,0.201325968,-0.382652348,0
1.778757313,-1.030173796,-0.014689319,0.826288688,1.324703095,0.908275339,-0.493667805,-2.629877384,0.751251011,-1.031598122,0.293948434,-0.64076228,-0.862731338,1
-2.258823929,2.219700166,-0.609950905,2.259602028,-0.113170648,-0.048004981,-0.450668178,1.449292428,-1.683893037,-0.574793227,1.279614119,1.112149063,0.856905271,0
-1.182441268,-0.438837074,0.2040991,0.312622354,-0.436635697,-0.649835643,1.186337303,-1.673228207,-0.902258489,-0.52990113,-1.60388977,-0.051303474,-1.532259219,0
-1.872488406,1.0075701,0.060983898,-0.08318066,0.857322192,-1.032362476,-0.354209762,1.597674997,-0.746107413,1.027004412,-0.003748534,-1.155496042,-2.570147549,0
-1.894134594,-1.930775719,0.834201452,0.322590698,1.049811191,-1.760078661,0.545255346,-0.996819888,-1.223837088,-1.492548016,-1.426988258,-1.664232057,0.123378762,0
-1.945950834,3.566117125,-1.058760209,0.719183381,0.669252564,0.587161943,-0.066770818,-0.224258791,-1.412465261,-2.690275631,-0.272222172,0.897721568,0.929311587,0
-1.520413936,0.714594616,-0.337606156,-1.217803305,-0.375717909,0.076024397,0.953088055,0.074564062,-1.551685703,1.22798781,-1.362029682,-1.481845501,0.157517497,0
-2.259635412,-2.233916155,1.01473379,2.700728947,-1.641511215,-2.168457721,1.457332804,-0.339261838,-1.364271208,-0.761957796,-0.967577165,0.619580806,0.603050785,0
-1.137048674,-0.386907512,0.14442501,0.160404987,-1.644381733,-0.51965135,1.747113709,-0.16003059,-0.957739168,-0.083441861,-1.3785305,0.149069713,-0.99843613,0
-1.156946315,2.383630104,-0.458122088,0.250544628,-2.147703239,-0.132026142,1.374983636,-0.537955175,-0.25864031,1.170932786,-1.229194952,0.02000322,-0.028655661,0
-0.531647467,0.201106726,-0.156197006,0.908012795,-1.719688808,0.130217726,-0.896341109,0.922180885,-0.664575809,-0.246331605,0.244807248,-0.821573304,0.709615219,0
-1.513646285,-1.038095878,0.458745138,-0.825353636,0.116525543,-1.112390834,-0.726948987,-0.901970552,-1.067529283,0.141519272,0.42898577,0.858159812,-1.466362449,0
-3.638561388,0.6535281,-0.06991615,1.009294956,-0.691561403,-1.120639196,0.2715822,-0.828140138,-2.846343203,-0.530580356,-0.054340841,0.417080498,-2.043538354,0
-3.905111609,-3.019284918,1.655242477,1.91325751,0.509161043,-3.819845325,1.976928357,-1.249507063,-1.950427364,-0.582927215,-1.48843217,2.15888638,1.179567408,0
-1.80391541,-1.723482205,0.758147889,-0.583343474,-0.909195142,-1.634385407,1.317143177,-0.380258303,-1.160933585,-0.799975068,-1.24113878,0.401188091,-1.418537552,0
-0.478037473,-0.443992902,0.033349295,0.202959975,0.356541983,-0.057592263,-0.03752503,0.569644312,-0.674091734,-0.673531393,0.576241301,0.18976626,-0.717240827,0
-0.729230897,-0.466394591,0.803844497,-0.649944295,1.413372925,-1.869511365,-0.25421565,0.771191905,0.818561519,-1.341209812,-0.290371844,-1.149198935,0.517973376,0
-2.447634351,-1.952909873,0.955008601,-0.808094209,0.021384367,-2.185944504,0.573662062,0.289770754,-1.452655086,-0.132929845,1.316040415,-3.069850685,-2.173318223,0
-1.702004124,-0.853777267,0.423252168,2.401414527,-1.386694564,-1.150975512,-0.536243851,0.979248644,-1.174041291,0.605071496,0.513230061,-0.130333959,1.063987229,0
-1.419547562,3.043158145,-1.064774401,0.49732843,-1.581701174,0.93633554,-0.056807397,-1.704948423,-1.356700175,0.634498151,-0.698945408,-0.742532094,-0.552017484,0
-1.152977658,-0.502981393,0.233210248,0.874288707,0.632259193,-0.684824769,-1.463659796,0.547888861,-0.85910167,-1.778809484,-1.201564956,0.495740513,0.852441113,0
-3.666133635,-3.858889912,1.875526554,-0.506605791,-0.660439415,-3.955571508,1.128510491,0.012882127,-1.874316317,0.779629222,-0.939152569,-1.202699207,-0.356438047,0
-2.101967402,0.918508731,0.459471803,0.950860958,-1.727259491,-1.970969737,1.350770131,1.112738803,-0.118917252,0.332889229,1.069144864,-0.611702075,0.895096463,0
-1.452143395,-0.908263442,0.405083486,-0.379774847,0.640070648,-1.018555516,-1.246669453,0.306670624,-1.037292145,-0.177591129,-0.144276558,-0.063246791,1.524542446,0
-2.466828009,0.351886349,0.634893648,-0.443449438,1.036189345,-2.275032768,2.421342117,-1.925865275,-0.466965065,-0.182361802,-0.619028501,1.786290324,-0.407384323,0
-0.78020887,1.160232423,-0.058467321,-0.195459657,-0.637567925,-0.499988463,-1.03281441,0.644954984,0.053690497,1.793464925,-0.241301022,0.077784342,1.102276527,0
-0.824825182,-1.978741851,0.656141886,0.876800082,-0.364007673,-1.030953591,1.569509304,-0.273076649,-0.72537758,-0.825243078,1.772494952,-1.824760607,0.507859358,0
-3.052554079,-2.654916325,1.329504879,-0.342218186,0.386897309,-2.963169035,-0.176678286,0.454644579,-1.664751617,-2.282120374,-0.407139558,1.80639168,-0.13192689,0
-2.331872571,1.548062255,-0.223046497,-0.371712262,0.694135943,-0.710599755,-1.179324798,1.024162327,-1.381020975,-0.587028406,0.149668911,-1.980571968,-1.054985647,0
-2.736870212,-2.516436536,1.246834403,1.794820585,-1.286563078,-2.733258387,-1.207653606,1.660137641,-1.471180999,-0.360702927,-1.529390757,-0.209940346,-0.708918116,0
-2.195432277,2.566408721,-0.858158799,-0.744590385,-0.189006372,0.411392914,0.214698631,0.495209555,-1.926590729,-0.025301589,-0.620381275,-0.607812962,-0.101895626,0
-0.909318312,-0.574414885,0.15169531,-0.284901722,0.399940865,-0.404585314,0.441571417,-0.728562292,-0.882547887,1.038839233,-0.10994457,-0.694612438,0.151435887,0
-3.27152996,0.838861156,-0.08003521,-0.572608276,-0.744664902,-1.056903306,-0.840251765,-0.795755077,-2.410173251,-0.486333877,-1.05242596,-0.305075539,1.216859709,0
-2.25846941,-1.020468248,0.604740187,-0.859684645,-0.271422711,-1.664536249,2.292516574,0.238458333,-1.377222587,-0.054135377,1.157594257,-0.403049789,0.313758792,0
-2.7959713,4.035431833,-1.164129768,0.050967718,0.176095488,0.416067137,0.035058418,0.847997534,-2.040785981,-0.374662309,1.124806307,0.764679175,0.366686774,0
-2.520488203,-2.460210009,1.143747794,-1.482089509,-0.628403869,-2.456805454,0.588541974,-1.245827785,-1.47154019,0.297998013,0.778868186,-0.910459631,-0.026576639,0
0.987633593,1.28464365,-0.864959779,1.092757527,0.0214461,1.795261864,-0.047490982,1.447899475,-0.119156829,1.517613269,2.236321394,0.108069878,-0.326547153,0
-1.357007489,-0.888003532,0.356631458,-0.139581824,-1.066940851,-0.888347272,-0.74856607,-1.436824589,-1.047799372,0.373292974,-2.136298026,0.31698358,1.332997236,0
-0.676446875,-0.450965538,0.089633688,-0.33362314,0.699989896,-0.240022027,-0.04117586,0.379503167,-0.726275145,2.174252279,-0.447156384,-2.904701774,-0.489412292,0
-2.779123493,-1.417733727,0.865581431,0.44815936,-0.177677814,-2.266738833,-0.980730668,1.138120301,-1.543228709,-0.938151228,-0.646391603,-0.019928336,-0.242691905,0
-3.583601774,-2.701008632,1.482801984,-0.055042966,0.096851251,-3.447823582,-1.202879489,0.671629838,-1.818953118,-0.86476758,1.514704276,-0.798731352,-0.54115712,0
-2.10191882,0.366068281,0.438227121,0.555987434,-1.517951132,-1.728745558,1.779661887,0.193050803,-0.578973733,1.128002626,1.160248132,0.416523545,0.197368462,0
-1.833491006,-1.324975689,1.234361481,0.95364896,-0.637081178,-2.86283656,0.456533173,-0.434371614,0.179214054,0.87649545,1.864208796,0.77696336,2.415849787,0
0.311435653,0.446849732,-0.392061563,-1.483366148,1.518929013,0.822011938,-1.526654492,-0.713441841,-0.274090451,0.038839629,-0.187892924,-1.237875372,-0.755945281,0
-1.108634655,-0.637504192,0.256296068,-1.4592994,0.896170665,-0.6771385,0.71849268,-0.001383544,-0.869012362,1.119031822,0.563409844,2.109174568,-3.183769318,0
-2.304917849,3.854270803,-0.95813371,-0.990713521,0.795267212,0.154199462,1.224981408,1.605198015,-1.285035813,0.092560617,1.352774176,0.27127303,0.948150012,0
-2.490583315,-0.703092067,0.736518848,2.047651904,0.42307996,-2.141814261,-0.571046578,-1.204308933,-1.047307069,1.162261111,3.942331011,-1.932734143,-0.249918485,0
-1.535832929,-0.41262002,0.244674782,-0.392338778,1.454370152,-0.853007955,-0.819378529,0.921266109,-1.100247066,0.601410395,0.851453231,1.979294788,0.70538457,0
-0.982083839,-0.158777026,0.134159465,-0.066021986,0.041671422,-0.531792168,-1.181441262,-0.086694154,-0.675134101,-0.390999442,-0.428152253,0.031417473,0.165099551,0
-2.753706337,3.699473477,-1.026887186,-0.709191273,-0.103007876,0.235019678,-0.566665605,-1.012974596,-1.946766735,1.887105983,0.081227924,1.035122166,1.235055736,0
-1.970290435,0.418734669,0.033977348,1.11820486,-0.182286706,-0.792516809,0.083001052,-0.162791682,-1.331710944,0.293136106,1.280518637,-0.039213814,-1.050723195,0
-0.930302004,-1.139271807,0.379642788,0.135027228,0.478546271,-0.72918343,-0.795039136,-0.055855004,-0.811137024,-0.183612222,-0.329322439,0.511170524,-0.020382444,0
-1.016260262,1.449250939,-0.369585626,-0.024496015,-0.3754844,0.035955569,0.904434351,-0.761791183,-0.634715272,-0.628375976,-0.040975838,0.794092982,-2.192298908,0
0.285847349,1.44049676,-0.780241926,0.052691225,1.572328588,1.345947272,0.154358606,-0.426961662,-0.425559219,-0.508182043,1.004856724,0.248907262,-0.042080331,0
-1.83432478,0.557633025,0.21790854,-0.616623639,0.495347745,-1.219195573,-1.740978258,1.122389942,-0.696602308,-0.148877548,-0.427234885,-0.742267691,1.212775862,0
-1.275167686,-0.885443535,0.350365341,-0.447263805,-0.209217345,-0.851426883,0.597486245,-1.289532075,-0.98848056,0.523374528,-1.589133468,0.797857865,0.241691467,0
0.482350189,1.168952583,-0.700466033,0.105194656,-1.186524022,1.317093116,-1.293953719,1.181853398,-0.277698176,-0.96523424,-1.259934414,-0.537768683,0.294975293,0
-2.963776563,1.371095001,0.090527851,-1.09629559,-1.487177815,-1.541858128,-0.214057771,0.100322956,-1.361393734,0.013872072,-0.558277596,-0.357004489,-0.717635592,0
-2.427413646,-2.06859007,0.989682747,1.109240368,1.507030593,-2.218115,-0.333966667,1.885428367,-1.443563047,0.939980995,0.916686597,-2.997353218,0.566866665,0
-2.640961121,-0.111687205,0.207455259,-0.338927631,-0.723505109,-1.193106567,-0.301219144,-1.013793741,-1.924143115,-1.798500495,0.070185852,1.218608174,-0.35019103,0
-3.152397926,3.384892067,-0.527655805,0.109836929,-0.191404616,-0.901658922,-0.317669414,0.753899637,-1.409672554,-0.527663985,-1.111562342,0.765630338,-0.477928269,0
-1.664796737,-1.061211675,0.498347554,0.653481878,0.697063354,-1.237686109,1.719471167,-0.874742257,-1.127924462,-0.725428482,1.009743886,0.67107103,-0.54155004,0
-0.750421467,0.014026378,-0.04690639,1.144527155,1.368034303,-0.115035334,-0.100928376,-0.099135129,-0.750076664,1.411087312,0.173039635,-0.025991547,1.15012263,0
-1.932263893,-0.738966541,0.939887398,0.416591867,-1.882694675,-2.429346769,-1.062334524,0.279407546,-0.130246159,0.474554762,0.735536556,-1.627071715,-1.228458779,0
-3.736415796,1.483461882,0.233759474,0.811740314,0.611413469,-2.129036028,-0.104206914,0.247247066,-1.630848621,-0.880715031,0.528874386,0.753373884,0.361282106,0
-1.843443822,2.082289763,-0.417369534,-0.797886821,-0.590426954,-0.316647687,0.7008291,0.227015737,-0.991660014,0.956128606,-1.133819194,-1.039430963,0.039981934,0
-1.954733016,-1.224444874,0.594983773,-1.115084777,-1.050024475,-1.483146392,-0.353440773,0.64159227,-1.286156587,1.949098076,0.060975503,1.501594898,1.57309172,0
-2.197567594,0.074285723,0.964401372,1.789884316,-0.268953068,-2.847110241,1.834000418,-1.231884246,0.300224392,0.638866696,-0.351750802,0.400485525,-0.603059829,0
-1.121988404,0.835236492,-0.050446183,0.636542038,-0.547287883,-0.502628709,0.733215838,1.282108391,-0.469402736,-0.307895965,0.694020087,-1.172282497,-1.748713037,0
-4.308901648,1.30284691,0.443670956,0.338487802,1.291504406,-2.706786418,-0.054077849,0.169239563,-1.794642357,-0.900991898,0.380908834,-1.570349132,-0.420282075,0
-1.006752972,-2.495359631,1.921692647,-1.33056885,-1.331219989,-3.771991893,-0.538912167,0.668724505,1.56953564,0.362729567,-0.76068174,-1.234405658,-1.573434839,0
-1.501942007,1.125509296,-0.426340491,-0.016811847,1.512375137,0.138260109,-0.992615041,-0.396956132,-1.4278704,-1.364528983,-1.592132334,-0.759994528,1.101674679,0
-1.090796967,-1.17589444,0.429776261,1.382584483,0.338174609,-0.876312709,-1.582735902,-0.31859617,-0.866147889,1.18300299,-1.205073561,0.097527204,0.16615102,0
-4.645107062,-3.851168038,2.035837238,1.423542665,0.118852877,-4.604250698,2.256778526,-0.736610289,-2.363757362,0.780705746,-0.788019039,1.000776275,2.077169765,0
-0.989613814,-0.852757372,0.296164894,-0.102181384,1.636933861,-0.657614763,-0.05062492,-0.459963418,-0.83632567,-0.837829312,0.707460888,-0.587079803,0.126720232,0
-2.212846723,-0.175254773,0.886352359,-1.501826519,-0.47850538,-2.586873895,0.810051397,-0.761418968,-0.074532211,0.518880676,0.028084617,0.555084925,1.340969613,0
1.03477856,1.510579097,-0.932230967,-0.371090724,0.592526479,1.882064862,-1.978985223,1.294409023,-0.060245793,1.945202998,-0.823976854,-0.267957625,-0.182813286,0
-0.675930331,0.573798416,0.008147071,0.732218073,0.01465591,-0.415002483,-2.229575574,-2.415363262,-0.143599264,0.0358026,0.138147556,-0.224306828,-0.069455138,0
-0.168759125,0.952994216,-0.216042568,-0.72858389,1.943888463,0.10653889,-1.157091799,0.110364631,0.079376613,-0.693589681,-0.132030493,0.778130449,0.778770283,1
-3.009717394,-2.017285195,1.085053568,-0.370523308,-0.941934271,-2.620399699,-2.178584195,-1.195724716,-1.699777684,0.334519385,0.600318396,0.237754218,-0.111260897,0
-1.524220873,-1.188782061,0.487224177,-1.29629897,0.577436484,-1.127100968,-1.141954353,-0.177025722,-1.125363257,0.415959375,-0.226902337,0.025032073,0.174936669,0
-1.52995385,-0.628629425,0.748316819,0.81933803,-0.128517491,-1.917598883,-0.737833198,-0.797700666,-0.126374767,-0.956936179,-1.900774128,0.092174168,-0.005540239,0
-2.22707892,-1.24058071,1.006035946,0.595008802,-0.361511972,-2.488226481,0.732841807,-1.293625536,-0.613766302,0.357004425,-1.363535864,-1.091203578,1.437896993,0
-1.844878576,2.387090507,-0.580415703,-1.0461106,-2.597434516,-0.054360931,0.229121344,0.496161631,-1.131180032,0.221410597,-0.306016259,0.93268361,1.668028439,0
0.868136807,1.984477787,-1.093490484,0.054659971,1.040752858,2.033249022,-0.096977807,-1.454422583,-0.213781605,-0.581879824,-0.17743501,-1.387471546,0.206846584,0
-2.770943427,-2.48220781,1.206979196,0.449593727,-1.562627888,-2.664726616,-0.93535873,-0.388426115,-1.564803169,-1.289808418,0.154173418,-0.967989962,1.175644431,0
-2.490586058,-3.003840546,1.356273234,-1.793795888,0.556421319,-2.739205241,0.396528897,-0.94150668,-1.37444822,1.183502024,0.391008385,-0.381721297,-0.284879175,0
-1.430905068,1.614355756,-0.062539728,-0.967085873,-0.01915309,-0.837967089,-1.896001895,0.591911906,-0.184634734,0.143737438,-0.417823519,-0.245065087,-1.102091956,0
-0.878207381,1.324872094,0.221074101,-1.354489617,-2.124445143,-1.220026691,-1.008286068,0.775968161,0.718224576,1.804104665,-0.309681782,-2.351158213,-0.93906325,0
-1.815507987,3.094134669,-0.644711979,1.262625852,0.727113763,-0.148410063,-1.627001923,1.221834906,-0.721936617,0.006536848,-0.40969389,0.55786303,-2.225377957,0
-2.474423459,-1.28899408,0.731390773,-2.100650019,-0.008854409,-1.919738794,0.99726809,0.881041819,-1.482115366,1.982834635,0.024532146,0.174171094,-0.877132269,0
-0.989274758,1.599469179,-0.361447248,-1.776269634,-1.002908841,-0.02747636,0.989311432,1.03714136,-0.48074262,0.379121904,1.052502365,-1.207988823,-1.071734726,0
-1.510189716,-1.028937316,0.477014523,0.896027346,0.266811595,-1.156041561,0.408925462,1.579334252,-1.016683002,1.240557901,-2.03227661,1.47951693,0.945852037,0
-2.879989781,1.575380066,0.378665519,-0.877133938,-2.553631016,-2.242873639,-1.336402423,-0.267839433,-0.489230546,0.502001889,-1.706862562,-0.479459411,-1.028067812,0
-3.233190051,1.32176001,0.024840158,-0.082030067,-0.010362242,-1.453285228,0.105972278,-0.980278935,-1.78087218,1.21025202,-0.215069264,0.821408323,0.004862255,0
-1.059834719,-0.42122247,0.16654856,-2.477343393,-0.202910642,-0.535495823,0.910668373,1.023132423,-0.866292574,0.013644382,0.03258307,-0.557432939,0.169945542,0
-0.986304761,0.418682107,-0.324968572,1.36690069,-0.053545652,0.305377957,0.267683695,-0.088050125,-1.277838052,0.904763902,0.939469487,-0.440058773,-0.130393552,0
-2.153398758,-2.335736626,1.030463429,-0.244439948,0.675483868,-2.137719905,-1.407160172,2.217133375,-1.312223594,-0.19685509,-0.208403508,0.489693954,-0.305262747,0
-2.482350165,1.75926951,-0.029259741,-0.439011014,-0.604961754,-1.267659293,2.405679674,0.680886212,-0.91995321,1.595036264,0.693457507,0.335233573,-0.589889279,0
-3.207812456,1.000045363,-0.119853145,1.638281183,0.834989427,-1.004835348,0.849820365,-0.248723424,-2.323535398,1.83794203,0.422143692,0.935973159,1.094934056,0
1.13361898,0.979473287,-0.759029791,0.26949711,0.945768686,1.70433272,0.570446616,1.706524472,0.018166666,-1.093289966,0.641849486,-1.181810291,0.619156122,0
-1.164611139,2.358620803,-1.129032465,0.378862083,-0.134359577,1.396031478,0.69076999,0.160232828,-1.789302229,-0.671149108,0.46976269,-1.04907036,-0.799071057,0
-1.331404289,-0.200172827,0.145450221,0.09478447,-0.419976758,-0.643630488,-0.21537043,1.330906715,-0.985750448,-0.281087382,0.630922853,1.308177188,-2.022823548,0
0.204091619,0.507896399,-0.42300564,0.520261652,1.86364485,0.839778672,-2.221662905,1.204990258,-0.391681488,0.408249545,-0.743554142,-0.775589011,-0.773050951,0
-0.197994957,2.565520953,-0.761711302,1.143671842,0.975499559,0.769205893,1.304972441,-0.495822237,0.033405872,-0.381956288,0.750810239,0.494001667,-0.849966617,0
-2.771430143,-2.641062186,1.256039877,0.986513582,0.053788906,-2.720332574,-0.38533487,-0.755249157,-1.573747701,1.343555606,-0.083855136,-0.207821011,0.077524278,0
-3.694584655,-4.111493923,1.949683391,-2.608322921,-0.294453304,-4.043230161,-1.105620119,-1.485547909,-1.921363594,1.326206965,1.024647722,-0.015807055,0.064463321,0
-1.940335785,2.66916822,-0.65491763,-0.856190105,0.592769486,-0.012016878,0.156832167,-0.856476089,-1.171105921,-0.569829258,0.673421407,1.081655182,-0.58395377,0
-2.482427772,-0.007615681,0.235109479,-0.733729858,1.975457527,-1.246639276,-0.621895475,0.853745958,-1.645960765,1.173442915,-2.271613784,0.751028832,0.46486564,0
-0.355498615,-0.165153543,-0.076465661,0.156173033,-0.211851208,0.128859635,-0.474282854,0.330781931,-0.605300619,-2.586838494,-0.494345716,0.106190038,0.02809784,0
-0.712395993,-1.325970858,0.715418412,1.169010926,0.153034597,-1.362217024,0.019827154,-0.067514008,-0.0068658,0.758027379,-1.248387812,-0.344949315,-1.826910304,0
-3.451340872,2.556362785,-0.282504216,-0.226591119,1.242696479,-1.252849829,-1.847400061,-0.727759301,-1.739238252,-0.149675374,0.193628251,-0.512104898,-0.206508059,0
-2.649715176,0.695053386,0.557238245,1.689093131,-1.193495586,-2.272215408,-0.531359882,0.994313382,-0.544707387,-0.913161556,1.061519786,1.552549065,-0.805010991,0
1.17353846,0.437330136,-0.594154493,-0.364247668,-0.416361886,1.532360929,-0.525347202,0.37826394,0.018205799,-2.167907422,-0.225294989,1.076804122,-0.720345833,0
-3.153948827,-3.695437643,1.687243297,0.048955024,-0.491877003,-3.438237174,0.419081013,-0.119719115,-1.72746712,-0.263002707,-0.766276203,-0.675518378,-1.115935168,0
-0.725423071,0.097945281,0.39897802,-0.853945157,0.221999595,-1.148471165,-0.434188456,0.533239869,0.334819002,1.269045711,0.770417247,-0.388278559,-0.283747181,0
-3.09604911,3.424190896,-0.979324765,2.381944983,-1.27419748,0.125084921,-1.423717819,0.524813703,-2.344520187,-1.763250932,-0.912193271,-2.221233501,-0.064265128,0
-2.197492286,1.392456061,0.028786836,0.263291248,0.116538428,-1.188286004,-0.122331052,-0.75323999,-0.814814102,-2.239827031,0.190895098,0.159111966,-0.729377739,0
-1.49119959,-0.999626292,0.455003591,-0.3474082,1.633349009,-1.11094186,0.79397317,-0.335738241,-1.027602399,-0.113617956,0.100462101,0.451542962,0.315081511,0
-3.702024532,1.625728735,-0.30737522,-0.911939947,-0.667309605,-0.941901988,-1.605170442,-0.548162879,-2.708729385,0.16138705,-0.254125823,0.517027645,0.85855147,0
0.682089781,0.393007064,-0.470246602,-0.087643788,1.178316877,1.125157181,-0.148697033,-0.208466053,-0.166034509,-0.06642859,-0.321764522,0.560610427,1.573475118,0
-1.449054934,1.123844226,0.171693691,-1.335465293,1.409449483,-1.202114965,0.71886342,1.115130252,-0.041141986,-2.078519749,-0.309852225,-0.288892414,0.015387565,0
-2.839772033,-0.919939614,0.675831552,0.323489531,-0.456533202,-2.02876008,0.503268253,0.028662942,-1.650289175,0.837417509,0.408257706,0.423678989,1.411064664,0
-3.445789986,1.29845954,-0.118889157,-1.868911406,-0.570011499,-1.180484547,-1.588265143,-2.075146966,-2.306400858,-0.082250087,-1.567550372,-1.044599789,0.489840765,0
-1.348319788,1.634714151,-0.439466955,1.677788563,0.520002281,0.033499206,0.640184645,0.779922165,-0.943016288,0.723317579,-0.407792377,0.704108543,0.654138376,0
1.525847068,2.249529986,-1.261900636,-0.44292867,1.560005302,2.511812143,-0.451589234,-0.831985002,0.180587373,-0.526385928,-2.141777335,0.236172309,0.672383716,0
-1.940496119,2.165919791,-0.601110536,1.151515146,-0.350952742,0.042667721,0.235865066,-0.016664133,-1.426228801,-0.421776864,-0.134644092,-0.645908173,1.026014126,0
-2.346972437,3.059961092,-1.026225737,0.513601234,0.819346906,0.575468524,1.741660664,0.360828408,-2.067539868,1.195406499,1.115124315,-0.069333708,0.694545552,0
-2.462830457,-3.043858001,1.356048459,0.127042702,-0.45927762,-2.71663333,2.028429323,-0.49351439,-1.380590593,-0.752254741,-0.049908168,1.794731609,-0.909211114,0
-0.867536034,-0.217756129,0.20167719,0.863605507,0.030268671,-0.631148337,-1.213712199,-1.59418268,-0.467649813,1.856672338,0.032426604,-1.332128955,0.398232785,0
-1.866390748,1.46509551,-0.262001597,0.11269822,-0.120487899,-0.458834643,3.009206576,0.75934083,-1.123880903,1.606465231,0.818068193,1.271881638,0.520420695,0
-1.399037803,1.582599899,-0.110430246,-0.07474862,0.297966138,-0.709014762,-0.400445426,-1.100192051,-0.287964685,1.317622329,-2.265109219,1.691173211,-0.7778029,0
-2.372694625,1.455349873,-0.199661918,-0.822903591,-0.368576907,-0.742844484,2.011721575,-0.210163648,-1.433417588,0.359765704,0.031769713,-2.079697035,-1.529407723,0
-2.373496214,2.132109885,0.032192089,0.058900793,0.837211858,-1.506568238,-0.897624976,1.076161427,-0.408669396,0.112698509,0.880877471,-0.613296957,-0.841855666,0
-2.983191071,3.609799225,-1.076593444,0.194774006,2.11577081,0.313036938,-0.509345096,-0.034171882,-2.325636294,-0.014747718,-1.285565594,-0.671510605,-1.841494709,0
-1.190394261,1.358765775,-0.3719712,-0.182699772,-0.498685024,0.022911869,0.319765513,-0.419313031,-0.85968344,0.996032503,1.774239618,1.420400923,1.012635254,0
-1.039638725,-0.71340426,0.25134289,-0.206472954,1.037362117,-0.619343559,-0.267737943,-1.046937591,-0.876539257,-0.606384323,1.601578754,-1.056846658,-0.402789821,0
-1.809360266,-0.889812456,0.468778898,0.58007353,-1.742393167,-1.272534411,0.088184719,-0.292790231,-1.192546059,-0.834428468,0.042479973,0.580207681,-0.124970637,0
-1.938326933,-1.739026481,0.775906391,1.328541852,1.407666135,-1.707973684,-0.145934195,-0.095867267,-1.25006925,-0.545377955,0.156997991,0.820052874,0.914346135,0
-3.69980589,1.412032337,0.019457191,-0.01908875,0.284816215,-1.607393905,-0.231539423,0.755633483,-2.133028165,1.956668457,0.179674018,0.054951894,-0.368531777,0
0.080728489,1.368164464,-0.702910905,2.832539681,0.312723147,1.136808623,0.114094119,0.87222688,-0.485175372,-1.370552953,0.724418531,0.564970469,0.151909655,0
-1.946443185,-1.523005048,0.708792207,0.477788731,0.277322377,-1.633986521,-1.427129908,0.17050758,-1.246464314,0.433684139,-0.349147164,-0.679437734,-0.497632355,0
-2.202470052,1.574852603,-0.54625283,-0.207962008,1.334874423,0.050285595,-0.648280776,1.220858321,-1.973185827,0.200250093,1.13882624,-1.472412836,1.32082575,0
0.907839716,1.528621733,-0.895454331,-1.221046531,0.098916409,1.755706544,-1.629992687,0.612125352,-0.075110803,-0.14365921,0.466526879,-1.564466004,-0.230020378,0
-1.492604691,-2.374235017,0.940862514,1.534306406,0.659450268,-1.730375106,0.61326323,0.188392632,-0.964960623,0.351671269,-0.030929544,-0.35684103,0.216672286,0
-1.340720595,-1.456603511,0.609593661,2.461089132,-2.129400631,-1.257607028,-2.209407488,-1.358847352,-0.890511741,-0.987349932,-0.896736048,-0.998850271,-0.707515147,0
-0.893345445,-0.161293622,0.030583518,1.348224307,0.213595013,-0.270420224,0.009575052,0.389163797,-0.83191167,0.341240366,0.655889443,0.323163969,0.1172118,0
-2.746098105,2.77340714,-1.384702576,0.113993589,-0.787146596,1.373924136,0.544513222,1.174681133,-3.434309554,0.336592039,-0.482102518,-0.453590085,-1.386595007,0
-1.847052174,-1.472999371,0.674769382,-1.479451624,0.021525044,-1.545720679,1.427546666,-0.706870278,-1.198674318,1.691315724,0.18890592,0.39195933,-0.486662059,0
-1.052229443,-1.130027476,0.404338966,-1.382422369,0.796754366,-0.823609891,1.261583294,-0.500711527,-0.855298824,2.461049781,-2.19673576,-0.839122408,0.363480536,0
-0.993870155,-0.00954071,0.007216133,-0.295664787,0.211181422,-0.299727024,-0.3212377,-0.364954304,-0.858830021,-1.103557202,0.061758467,0.235858081,-0.500812865,0
-3.12755627,1.161475445,0.456210406,-1.145878193,1.008110962,-2.34477344,-2.082645113,-1.371419199,-0.840440392,-0.745589292,1.872420105,1.82023875,0.933261904,0
0.023585355,0.336949044,-0.308322522,-1.213081663,-1.473085436,0.587669747,-0.483680581,0.351678512,-0.419621714,-1.088224105,0.955080622,0.674380908,0.459054994,0
0.841958209,1.517509201,-0.903690444,-1.490305685,-1.412427134,1.759281741,-0.146740378,-0.119966499,-0.159417182,-0.171819836,1.309107521,0.00663173,1.29795684,0
-0.546630881,0.866132237,-0.435012527,-0.954059342,-0.585755713,0.524616259,0.9001002,0.361695099,-0.806743363,-1.709889765,-0.634529083,0.018463336,-1.305546628,0
-2.922155673,0.075476067,0.968606181,-0.655582391,1.176551633,-3.066094304,0.552136264,-0.023019984,-0.322199828,0.767090392,1.26364359,0.195195314,0.282187911,0
-3.435858197,-2.986466811,1.539845329,0.847300481,-0.525287636,-3.434304244,-0.151448799,-0.746822989,-1.775063054,-0.370744812,1.301533461,-0.586512663,0.765189929,0
-2.74905839,2.532363012,-0.353350253,-0.230242671,0.796932565,-0.881160836,-1.774284192,1.033612838,-1.302841675,0.205688917,-0.541259574,-0.0820325,0.427185471,0
-1.623643192,-0.370317576,0.873404257,-0.002708327,0.257729741,-2.3190247,0.845271029,-1.260974759,0.265311851,0.058460457,0.896310186,-0.948701535,-1.688901669,0
-1.717585919,0.013203278,0.173485893,1.291715608,1.815677455,-0.89355917,-1.402929072,1.477926736,-1.100781971,-0.790710619,-1.455473476,-1.215543212,-2.543093189,0
-0.730575553,-1.145493817,0.799543768,0.498777052,-0.335582544,-1.621628558,-0.654693074,-0.04363347,0.300745858,0.600727445,-1.874233999,-1.193629089,0.213045622,0
-1.17035729,2.271107384,-0.828803845,-0.830234634,0.852015035,0.744254924,1.563961337,-0.447362949,-1.186042382,-0.138567623,-2.56743591,2.008909419,-0.104820366,0
-1.873631117,1.896329527,-0.266637275,-1.603163366,1.013323503,-0.601871365,-0.025288713,0.298488107,-0.818660029,-1.970873713,0.530309274,0.486063779,-0.486625263,1
-1.290072762,-0.947633263,0.401708587,0.878660121,-0.187011743,-0.950319829,-1.072243971,-0.066946008,-0.932728135,0.967644458,-1.338693237,0.236991761,-0.152797454,0
-2.842960018,0.96150388,0.170668605,-0.768323494,-0.189057921,-1.54488809,-1.686570243,0.08547725,-1.381868264,-0.028166908,-0.032185951,0.106544676,0.634962874,0
-0.40645918,1.059545499,-0.179761612,-1.109336332,1.599019332,-0.081734474,-0.274896379,-1.615972789,0.032754657,-0.866043414,0.75968825,-1.517440365,0.995762447,1
-2.227272476,1.248961607,0.439281275,-0.181755811,-1.062970397,-2.077393807,-0.275873956,0.784288126,-0.026936048,1.216293885,-0.590780577,1.166339712,0.909129353,0
-1.71625132,-1.364004428,0.595319216,0.678037596,0.15583975,-1.366092522,-0.726582684,1.642290933,-1.181339997,0.039241949,1.340097816,-0.610211055,-0.328728616,0
-2.771165099,1.855266084,-0.108496431,-0.490769824,0.007014184,-1.205001335,-0.778671348,1.252810945,-1.278273847,-0.540912111,-0.754996518,-1.457911068,-0.962500003,0
-2.470072745,-2.392090426,1.122678785,-1.113962565,1.084259287,-2.418406795,-0.384268169,0.546233192,-1.423930904,-0.748377694,0.349944831,-0.491214625,0.596296107,0
-2.213008523,-1.215715265,0.876074465,1.654668316,1.814649167,-2.198175285,0.10080387,-0.082143046,-0.874505545,-1.195575328,-0.662517146,-0.768959913,0.1126852,0
-3.282706462,-3.425639587,1.646082375,0.488795738,0.394758816,-3.476797191,1.72263952,-2.196869904,-1.730834183,1.369218907,-0.951411155,0.658730933,-0.094552094,0
0.222270268,0.351048659,-0.345693158,0.406813915,-1.016871976,0.724783351,-0.239312772,0.440956838,-0.31944084,0.219456185,-0.570868509,-0.522184782,-0.308226026,0
-1.63144778,-1.306605683,0.577004466,0.377331876,-0.428832752,-1.320254176,-0.558225079,0.116678585,-1.10552547,1.518576713,-0.977224115,0.000123055,-0.618402011,0
-2.584983045,-2.153563447,1.049437123,-0.776056304,-0.267038706,-2.369236451,-1.771252044,-0.252462905,-1.510530084,0.607182661,0.475664019,-1.917575758,-1.012824037,0
-3.092556093,3.088135082,-0.238699475,0.048192177,-0.923415625,-1.435459485,-0.477599951,0.58640901,-0.93064321,-0.118387837,1.805354459,-0.424643329,0.412220694,0
-0.918293654,-0.027433741,-0.20512717,-0.131673782,-0.571754252,0.209910252,0.270321246,0.862817555,-1.282618152,0.283305179,-0.17873812,-0.935455064,0.460638123,0
-1.164804287,0.485668774,0.430532026,-0.379182986,0.735793054,-1.482961199,-1.587556748,0.123495931,0.311386605,0.807255428,2.255516983,0.140742494,0.516082779,0
-1.664154428,2.5263935,-1.047572652,1.375740387,0.918617605,1.008262345,-0.837484725,0.20001124,-1.917507005,1.637042214,-0.298115658,-0.151897225,-0.063743317,0
-1.268443385,-1.640266384,0.657645251,1.745073877,-0.71396013,-1.281220123,0.860387631,0.407032875,-0.85670035,1.71754768,-0.90438119,1.04459769,-0.695591001,0
-0.067557825,2.033899311,-1.00648763,1.695363494,-1.398357074,1.548655827,1.316247297,0.985220173,-0.798776038,0.130743859,0.541050984,0.289451073,-1.423336795,0
0.94795599,1.811547102,-1.017734287,-1.208744644,-0.61587497,1.945213947,0.486525578,0.853269472,-0.103212067,-2.614441076,-0.294912268,-0.083227926,0.146498283,0
-1.80439087,1.2522155,0.048183481,-0.149530365,-0.454508299,-1.069614827,-0.26015678,1.00272455,-0.532717213,0.291861313,-0.055774338,-0.610492326,-1.37332428,0
-1.608906458,0.225635263,0.511964415,1.580946432,0.944322443,-1.704417575,0.907049819,0.389865455,-0.087851056,1.674088247,0.610983349,-1.298948261,-0.408144523,0
-2.21708794,-1.307542104,0.699541373,-1.950686833,-0.182939879,-1.766759869,-0.896556764,0.209630088,-1.342703606,2.525723192,0.483385314,0.054151326,-0.286427115,0
-1.572591495,-1.240851396,0.549957698,-0.123020765,-0.156049877,-1.265033429,-0.396895056,1.123975796,-1.065723157,-0.35191179,-0.294418085,-0.617714477,0.016507762,0
-1.728174196,0.090144165,0.493221795,-0.338743012,-0.513377488,-1.648731725,-1.030815277,0.170202825,-0.335206817,0.504781361,-0.675878364,1.023433456,0.907273685,0
-0.924284081,0.434769987,-0.176700404,0.07198268,-0.499300222,-0.018621995,0.525103919,0.142277149,-0.879003828,-0.677114665,-1.203070639,0.085512116,-0.057804023,0
-1.813041429,-0.860362088,0.475185328,1.704794158,-0.643848771,-1.298468552,-0.798368633,-0.254310115,-1.159400132,0.034752087,-0.807588435,0.457802513,-1.526106222,0
-3.302498179,-2.512274523,1.324526238,0.069936329,-0.605202858,-3.074082361,-0.430129503,0.632870781,-1.787694435,-0.938275726,0.377351361,-1.09131112,-2.488657052,0
-0.889384955,2.527721137,-0.69164839,-0.580127643,-0.228318426,0.424140789,-1.914005828,0.174311004,-0.441373344,-0.478146723,-0.304678963,0.318500853,1.562748785,0
1.6480627,-0.060637313,-0.619644978,1.036411846,0.02906217,1.901958866,-1.231290814,-0.584827689,0.003627036,-0.092948456,-0.496886431,0.179983186,-0.153651568,1
-2.701970616,1.308453237,-0.04493744,-0.916293047,-0.322607773,-1.137123443,0.282377751,0.874754677,-1.48347629,0.628813828,-0.049504646,1.908776273,0.693825413,0
-0.573191214,1.576338078,0.53764082,-0.26254421,1.560953026,-1.93826393,0.340444177,0.395611049,1.882585371,-0.390573114,-0.88346431,-1.55657857,0.73914996,1
-5.143286286,-4.784267639,2.487353945,0.374492303,1.925929815,-5.444182819,-0.115840617,0.225463154,-2.482360871,-2.079789336,0.211033729,0.537841074,-0.951267688,0
-1.774324714,-1.210903108,0.573974482,0.124854171,0.530184327,-1.388213445,-0.57519492,0.572410736,-1.165642883,0.151118879,0.083061257,0.969096846,-0.292753341,0
0.815452274,0.273594199,0.727737649,1.55585178,-1.403227331,-1.511207752,-0.407420926,0.020123416,2.549149113,0.436607256,1.231564366,-0.370087583,0.248005538,1
-2.580083457,0.936192233,0.089268906,1.379023241,-0.574185068,-1.275565367,-0.020701003,0.780630674,-1.353841499,-0.446233367,-0.581149511,0.551096983,0.596605614,0
-2.69942938,0.392599059,0.311577956,0.050707254,0.86141836,-1.62322079,0.043184176,0.147279856,-1.365101484,-1.057304588,-0.158094037,0.524202573,-1.95415024,0
-0.771527392,3.627417137,-1.142405018,0.816844897,-0.501244499,1.094120346,-0.033960622,1.167268539,-0.528805518,0.177188654,0.286693854,-0.18930047,1.669275097,0
-2.703142955,2.34112262,-0.509582938,0.911213104,0.075498009,-0.446443249,1.021363235,-0.324301885,-1.756053132,-0.692679679,0.474691224,0.427636326,-0.235788318,0
-2.739123069,-0.267931991,0.476361057,-0.334385756,0.540694828,-1.776369481,0.671489716,-0.954332013,-1.523175789,0.675423272,-0.13203201,-0.883257539,-0.45295709,0
-2.730655036,-3.734711517,1.628861747,0.292945489,-1.394147692,-3.169933484,1.606403794,1.120580095,-1.518134617,-0.100603228,0.618170101,-0.691807194,-1.058308979,0
-1.042714718,-0.402179817,0.147896461,0.718451847,1.128265698,-0.494946227,-0.184067145,1.133376572,-0.878974979,0.494826021,-0.519367711,0.855377081,0.296881496,0
-1.759593738,-0.68813368,0.367941101,-2.094644328,0.617510493,-1.100333488,1.867077495,1.072643542,-1.224767131,0.622727891,0.576737482,-0.602072108,1.65477724,0
-2.241172338,-0.717398585,0.885378623,-0.879606309,-1.442888574,-2.402421879,-0.991442284,-0.899447976,-0.506198174,0.352011591,-0.213677171,0.080713727,2.340722612,0
-1.859212632,1.219246672,-0.280788536,-1.698299832,-1.351106204,-0.327810431,-1.223057584,0.762181583,-1.343306449,-2.352437446,0.238562673,-2.460618622,-0.383729545,0
-1.733898399,-0.699742733,0.373684394,1.188846719,0.671574565,-1.101868039,-0.391211614,2.484580984,-1.198109556,-0.534189208,-1.701767091,0.282766968,1.214039365,0
-4.077858015,3.935423803,-0.865365666,-1.206300703,-0.402418208,-0.596142873,-1.12314789,-1.007178114,-2.564530743,-0.213332916,-1.139457245,0.675214865,-1.823496433,0
-2.067460118,0.21274635,0.320028216,0.387168627,0.434425115,-1.396903675,1.083369296,1.566052098,-0.92854615,1.518775005,-0.186343862,-1.002555041,-0.274739489,0
-2.768032962,-3.973444571,1.740661006,0.49145493,0.413534003,-3.350404396,0.407698182,-0.768149164,-1.478164794,0.925589397,0.156910523,-0.10001901,1.236121197,0
-3.528219731,-0.075651689,0.894718552,0.084797729,0.660488982,-3.020290863,-0.132425585,-0.302774545,-1.130051495,1.367651304,-0.260430586,0.628730548,-0.187597,0
0.082092796,-0.914124586,0.105122612,-0.132191545,1.694632844,0.10635076,-0.808038092,-1.171808148,-0.374906447,-0.074469318,0.839489315,0.509598858,2.166449128,0
-2.789861823,-1.179856266,0.785827627,0.574164208,-1.139931272,-2.172520483,0.817881967,-0.785915563,-1.553955606,-1.038973484,1.025406571,-0.490328444,-0.115998726,0
1.318762105,0.661114695,-0.84161531,-0.192456831,0.50703789,2.056845786,-1.168892214,0.595436394,-0.243126671,-0.324285693,0.650199885,-0.763307297,0.112037794,1
-1.327689611,-1.773087292,0.695163164,-1.415964453,0.04270982,-1.336744171,-1.126377844,0.735447325,-0.923419071,1.430619554,-0.540909004,1.186687477,-0.303301822,0
0.978691834,0.681314944,-0.628929461,-0.751453427,-0.834075563,1.469319735,-2.158140948,-2.609248655,-0.047816869,0.526282467,-0.744969744,-0.294436968,0.19729797,0
-2.08676265,-2.093411548,0.955089328,-1.19250068,-0.413919883,-2.032674824,0.154663275,-0.074200971,-1.242236187,-0.977599061,1.583233396,0.890320162,1.583551024,0
-1.693399725,2.254737201,-0.787330169,-0.323529062,-1.759702599,0.505062777,-0.080724938,0.703603868,-1.561957985,-0.837074987,-0.812994659,-0.235444458,-0.262427596,0
-2.6372076,1.525318679,0.081881624,-0.554015533,0.32474332,-1.482208563,0.119062078,1.209279539,-0.980478303,-1.248274756,-0.456041674,1.23631818,0.328208968,0
-1.340262698,-0.777290938,0.34647402,0.246505642,-0.205851834,-0.89936694,-0.135161556,0.766123119,-0.973312647,0.193562857,0.728171626,-0.692990782,-2.751673124,0
-3.168742266,3.324310906,-1.073314013,2.057144649,0.482801865,0.352342785,-0.60039939,1.641207217,-2.693446793,1.04460446,0.750001396,-0.715129571,-0.347604782,0
-1.923549542,1.656168857,-0.800217766,0.005627205,0.036835809,0.678128154,1.511145072,1.590782651,-2.238722389,-0.170844004,-0.56667559,-1.316119954,0.07431289,0
-2.494229151,1.45307751,-0.00311746,1.543950605,-0.988371062,-1.2228287,-0.362334458,-1.673897928,-1.100264427,-1.626430759,0.415671974,-1.980853847,-0.363870798,0
-0.526584397,0.760913203,0.287528583,-0.665479736,-0.821389374,-1.071217592,-1.323809637,-0.849560354,0.753348891,1.310041207,1.285285212,0.903954113,2.072277291,1
0.954516819,1.439305013,-0.871921001,-0.020076198,-0.833060371,1.747173734,-0.463129864,-0.155106883,-0.048229883,-1.778125634,-1.27955668,-0.273151872,0.375543373,0
-2.331346016,1.799342452,-0.473326379,0.488695146,-1.369776489,-0.231121495,0.569257855,0.216740088,-1.754508023,1.002192654,-0.533358957,-0.463757695,-0.944956271,0
1.309253249,1.988663969,-1.177785787,-0.657863818,1.576785536,2.350196891,-0.152643791,-0.77112643,-0.014581438,-0.627888858,-0.896289293,0.535645469,-1.537989831,0
-3.556767148,1.92321594,-0.351065887,0.965573559,1.391991576,-0.905401928,-0.446398499,-0.14818929,-2.45781677,-0.22085428,-0.907380953,0.251869448,-0.416691987,0
0.345705008,0.478682886,-0.403413418,-0.647426057,-1.836377787,0.846461015,1.72782654,-2.172924568,-0.245868928,0.562869676,1.65677437,1.270169728,1.191379719,0
-2.612660424,0.119536263,0.273298753,1.654634748,0.850936928,-1.415473432,0.536824684,1.416661308,-1.579075366,-0.244317039,1.508336098,0.764599598,-1.574879987,0
-0.953669659,-0.996500761,0.348523484,1.443299059,1.876464611,-0.715497432,-0.205281623,0.480304622,-0.794776176,-1.58520136,-0.418657058,-0.163427803,0.156309349,0
-3.267878185,-2.034327426,1.16423762,0.958142626,1.947709642,-2.868461588,-1.906546104,-2.332626182,-1.760277508,1.207667653,0.354122219,-0.029077491,0.089374619,0
-1.580087774,-0.91778249,0.465569553,0.612173016,2.687774658,-1.189291569,0.38243907,0.435892175,-1.020415843,0.394488195,-0.582304645,-0.131482786,-1.464939579,0
-2.797289469,-1.227677804,1.190218342,0.55486724,-0.236425938,-3.074940866,0.82120115,-0.924304168,-0.688826786,1.729787387,-0.824423289,0.210284564,0.538034839,0
-1.773756543,-2.202815287,0.912444684,0.205782911,1.397312975,-1.807243669,0.801725002,1.155374719,-1.146260692,-0.587009219,1.366554863,-1.512317208,-0.385237693,0
-0.195810028,0.207487996,-0.237571951,1.490633608,0.615894335,0.409400799,0.058135208,-0.388239683,-0.549119528,0.199650231,1.689608768,0.111772072,1.750578222,0
-2.310083936,-0.754361856,1.027536257,-0.09242058,-0.03417348,-2.73170301,-0.560559057,-0.723630996,-0.275016799,1.751821781,0.297476735,-1.791738592,-0.835667808,0
-2.439440416,-1.382686829,0.793207812,-0.405203265,0.006381936,-2.01692762,0.64656571,-0.181670928,-1.3828175,-0.770873689,-0.233057643,0.61945449,0.336611521,0
-2.901823849,3.170968262,-1.045731156,1.540428952,-0.720188012,0.420649658,-0.050229685,0.962588214,-2.512953752,0.830571013,1.772092751,-0.434197618,-1.141366973,0
-1.508966951,1.98658722,-0.121110914,1.183375806,-1.175859771,-0.858396778,0.98009162,2.587441229,-0.106321231,0.272026897,0.289221941,-0.060298516,0.036152528,0
-2.023424455,-2.01636386,0.896759894,0.397151002,1.460715702,-1.909185103,0.504527216,0.324157621,-1.260276575,0.641771085,-1.381744775,0.818954078,0.82966116,0
-1.74438627,2.2247261,-0.42257477,0.11302071,-0.14556765,-0.326294409,-0.081857746,0.689189599,-0.810498684,1.058871847,0.296467566,-0.430730465,0.572077621,0
-1.614163026,2.262041673,-0.427406055,0.332836143,-0.771686458,-0.290877262,-0.794773087,-0.640112766,-0.679762402,-0.400397345,-1.951707296,1.2341168,-0.146607055,0
-2.847927034,-2.663867176,1.308822319,-0.798784856,-1.682295632,-2.854090381,-0.796895144,0.246890523,-1.539148015,-1.943155196,0.333945973,-0.742952861,0.992556892,0
-1.955341964,-0.892165837,0.502694021,0.052706134,-0.664704789,-1.390733308,0.315985833,-0.473467066,-1.245687492,0.07394873,-0.031965691,-0.123494375,0.1617851,0
0.967568307,1.156295432,-0.771519475,-0.920524132,-1.295041413,1.622649549,-1.060942995,1.878847618,-0.02285055,-1.852292759,-1.44623257,-3.448042914,-1.433599818,0
-0.324746884,-1.051469749,0.238152507,-1.541048225,-0.609215279,-0.264459838,3.065525898,-0.420421594,-0.534242254,0.347885116,-0.072239966,-0.115126777,0.72926925,0
0.630678249,0.368764533,-0.41952415,-3.076196124,0.642862762,1.003812567,-0.288851308,-0.066171048,-0.115224158,0.279764741,-0.849208017,0.997342562,-0.945129319,0
-0.97142258,0.585015922,-0.091697697,-0.47352563,0.020296284,-0.277759336,1.338415077,-0.477546714,-0.617281607,0.383670913,-0.955849998,0.072629999,1.046909741,0
0.819172518,1.186679113,-0.775103147,-2.179493002,-1.246521884,1.57729556,-1.28014941,-0.488831238,-0.137794429,0.106363165,-0.402266534,3.019653142,-0.517925798,0
-1.566437199,-2.095621525,1.544672163,-0.960933924,1.570292298,-3.21884523,-1.086996087,-1.810721305,0.533314336,0.701129798,0.38997741,-1.074118931,-0.526633442,0
-2.19922643,-2.497315926,1.121354392,0.517808042,-0.512479497,-2.300311189,1.435915351,-0.693794821,-1.268943381,-0.475585932,-0.45464418,-0.036147982,0.001743863,0
-1.913064649,0.708905257,-0.152028176,-0.957150601,0.790974672,-0.456102035,0.667393155,-0.984753105,-1.482441053,-0.73227231,-1.121082058,0.681913663,0.791796494,0
-1.41614124,1.175814505,0.018266588,-0.246432453,0.805715285,-0.862932618,0.306055366,-0.698255414,-0.317839746,0.666826035,-0.350727611,-0.006275072,1.408642716,0
-0.482419047,1.553886492,-0.656151884,2.85196188,-2.008801496,0.803080715,0.746004652,0.382259617,-0.733379172,1.621452508,0.100355446,-0.32809947,-0.205958039,0
-2.013758656,2.210015853,-1.010833395,1.070351835,-0.25605379,0.935211142,-0.100041038,0.284735557,-2.376565231,-0.872340285,-0.555913496,0.267010333,1.789936486,0
-1.695269254,-1.734254406,0.741021982,-0.575076955,0.52120389,-1.560421519,0.369023366,0.448656711,-1.112525186,0.527915236,0.040091002,-0.174113088,1.144027584,0
-1.515461505,1.856771699,-0.538059534,0.279384493,0.789057468,0.130876837,-1.220600107,-1.801066105,-1.144401042,-0.207735747,-1.473006459,-0.614696823,0.502884685,0
-1.637222764,1.501473455,-0.677221503,-0.908341252,1.670093901,0.536131394,0.734935974,-0.671380444,-1.828215271,0.144116363,0.789732125,-1.69942952,-1.80726231,0
-0.205422992,1.206591658,-0.579656603,-0.401776087,0.447644393,0.831492747,-0.665146606,-0.684610025,-0.579140789,0.66088483,-1.336574619,-0.452368085,0.298960613,0
-0.864172467,-1.100126869,0.371941446,0.906322553,1.094304053,-0.706389969,-0.394884133,-1.439694796,-0.741444323,-1.182354357,-0.109655904,-1.282965894,0.18606878,0
-1.261634568,-1.120923845,0.448940866,-0.793164134,0.508797425,-0.988364669,-0.782726493,-0.6927034,-0.931293863,-0.2428919,1.936688432,-0.36832963,0.498609928,0
-2.127168393,-2.362826316,1.049227934,0.033277763,-1.501725773,-2.163192298,0.666933319,0.165367648,-1.267440891,-0.998318266,1.811606305,-1.753069568,0.575986795,0
-1.713447599,-0.481189554,0.437017748,0.942763725,-0.80964446,-1.316356842,0.319887968,-0.936150446,-0.874987847,0.932375242,0.171920849,1.191720302,0.705894196,0
-1.829126308,-1.90546222,0.845305455,0.764261029,-0.444303717,-1.775397295,1.359204699,0.100925802,-1.123256718,0.450789429,0.344220912,-0.902053397,-1.16799321,0
-0.889099144,-0.459702129,0.158344273,-0.393008045,-0.092163983,-0.454121062,-0.303572922,1.399018662,-0.764332859,0.155606148,-0.703874841,1.369267305,0.192259641,0
-0.713865811,-0.534613474,0.144870769,1.26279024,0.067553259,-0.346703525,-0.842855798,0.485638468,-0.697466466,0.34575227,-0.675415105,0.412834891,1.035493309,0
-2.554742738,-1.235140892,0.724735547,0.89243098,0.015003532,-1.946731425,-1.262597799,0.034928404,-1.526981395,-0.630209786,-0.107010493,-0.39952109,-0.213243815,0
-3.132801806,0.82330369,0.259076117,1.387498332,-0.174484169,-1.780452377,0.738445166,3.602415024,-1.539791548,1.41830747,-1.410612006,0.200286441,-0.231079737,0
-1.477404409,4.090286503,-1.350584991,1.091763491,0.369394861,1.200024636,0.681981169,-0.387893825,-1.266736772,-0.623914202,-0.82200252,-1.593912527,-0.726004103,0
-3.692911499,2.073170633,-0.321564746,0.293747352,0.243103058,-1.064247552,-0.620264297,1.125679932,-2.398563273,0.681660651,2.380387746,-0.770226983,0.543524333,0
-2.377103647,-1.681105343,0.853115905,-1.564433985,0.423162658,-2.02999122,0.567191137,0.519905016,-1.416757198,-0.189388822,-0.715168264,0.72086382,0.370238627,0
-2.111372729,-2.671165428,1.167146678,1.95809023,1.033653479,-2.317753836,0.158749868,0.875796966,-1.219272605,1.547899047,-0.121866263,0.099305956,1.046164314,0
0.687276066,2.058089866,-1.05117745,-0.879466725,-1.290182094,1.859262377,1.153583891,-1.384808727,-0.221825906,0.692579392,0.377092494,1.517877958,-0.048728033,0
-2.89706784,2.07037841,-1.103006068,1.62597796,0.054335659,0.938465422,-1.336269637,-0.462115964,-3.458968633,-0.319740214,-1.134127662,-0.538810359,1.184695798,0
-3.338311961,-3.54904393,1.688069358,0.758243369,-0.617839534,-3.54471322,-1.006151584,-0.237947814,-1.777316463,1.121339141,2.046102484,0.995773969,-0.557165093,0
1.520592703,0.874421329,-0.572211741,0.548753116,0.235681147,1.429200164,1.603541733,-1.541400433,0.696820534,-0.523641218,1.288218244,-0.086677125,-1.558151986,1
-2.721681136,1.577698618,0.014717738,0.06953333,-0.022785635,-1.372661152,-0.085559834,-0.408437601,-1.165833025,1.691650408,-1.196937927,1.261460804,2.439334279,0
-1.589788395,1.402803968,-0.097207876,-0.746136021,0.527354747,-0.730879312,-0.012195567,0.102428664,-0.559100658,2.073664175,-0.370214031,1.963999236,1.111853369,0
-0.672722184,0.405929182,-0.134882257,2.073709431,0.353216773,-0.030756194,0.694774171,0.574956683,-0.587032894,-0.36001486,-0.700724578,0.885840747,1.335960556,0
-4.502495016,-3.315384311,1.84818444,0.501332724,-0.390135278,-4.325733695,0.3595683,-0.685582941,-2.260253494,-2.635443086,-0.783565032,1.41631199,0.435369503,0
0.59832364,0.795956812,0.227400606,0.33581712,-1.766528923,-0.622652805,-0.460418141,1.477022404,1.626931018,1.301808877,2.077617684,0.151035731,0.289276911,1
-1.985168376,-2.592250012,1.069920519,-0.434622275,-1.235158646,-2.088574716,-0.87992676,-0.132366418,-1.268291877,-0.431015756,0.576486577,-0.157930473,-0.895494589,0
2.123082609,3.936877677,-1.176488715,0.71969555,0.056512518,1.89776619,-0.78063502,0.048723445,2.153474961,-0.845223513,0.545561165,1.676490367,-1.044085422,1
-2.314811521,-1.79999535,0.897860581,0.007375192,0.319661931,-2.071735376,-0.784276782,-0.333453176,-1.350727707,0.94756976,-1.395904584,-2.490388895,-0.437293997,0
-2.566609134,-2.179274923,1.078580291,0.425628714,-0.791450651,-2.420995997,0.318362691,-0.699084941,-1.448292873,-0.147176829,-1.542133651,-1.215484432,-0.53273939,1
-2.538515447,0.306756053,0.396096221,-0.901137391,-0.855678967,-1.738319551,0.970085986,-0.39474962,-1.099040105,-0.58527339,-0.987504398,0.244006063,-0.511796014,0
-1.50993194,0.303341783,0.392794757,-0.384491549,-0.38986216,-1.432905883,-0.900929218,0.07624033,-0.210785164,0.557471062,-1.247362973,-0.561040646,-0.206298629,0
-4.13244623,-3.050875036,1.677653442,1.443456291,1.073911346,-3.9251553,-0.963575808,-0.134385631,-2.122248902,0.731081642,-0.44950091,-0.306247489,1.567646031,0
-1.541106134,-2.367304458,0.975578104,-1.567465543,-1.043146882,-1.825528797,-0.351458365,0.224987061,-0.924250305,0.244726734,-2.234014397,1.021669024,-0.268338454,0
-0.834016698,-0.667901853,0.201837617,0.373390067,1.251379902,-0.463739389,1.015298602,-0.593314162,-0.774082348,-0.317640465,0.423677502,1.499045481,0.434476651,0
-1.425345191,1.481783201,-0.402464786,-0.208617237,-0.002097317,-0.018921029,-1.229318021,1.473879291,-1.04143131,-0.940332188,0.440879898,1.807932839,-1.065017549,0
-1.997203461,-1.369914999,0.644422919,0.406673191,0.80189631,-1.556423067,0.881082579,-0.357715037,-1.320922073,-0.213327872,-0.232788192,1.328972091,-0.96070595,0
-1.513580264,-0.895635514,0.866871123,-1.014317047,0.00753863,-2.087952268,0.654813204,0.783681949,-0.045418018,0.359386077,-0.477529853,-0.480258288,-1.218380603,0
-1.995043803,2.532426347,-0.803258354,0.523219011,-0.480359672,0.35663405,-1.594176325,-0.36833271,-1.653793257,0.664552414,0.77477339,0.207929692,0.65048964,0
0.450301014,-0.120003155,-0.511219744,0.39614057,3.120976621,1.331391639,-1.388918244,-0.855014549,-0.84336991,-0.441897013,-0.867690974,-0.276536651,-2.882269531,1
-2.153940794,-0.888334038,0.530059794,-1.544741065,0.461188858,-1.51143112,0.502721861,-0.8623715,-1.354853773,0.405108849,1.008260121,0.084499774,1.225176021,0
-0.556539211,-0.651538851,0.131512308,1.023123276,-0.777962571,-0.229956209,-0.654528571,-0.418231068,-0.67734525,-0.121231026,0.393357973,-0.073200423,-0.495222244,0
2.147429726,2.216019539,-1.385423928,0.291623065,0.951116273,2.983022152,-0.544686207,-0.616233657,0.42122236,0.024421992,0.638081711,1.729701421,-1.449079052,0
-1.323539708,3.299732443,-0.50498158,0.213090575,-0.671497514,-0.39557702,-1.087030328,1.024346202,0.174675321,-0.384630132,-1.349172104,0.825307517,-0.265223865,0
0.09854388,-0.242140855,-0.108756497,0.179484752,0.253325118,0.360111415,1.133847399,-0.589062956,-0.338733539,-1.558753936,1.082710534,-0.039088588,-3.014441105,0
-1.609582013,-1.229393163,0.577591721,0.122590778,0.839379254,-1.34239715,0.309673158,0.005237149,-1.027469367,-0.873396669,1.266321074,0.251138743,0.815182609,0
-1.132211467,2.134995423,0.071573154,1.010600853,-1.597393944,-1.238801908,0.917873303,0.629366903,0.765795538,1.328661405,-1.340122002,-0.318339189,-1.116586029,1
-2.737696779,-2.263927291,1.148415089,0.748373673,-0.154237947,-2.598990259,0.548998498,-1.792088994,-1.50420799,0.182018471,0.463075406,-0.597374138,0.316280429,0
-1.451340916,-1.958251814,0.771258668,-1.480917706,0.685246037,-1.479949375,1.003748248,-0.240699648,-0.998902357,1.271542409,-1.267253413,0.700278648,-0.057528831,0
-1.057370685,-0.551590928,0.214579575,0.182173266,-0.193140426,-0.597920481,-0.837676432,-0.701649434,-0.853703983,-0.819933887,1.242162766,-0.589871767,0.497309107,0
-1.352435435,-2.262757697,0.859172195,-1.370519206,-1.735644423,-1.543836013,1.883769043,0.995324848,-0.942618234,0.360874531,-0.116817273,-1.204281117,-0.041264155,0
-0.534836307,0.000427136,-0.126071978,0.595380633,1.11686538,0.131464488,0.277480532,1.290541662,-0.74959048,0.75747691,0.310116841,-0.064909083,-0.380881039,0
-4.180195688,-2.734753186,1.579172281,0.351208915,-1.779104678,-3.826625733,-1.263387539,-0.593131556,-2.148899132,-1.564850638,-1.723195231,1.368074735,1.323650064,0
-2.535405027,0.795805132,0.364456139,0.52937357,0.677412985,-1.837436078,1.743832264,-1.471163383,-0.802206479,2.133126077,-0.376261408,-2.490751738,0.465617505,0
0.929522608,0.906990566,0.052930747,0.011996069,1.222544153,-0.170444703,-0.309688769,0.344478441,1.607592966,-1.531460427,0.375201575,1.493571163,0.176798885,0
-1.461263877,-0.378579653,0.224427531,-0.289066065,-0.830158316,-0.797535485,-0.476857701,0.080025974,-1.055144253,-0.196551682,-0.524849652,-0.893522125,-0.640655726,0
-1.01039832,-0.663054076,0.240838466,-1.640581039,-1.087242212,-0.604770709,-1.135254185,-1.288004625,-0.83698374,-1.46315366,0.431948223,-0.48220568,0.028846469,0
-2.62831334,-2.947226921,1.339300453,-0.912379325,2.329275286,-2.760330502,-0.166465745,1.271326718,-1.490534109,0.109839304,0.336232934,2.530874549,0.416544272,0
-2.134714074,0.130974353,0.319647519,-1.442853754,0.348221104,-1.386721384,-0.720368855,1.568199691,-1.049178023,-1.547706401,0.349630542,0.036506222,-1.961966851,0
-3.047044362,1.671761639,-0.320309773,0.585070202,0.776087373,-0.739787338,0.587835122,-1.548261668,-2.13142169,-0.71554442,0.537462087,-0.044627623,-0.165578973,0
-1.255879541,-0.500308964,0.235257768,-0.794732021,-0.382025187,-0.72009205,0.490246169,0.835120476,-0.942371721,0.16685861,-0.222337971,0.068111493,1.061129519,0
-1.480440921,-1.77388859,0.717423584,2.481931643,0.441046508,-1.431010674,-0.947363484,-0.742900928,-1.00746258,-1.246453761,1.347056325,0.366981453,0.104561452,0
-3.088906134,0.315216139,-0.055694896,0.204492042,-0.493190437,-0.875500504,-0.578416238,2.47247154,-2.587020673,0.54451845,-0.312112524,-1.701831669,0.020191238,0
-2.461577142,3.453157937,-1.558811464,0.00400126,0.093365193,1.612099459,-0.659426887,0.417681405,-3.069014788,0.457400743,0.138975652,0.353513984,0.189559861,0
-1.753521255,0.450463252,0.229646586,1.888060241,1.244789386,-1.184863831,-0.261547154,0.648940416,-0.679713593,-0.387854524,-0.047994532,-0.027885482,-1.093076752,0
-2.644028837,0.516980635,0.228242113,2.244406738,0.129927392,-1.461936522,0.232065168,-2.464272052,-1.410841569,-0.896806379,-0.872433441,-1.238922152,-0.661283339,0
1.381883371,1.174764749,-0.296140157,-0.131130845,0.627090703,0.657623747,1.615089852,0.09709622,1.419330442,-1.258116893,1.326346868,-0.094900333,-0.294311313,1
-1.624557335,-0.96976179,0.46369097,-1.16806156,-0.941420882,-1.179603485,0.90117324,-0.816150805,-1.10226978,-0.54983949,-0.2604758,-1.785419557,0.03178082,0
-2.365963364,-2.169851718,0.99628282,-0.773396471,-1.788772623,-2.179789549,-1.494802215,0.377965849,-1.450691649,1.757781553,-0.374256038,0.401749625,-1.241829371,0
-1.294499609,1.16072901,-0.025239396,1.03256172,-0.770119107,-0.723880317,-0.348851997,-0.36378453,-0.320491228,-1.713743574,-0.46685541,-1.592008457,0.452005369,0
1.040211405,-1.871596989,0.874912024,0.093821063,1.685347266,-1.026681947,0.457669801,0.756063878,1.474104335,0.874635349,0.841028742,-0.923159682,-1.595826643,1
-0.933958633,1.024246696,-0.092296943,-0.435474048,-0.148379258,-0.419862145,-2.502608891,0.295845055,-0.257996153,-0.668043908,0.765813814,1.171129776,-1.008831282,0
-0.58357526,1.414311537,-0.677903642,0.092974157,0.659538526,0.872249863,-0.289168245,0.075839003,-0.974719392,-0.466318057,0.295811935,1.213379133,1.282713958,0
-3.058724401,1.411944402,0.190050603,-1.271544072,-1.135444194,-1.809293075,0.642474447,-1.938799909,-1.190514624,-0.415450483,-1.336331889,-1.305512438,-1.062700276,0
-2.453578924,-2.195902983,1.051471083,-0.260923581,-0.753699372,-2.321070613,-1.467782038,0.991201886,-1.422827051,1.110167164,-0.259428055,-2.629399993,-1.804479985,0
-3.172490582,-2.580156092,1.332768144,0.881465462,-0.178826174,-3.031426684,0.753276658,0.031876101,-1.706351174,0.353812871,-0.20326177,-0.509073585,-1.827103029,0
-2.866447563,3.546485855,-0.870857662,0.611343429,1.266632344,-0.097613237,-0.267511801,1.142385441,-1.809355531,-0.469120708,0.445376367,-0.060409295,0.38372582,0
-1.290383366,-1.506186573,0.585170063,0.795596366,-2.150591543,-1.170283155,0.873163708,0.081643711,-0.938370073,1.151259005,-0.817345201,-1.457776394,0.346471922,0
-1.1929692,2.633381947,-0.857257265,1.80860931,-0.738017588,0.675017848,1.25122911,-1.012815638,-0.999166479,-0.793941043,-0.534423562,0.131716823,0.167706324,0
-2.911009918,1.089555969,0.562226185,-0.0772895,0.283476604,-2.497465461,0.84831722,-0.837106327,-0.467169935,-0.535164267,1.69045267,0.132928465,0.481495321,0
-2.329816866,2.278212168,-0.1668537,0.256132094,0.93655043,-1.093888175,-0.544159518,-0.235402911,-0.70804334,-0.462720687,0.851108372,-0.376790988,2.923553663,0
-2.364461652,1.291364236,-0.051518977,0.178239744,-0.536346027,-1.018830645,-0.554044384,-0.20822271,-1.216271158,1.828625262,-0.851591833,-1.357823207,-0.369716685,0
2.187461011,1.00384893,-0.980827014,-0.146973871,-0.406338731,2.502775283,0.815034134,-1.641580298,0.458994532,0.491897285,0.83948257,0.924372617,-0.782830221,0
-1.962388336,-0.536279561,0.567304138,0.945689037,-0.676364503,-1.664284978,-0.351873796,1.219431083,-0.841184928,0.15384766,-0.522071904,0.849521987,-0.866732671,0
-0.435253434,0.169167019,-0.023321915,-2.029185619,1.941111476,-0.132089301,-1.540753225,0.349546986,-0.306117662,-0.566708482,-0.555713545,0.379248007,0.752710601,0
-3.719440043,2.565963386,-0.239985989,0.061781823,-0.039360625,-1.429985974,0.01294398,0.185669559,-1.870791952,-0.412515049,0.317652081,0.454905529,0.48222936,0
-3.359527906,-3.349871297,1.635312713,1.326509259,0.589901879,-3.50114724,-0.342117335,0.715191303,-1.765516078,-0.084248885,-0.563493358,0.777056898,-0.243346087,0
-0.524115113,-0.17283259,-0.060653,0.907614239,-1.026472495,0.047054136,-0.285496829,-0.874545017,-0.722799709,0.203265999,0.42635283,-1.446289681,0.244740448,0
-0.318598015,0.212768038,-0.2047463,1.175271888,0.820011738,0.297682498,0.831762598,-0.699116127,-0.578752595,0.59787398,-1.548680337,-0.560107307,-2.279496705,0
-5.418966955,2.556295617,0.089313646,-1.477772108,0.273594573,-2.663655619,0.11054912,-0.046624765,-2.623284916,0.107603436,-0.608591806,0.078077714,0.270921343,0
-2.631406748,1.409730622,-0.051987167,1.66938346,0.910461102,-1.136351041,-0.710270898,0.087964277,-1.36206336,0.732476529,-0.510777192,-0.79067364,0.353566147,0
-2.148273803,1.726333378,0.171867537,-0.8168615,-0.684585619,-1.615831094,0.128098884,0.519829003,-0.20154771,0.627398486,0.216791278,0.682652507,-0.803378707,0
-2.556779388,1.00030148,0.537424559,-0.889252162,-0.392674654,-2.307683013,-1.031826551,-0.616148129,-0.280118705,-0.697329658,-0.300835287,0.792395039,0.994518116,0
-0.218578083,0.679381312,-0.395067017,-1.26938357,-0.916519917,0.594257228,1.188419221,-2.006962065,-0.570068508,0.949453487,0.581404599,0.546026147,0.153172346,1
1.646064366,1.478190166,-0.565771672,-2.624461062,0.542987251,1.238732161,1.52344393,0.203017067,1.271591086,1.656389678,0.495094507,1.726966638,-0.833064063,1
-1.989987731,-1.883183954,0.827701046,-0.45679627,0.985310739,-1.789704447,-0.924623044,0.466333295,-1.286595269,1.090106969,0.726033165,-1.178451869,-0.055673869,0
-2.837574187,1.463551489,-0.386955601,-1.27154025,1.244694527,-0.4550913,-0.570940399,-0.544477092,-2.253475073,-1.220373653,-0.861107878,0.143386263,-0.699263207,0
-0.577450053,-0.407491849,0.06465683,0.15055643,-1.106230282,-0.170090061,-1.720580399,0.222803419,-0.663409823,0.71576457,-0.363701301,1.059426623,-0.849389683,0
-3.836927197,1.844447444,-0.354334439,-0.190485698,0.771850486,-0.951144991,0.831733138,-0.345653657,-2.768606108,0.037963728,0.144052232,0.928851246,-1.246329478,0
1.019164272,-0.121912687,-0.351223217,-0.771761899,-0.706677794,1.133330156,0.686410394,1.467540445,0.010943214,-0.198585541,-0.113647749,0.087066795,-1.899144727,0
-1.876856352,0.094526137,1.260931357,-0.995997107,-0.655751261,-3.434168084,1.683414845,0.937225174,1.26071019,0.290871191,-0.650541996,1.119566117,-0.478232608,0
-4.19608099,-3.462363013,1.827044039,0.437051199,-0.057124748,-4.137774057,0.552493858,-0.454753966,-2.149838408,-0.435563438,-2.122463043,-0.988057569,0.867963687,0
-0.520962956,-0.966586091,0.887230272,-0.031395937,-0.286706322,-1.822850993,0.670167262,-0.531875793,0.814095604,-0.16306128,0.756115176,1.021658728,0.059654565,0
-1.049948432,-0.231672999,0.074821062,0.454920813,-0.475707062,-0.391199743,0.374336177,-2.075470504,-0.921953967,-1.100379283,-1.389285366,-1.570683346,0.783291388,0
-2.367127236,-0.193069888,1.159262268,0.943516818,-0.180102601,-3.244026625,-0.00756466,-0.137291068,0.389760232,0.039496761,-0.65239846,0.124437598,0.096690703,0
-0.71973094,0.765063785,0.095028847,-0.933421267,0.252448555,-0.69184535,0.048831125,-1.513654174,0.155877466,-0.772903664,-0.362241698,0.275663582,-0.530959647,0
-2.515577445,-2.514602051,1.18320034,-0.530154415,0.783174975,-2.52575502,0.5244738,-1.969873784,-1.419340826,-0.604233092,0.829958332,0.833217938,-0.620681282,0
-3.057809139,0.992061876,0.397184834,0.146425727,-0.19151365,-2.13129247,-0.887893013,0.725816758,-1.03844554,-0.982292243,1.017021522,-1.973423369,0.26803354,0
-0.824059786,-2.667064402,0.914767679,0.241795501,1.049260665,-1.37548513,0.201166393,-0.511473069,-0.658317658,-1.476723384,2.191973171,-1.104160927,0.406431389,0
-2.99528303,-2.792782085,1.376093448,-1.591637195,-1.256771118,-3.003878459,-1.153137496,0.216978381,-1.613136351,1.657209002,0.075325818,-0.831914921,-2.096489488,0
-2.060729853,0.997147716,0.042474059,0.016206599,-1.470380135,-1.041029605,1.361538203,-1.967094563,-0.959800246,-0.885962568,-1.755767858,-0.618032074,0.845280305,0
1.388487357,0.067126752,-0.357675001,-0.127652097,0.988874789,1.188108748,1.141134575,-1.121566131,0.460109553,-2.00919278,0.032313098,0.438572806,1.821501696,1
0.080086059,0.30140574,-0.303981987,-0.633250871,0.563640504,0.606609481,-1.81013847,1.528956165,-0.387079136,-0.793861152,0.621278253,-0.956689598,-0.223290361,0
-3.46915476,-2.770465484,1.46385884,0.214781626,0.663710961,-3.34745354,-1.026980893,0.451173288,-1.813368322,-1.056049358,0.500479766,-1.116679615,-1.555283406,0
-2.81097827,-2.896200043,1.352024007,0.38197377,0.705693031,-2.859802331,-0.508486746,0.527476723,-1.583404106,-1.922111139,0.503572831,-0.128212129,1.421673504,0
-1.760431107,-1.933064812,0.797668631,-0.687728122,1.799856823,-1.637854849,1.181064011,0.578599346,-1.190756757,-0.094267148,-0.854377838,0.836614897,-1.06623572,0
-1.194924375,0.648872582,-0.202195907,-0.640658576,-0.011720334,-0.114076742,-0.441486415,-1.336904263,-1.012702396,-2.398322586,0.993672344,1.022641578,0.337364999,0
-1.882216738,-1.019436512,0.539032705,1.343983311,0.414358928,-1.407345765,0.303222557,-0.836558522,-1.195314928,-0.659868321,0.555903657,-0.00703166,-0.101383571,0
-1.660962544,-2.232448652,0.895309534,-1.269297131,-0.280000531,-1.725437706,-1.801115464,-0.488188101,-1.108332017,-1.192037555,0.685227302,0.793742051,-0.895593101,0
-0.508825243,0.1214234,-0.139223253,0.662793912,-0.677723873,0.126295471,-0.082431896,-0.714481505,-0.666051707,-2.415834306,-0.130410582,0.448228714,-1.34851277,0
0.450394822,-0.233506607,0.002995815,0.936899194,0.688662295,0.20515043,1.189919716,0.237234876,0.225701234,1.814673448,0.087229892,0.328678242,0.203660423,0
-0.348360204,0.706238247,-0.116843792,1.195859157,0.970167053,-0.083567661,0.284914397,-1.046257199,-0.039110918,0.453202917,0.697547535,-1.341530571,-1.42163288,0
-1.428470265,0.127486401,0.368527037,-0.012993679,-0.7259519,-1.292606509,0.032074328,1.002802734,-0.325384869,0.073329928,0.868657241,-0.84569082,0.751921,0
-0.731575982,-0.13567999,-0.028963364,-0.130413117,0.273824501,-0.097708973,-0.018879733,1.196315015,-0.805127317,-1.172634679,-0.403124402,1.08434403,0.10276837,0
-1.728328232,-0.457568477,0.302306048,0.74191974,0.811767841,-1.023447926,0.449818156,-1.702224061,-1.172595494,-1.005818661,0.682041343,0.850633394,-1.49782603,0
-1.459956499,1.112437245,-0.392543717,-0.073473055,-0.408499518,0.078319369,-0.794083707,0.35855446,-1.325137058,-0.369243892,1.590835334,0.296184554,0.160259287,0
-2.811161422,2.150423403,-0.159144112,-0.335088299,-2.103049517,-1.205348195,-1.273489016,0.80647723,-1.206482779,-0.99082765,-0.01595863,0.600884449,0.312958125,0
-3.899447407,-4.081914824,1.995923583,-1.083709903,0.883804797,-4.217581377,0.083821791,-0.45513399,-1.974429948,0.006596002,-0.343743298,-0.341534331,-1.00512914,0
-2.179906766,-2.162008868,0.965735418,-0.093819995,0.510647191,-2.059595114,0.362946678,0.902255549,-1.350900498,1.400925027,1.158521947,-0.908091027,0.902312356,0
-1.1321569,-1.051931452,0.387949421,1.902247856,1.83751408,-0.836928808,0.375079897,0.654502551,-0.903564371,-0.159185034,-0.420718277,1.072325184,0.350347717,0
-2.409421895,-0.884278708,1.107856009,0.241078976,1.281269645,-2.896878415,0.113521496,-0.81661303,-0.278544638,0.390484294,1.075120749,-0.210327773,-0.967254738,0
0.687266734,1.02522733,-0.684119352,-1.368164814,0.032819513,1.38961701,-0.369340291,1.164113524,-0.169378507,0.586683814,0.454157905,0.783975941,-1.163067154,0
-2.991381849,-2.352071894,1.217109074,0.41505614,-0.516900068,-2.796998669,-0.014451962,-0.22949322,-1.637418153,0.807455422,1.630268451,-2.37849584,-0.334432791,0
-1.412844735,1.923881257,-0.139497669,-0.626513332,-0.984172782,-0.766945968,-0.052525102,-1.128693001,-0.110450247,-0.549853607,0.456697562,-0.329517349,-0.399956739,0
-2.513764675,-2.800476426,1.297746481,-1.428739963,1.344684375,-2.684592214,0.612737524,-0.684810155,-1.374178705,-1.773167938,1.201154406,-0.348719814,0.526965168,0
-2.516531113,2.433844385,-0.758654336,-0.097901836,-0.471810522,0.139666511,-0.245884762,0.017557838,-2.082703887,-0.505714862,0.526245044,0.203678841,0.458938955,0
-2.490967795,-0.26378125,0.597109646,0.75808001,-0.022813694,-1.980071717,0.503670773,1.342035331,-1.032455941,-0.883723298,0.437872145,0.384970981,-1.007030865,0
-3.188688413,-3.303182345,1.579457937,0.128118564,-1.450200318,-3.341594588,-0.839535191,1.527220359,-1.706793363,-0.243481638,-1.617438054,-0.269014823,0.595114498,0
-2.916574913,-1.872738262,0.990988759,-1.378113901,-0.682730219,-2.430979125,1.471100354,0.379685711,-1.721577025,-0.584030509,-2.072911298,0.391927496,-0.647329542,0
-1.047281547,-0.89809061,0.325739939,1.855387734,1.412218435,-0.725398654,-1.944706567,0.840713899,-0.854171823,0.091715142,-0.897420244,-0.60501132,-0.370569629,0
-3.108749502,1.441274558,0.254414041,1.232728342,-0.083332201,-1.97998878,1.685744192,0.464502165,-1.067892262,-0.108333883,-0.534854323,0.113160011,0.794641204,0
0.996550322,-0.557581309,-0.152595749,1.084959568,-0.139176086,0.829379072,0.077742837,0.934251226,0.111593726,0.440127997,0.781226175,-1.423113821,2.925024115,1
-0.170098794,0.124473258,-0.231859737,-1.06760322,-1.600006238,0.433020872,-1.437990003,-0.033974189,-0.575826822,-0.767043293,0.222706834,1.205530502,-1.461071609,0
-2.900363906,1.560792961,-0.198789846,-0.275963096,-1.65986785,-0.93407945,0.8403636,-0.316707932,-1.813528365,1.257234961,1.74286647,-1.227524243,0.043804557,0
-2.375724159,-0.774051269,0.538705494,-0.389781274,-1.490153446,-1.635157316,0.646919925,-0.539159098,-1.44380864,0.894733608,-0.437782648,0.212444695,0.919905358,0
-2.249356909,-1.982315942,0.934343562,0.82184946,1.85222663,-2.071552914,0.08004751,-0.143298491,-1.347828129,0.129390098,-2.895329734,2.61004187,1.005862121,0
-2.162213962,1.424157296,-0.029459542,-0.940935953,0.932828704,-1.057152524,-0.69564545,-0.904591214,-0.891025538,0.536290063,1.025134605,0.577205653,0.720486108,0
-0.28202499,0.619201305,-0.379034382,-0.904196807,-0.493048241,0.560732093,-0.349690912,-0.767257825,-0.634430034,-0.379377237,0.004738832,0.554823498,1.046634682,0
-1.568461251,1.277992753,-0.087988769,-0.640756065,-0.428808609,-0.701796845,-0.775369012,-0.839288437,-0.61297188,0.048906799,2.591466871,-1.79644528,1.963392581,0
-1.860499182,-1.432769628,0.686229322,0.153925813,0.635167037,-1.589718394,0.754400429,-0.106321651,-1.154670534,-1.064412853,-1.728309964,-1.450934343,-0.050304396,0
-1.251697567,-0.577985256,0.276602907,0.152311358,-1.076439287,-0.785365819,1.006715856,-0.372793208,-0.903945645,-0.60337469,0.160768936,-0.504349823,-0.814875776,0
-1.27997216,-1.310902515,0.930516764,0.786298231,0.04042894,-2.01904294,-0.772673391,-1.445610201,-0.008644147,-0.813971796,-0.609902707,0.855735321,-0.474956705,0
-3.103264232,2.392799277,-0.841602959,1.215774756,-0.036499277,0.172931087,-0.558282393,0.867660141,-2.811820718,-0.29613958,-0.12337891,1.220570292,0.301788831,0
0.880047977,2.041517947,-1.081345072,1.263814336,0.62085659,1.989107905,0.28946012,1.92008942,-0.133545727,0.260079352,0.860168903,1.045543358,-0.585388011,0
-0.845126917,2.317259876,-0.959215661,-0.64411666,0.58409018,1.117614751,2.157835072,-0.452697926,-1.160179174,1.329868342,0.241557983,1.822922616,0.178441814,0
-2.74622899,-2.343991415,1.147365206,-1.971153019,0.27840446,-2.570950096,-1.185885574,-0.139686172,-1.573787448,0.421992081,0.00204351,1.939449217,-0.068597196,0
-3.044475195,-3.510139618,1.635413127,-1.056955167,-0.021946412,-3.354197575,1.312877294,1.990674689,-1.609821573,-1.276408423,0.359920933,-0.520746305,-2.035488456,0
-2.366168144,-1.83828296,1.37549677,-0.446918362,-0.657043697,-3.156282493,-0.123368105,1.716762749,-0.352503956,-1.068507632,-0.754858553,1.088038836,-0.444386285,0
-0.897357898,-1.170697287,0.376271803,0.895021076,1.019841279,-0.700997512,-0.232393035,1.135315215,-0.813393097,0.917938363,-1.217961882,1.055238734,0.640194145,0
-4.292803119,2.893096534,-1.201447719,1.881801833,-1.214556642,0.470106262,-1.947823733,0.211970936,-4.284452515,-0.698031505,0.620921557,0.189099557,-0.568144905,0
-0.42347611,-0.907271925,0.209180518,0.109592659,-1.417060804,-0.277885056,1.092236684,0.298785312,-0.577807912,-0.412900783,1.524917839,-1.209807834,-0.756367817,0
-1.827062024,-1.242825242,0.609065858,0.706668547,0.188277128,-1.471795218,-1.177546062,-2.209219619,-1.156794481,-0.123033391,-0.027675593,0.514723321,-1.370745084,0
2.531206851,1.621130604,-1.260552901,-0.640065917,-1.397870016,3.019494033,1.111920677,-0.387068607,0.592401104,-1.782589914,-0.226446356,-0.45356956,0.719357824,0
-2.499559561,-2.251941295,1.057606659,1.329412527,-0.824244953,-2.328567257,-0.157595148,0.594336609,-1.491049775,-0.564022731,1.136894997,-1.292158731,-0.290545712,0
-1.250346719,-2.179429337,0.816233744,1.152379179,0.820083989,-1.446276956,0.025494506,0.865793566,-0.887598571,0.224513519,0.324765532,-1.120376225,-0.096674848,0
-0.66301352,2.026044395,-0.282945756,0.463096366,1.659897101,-0.261205467,2.764448998,0.114849458,0.298762557,0.53788711,-0.414807627,0.887102662,1.367830427,0
-2.363305042,-2.028757515,0.976049782,0.725337014,-1.05875421,-2.182694366,0.618732937,0.604138107,-1.388430345,0.078375784,0.876550825,-1.340305497,-0.597435642,0
0.119491232,-0.152453729,-0.150842659,-1.056803708,0.561505287,0.430096497,0.051606332,0.024211008,-0.347911146,-0.031167104,0.917461011,1.536516864,-0.845095315,0
-3.30249922,1.833484448,-0.098163559,-2.754521628,0.344000106,-1.374063986,0.698083465,-1.629209039,-1.735339678,0.932838892,0.07236039,-0.280869246,1.498958463,0
1.06278567,-0.877139285,0.098797686,0.899873778,0.186560591,0.390616046,-0.832204672,-0.309763641,0.494905257,1.049281226,-0.010141475,1.602259678,-0.341886055,1
-2.26943903,0.613916206,0.535242866,-0.117296372,0.190892744,-2.084134272,0.909423296,-2.279789823,-0.322555428,-1.099486882,-0.279916043,-2.321403263,-0.757588674,0
-1.538466152,1.452088373,-0.652753726,-1.059421407,-1.038499338,0.526478389,0.039462199,1.969656685,-1.723947712,0.043643637,0.139825271,-1.539625694,-1.194683468,0
-2.874733044,2.815769823,-0.869150216,0.290580348,0.206816362,0.152771164,-0.679419561,-1.248581689,-2.358287271,-1.502801711,-0.200134554,-1.209965029,-0.114788822,0
-0.437520388,0.134717201,-0.166200059,0.621434791,1.109488562,0.203374251,0.891219681,0.405676752,-0.654386887,0.372445175,-0.3028079,0.317255806,1.440814642,0
-1.083939647,-0.594996716,0.193491438,-0.375470739,0.552762336,-0.542516383,0.848443604,0.443344408,-0.956625308,0.738141566,-1.862462265,0.013938101,-0.023117749,0
-1.726558283,1.595350281,-0.155678174,0.066178832,0.084797634,-0.705363811,-0.31506361,1.582619044,-0.665974338,0.122092096,1.207026513,-1.014477491,1.180643232,0
-0.88595376,-0.709789268,0.232334846,0.979262628,1.546108944,-0.533171669,0.148021185,-1.180915672,-0.782282588,-1.533522242,0.434434745,-0.226006169,-0.297822343,0
-1.676272154,-2.180037632,0.880982416,-0.108095091,0.303942023,-1.715771462,-2.922196609,-0.938716413,-1.114718128,0.697450791,-0.237860057,0.007717432,0.246042323,0
-1.279740639,-0.614369793,0.238335862,-0.030560603,-0.444104063,-0.693894843,0.622034733,0.844308536,-1.041456113,0.053950422,0.175739765,0.261404236,1.027320961,0
-3.415644907,-3.140169072,1.55241953,2.129616647,0.54412335,-3.403004459,-0.647837282,-0.485115063,-1.843948305,-0.602489938,-1.290300177,0.318011493,0.591078477,0
-3.045378836,-0.048126073,0.878868197,-0.725684315,-0.996133156,-2.854722556,1.127885533,-1.1653601,-0.723423528,0.35847013,-0.307701621,0.03099577,0.367900979,0
-2.262891128,-0.651142301,0.467083157,0.500464057,-1.335977806,-1.483351402,1.241662542,-0.365431623,-1.414213984,0.894695061,0.467528674,1.199858866,-0.871890165,0
-1.962999811,1.134186519,-0.099475294,-0.595490407,-0.048399051,-0.739056389,-1.392932638,-0.854466506,-1.09063564,0.872921982,0.015422971,2.466588009,-1.182569389,0
-1.9883093,0.570753472,0.60527831,-0.197528604,0.672720488,-2.146699401,-0.628298492,0.537365425,0.047853516,1.357341496,-0.169893202,-0.188476819,-1.42886615,0
-1.826391279,2.212061648,-0.420126712,0.087830131,-1.475089221,-0.351054946,-0.424012931,0.07393235,-0.886071837,-1.095237426,-0.497064607,0.061348765,-0.576573069,0
-3.495127221,-3.260131957,1.619152845,-0.862241523,0.259671016,-3.535136765,2.111782351,1.026682074,-1.853189299,-0.580422051,-0.752184971,-0.552069081,1.152473484,0
-0.138075012,-0.269891268,-0.106287887,1.283334996,1.265548824,0.295999592,-1.605780813,-0.466714495,-0.560539927,-0.045238463,0.099786308,0.826480685,-0.399441136,0
-0.093941775,-0.004562603,-0.172134845,0.295712118,-0.011088534,0.36486797,0.653293963,-0.998474629,-0.471653778,-0.098000922,-0.046824465,0.446778184,0.257560431,0
0.753820173,1.929130413,-1.01652861,0.470320511,-0.337890466,1.845176746,-1.639842424,0.469315345,-0.182252536,-0.937991943,-0.196683631,-0.692051674,-1.284310351,0
-2.734911279,1.544368093,0.062391918,0.449782618,-1.115077038,-1.472886345,1.509973988,0.753215036,-1.095304831,1.65449193,1.501938549,-1.933914812,-1.494149795,0
-1.248827448,0.068075623,0.464078134,0.758282386,-0.872511277,-1.43660619,-0.644507702,0.793639294,0.001518881,0.907611811,-0.824222439,0.140293426,-0.656576963,0
-1.825213951,0.428435672,0.525739663,-0.021834076,-1.375855602,-1.869286556,1.626721052,-0.236811875,-0.094430915,0.05746555,0.179281579,0.582080745,-0.154695339,0
-1.383532993,0.167176247,0.342008605,-0.527449033,0.113602026,-1.233444777,-1.070302416,0.703454544,-0.316010747,-0.928186201,0.595238364,0.267621053,-0.184780833,0
-1.087516453,-1.547557207,0.554094754,-0.214522046,-0.248787255,-1.026756996,-0.692188994,2.42882021,-0.861824836,1.388296525,-0.949633119,1.223189487,-0.053224975,0
-3.601808803,3.099688602,-0.628854947,0.776921855,0.773131864,-0.701636175,0.513042923,-1.084756434,-2.242100875,2.206782725,-1.68653006,-0.999947027,1.317383918,0
-0.269982063,1.299512135,-0.584635431,1.705687811,0.617080226,0.791523464,1.257466607,0.491382776,-0.577316643,-0.146211177,0.463582314,-1.83794917,-1.292307591,0
-2.581626753,3.324835996,-1.140615124,-0.207023961,-0.524926521,0.674155292,-0.435408971,-0.633186339,-2.331356818,0.713073232,0.690532462,-0.234522926,-1.197397686,0
-3.081587431,1.592465664,-0.181327278,-0.10226635,-0.408672346,-1.037084862,0.590270311,1.507707699,-1.908956056,-1.267577705,0.160975498,-0.528450998,-0.980313746,0
-0.991823065,2.209163307,-0.768425191,-0.084227762,-0.614084315,0.680588964,0.519679701,-1.358429245,-0.940913132,0.268346667,0.566774681,-0.03438193,2.220351794,0
-1.995830395,-1.691492268,0.780271372,-0.062965619,0.653283441,-1.751156512,-1.503616894,-1.182652631,-1.255003239,1.829876269,0.794332137,0.420338366,0.804265741,0
-1.919546593,2.980879475,-0.788943303,-0.726992993,0.088503474,0.188441493,-0.834514856,-0.027983993,-1.220947469,-0.173278648,-0.008000048,0.320461622,-1.073543444,0
0.230382777,-0.573788373,-0.047824441,-0.494220482,-1.389891861,0.376446671,-1.235572589,0.711113826,-0.334490652,-2.001374771,-0.47615258,-0.721710868,-1.6538786,0
-3.005015772,0.457407763,0.17113453,0.889749043,1.726456372,-1.415642969,-0.200175637,-0.865646545,-1.898678955,-1.002387645,-0.30150934,0.841856629,-1.259462765,0
-2.550453475,1.866802319,-0.744606626,0.397522832,-2.174342727,0.297183382,1.135484845,-0.14764518,-2.50414231,0.06638185,0.129546705,0.885583234,0.204381342,0
1.553611876,1.609774376,-1.090977795,0.023644656,-0.655158946,2.356903457,-1.081109167,-0.114266134,0.11070699,0.500198621,2.114376268,-0.105932907,1.465790374,0
-1.417270038,-0.05457235,0.35370453,0.491878151,-0.996528417,-1.191817259,-1.311720433,0.323839266,-0.48477977,-0.96564964,-0.189499576,-0.713952912,0.54514088,0
-3.574602022,2.665295211,-0.52705342,-0.582929496,1.291747851,-0.772081741,0.280574966,0.854317339,-2.314237218,1.191235195,1.070857598,2.018096733,-1.187601117,0
2.459017805,1.730449461,-1.272705104,2.418652748,-0.735067377,2.987831816,0.312067049,0.440269647,0.583710191,0.253099196,1.287246371,0.603200342,-0.012713548,0
-3.329830503,-2.591994041,1.373918747,0.494517703,0.812033728,-3.16597955,-0.615397434,-0.175844851,-1.760258048,-0.979691019,0.415394714,1.672929555,1.0567146,0
-2.881410579,-2.004639748,1.033487618,0.688704049,0.160456804,-2.470886132,-0.026336195,0.017641683,-1.693989679,1.409045719,-0.633180524,-1.483712419,-0.321743978,0
-4.127135804,-2.861969603,1.611860688,0.197540734,0.174262513,-3.840767662,1.266054234,-0.173363211,-2.124198131,1.063382557,-1.306906304,1.066197014,-0.369602032,0
-0.617273852,0.653833485,-0.301370259,0.823366572,0.7549324,0.275729179,1.644961331,-0.170533658,-0.727078953,-2.488693708,0.819951987,0.081169207,0.073317599,0
-3.809569108,-3.235976386,1.688825095,1.563027827,-1.454257958,-3.792333685,-1.072138286,0.328038298,-1.953421063,-0.740476399,0.098455189,-1.746959665,1.324129402,0
-1.999739288,0.00902977,-0.161436208,1.990147774,0.28668482,-0.213955893,-1.274510209,-0.19802722,-2.101741095,1.404790842,0.945214312,-0.327368691,1.313169787,0
-2.553373988,2.250901115,-0.567430935,-1.067645572,-1.868311311,-0.240362286,-1.556766461,-0.396027263,-1.822415009,0.768736652,1.137966989,-1.447337112,-0.866745393,0
-1.189419249,-1.212301422,0.43474839,-2.027353343,1.19041972,-0.903252085,-0.147233148,-1.014905782,-0.968294278,2.025833224,-0.379380446,-0.942409097,-1.022920246,0
-3.565322881,-2.49392728,1.399780569,0.214096525,-1.220866639,-3.327007628,-1.629355832,-1.394974168,-1.834663438,-0.942191486,-1.128825593,-0.294042784,2.119371936,0
-1.820692778,1.556951807,-0.132399687,1.118169415,-3.212953611,-0.771824083,0.795031794,0.249707161,-0.724615223,1.593093618,-2.3099686,0.133295551,1.541468396,0
-2.310002183,0.598380185,0.23583713,-1.184663537,1.131874024,-1.411389551,0.27234068,-0.973599064,-1.041341787,-0.27865473,-0.367971639,0.063641993,-0.340788276,0
-3.249295243,1.136364847,0.099281922,1.116361452,-1.411067608,-1.561634011,0.246106416,-0.868031778,-1.766323368,0.33870386,-1.331176797,0.657456627,-2.003684112,0
-1.879091101,-1.504875828,0.68430968,0.094015503,-0.3196267,-1.565402875,-0.32820687,1.409288434,-1.229044973,1.202728124,-0.608469781,-0.047707343,1.440982647,0
-1.915911551,3.253773069,-1.319575937,0.853823575,-1.116439532,1.297006888,0.294041087,0.451703953,-2.204601613,0.316916987,0.741373892,0.128044243,0.046940116,0
0.264001091,0.933563649,-0.565728471,-0.242615186,0.119481753,1.031221513,0.854467344,-0.496032198,-0.341799109,-1.198822427,-0.328686767,-1.585270079,-0.854327378,0
-1.981654828,-1.465735293,0.713555622,-1.109071296,1.060816374,-1.675061513,-0.759810486,1.439042985,-1.22376978,-1.1705006,0.405202064,1.68948737,0.123958406,0
-2.449350146,-1.308524656,0.762567503,1.061120678,0.594178838,-1.976348273,0.315980932,0.604467425,-1.404850821,0.837742547,-0.575080926,0.202086085,0.914338384,0
-2.957417182,0.810456099,0.227314236,1.593952593,-0.335391053,-1.653315397,0.226229548,0.656595781,-1.467491357,-0.006426812,0.491351894,-1.891810537,1.675202424,0
-0.298610645,0.698967338,-0.361008705,-0.529003681,-2.36801245,0.487053024,-0.019068259,0.305849274,-0.548919337,1.065363442,-2.595207678,-0.033697524,1.125322172,0
-0.007787267,0.864931225,-0.318618534,-0.150583548,2.079156698,0.416527264,-1.17581098,-0.087808352,-0.075945396,0.186927053,1.281978362,0.39482002,-0.526165371,0
-1.332236341,-1.201465956,0.487106571,0.51491787,-0.003370583,-1.066995333,1.156143126,0.26257786,-0.967445851,0.010386405,0.957248712,0.220295395,-0.523982962,0
1.021054418,1.514314425,-0.946161835,0.70474828,-1.240560362,1.908386058,0.229506333,-0.899969111,-0.100697932,1.146488661,1.071744973,-1.203416989,0.529164687,0
-0.689618371,1.911660902,-0.600569055,0.469120355,0.801394324,0.49159744,1.428724467,0.581670116,-0.522504907,-0.900639748,-0.720279984,-0.304443071,1.010015717,0
-2.397752557,-2.261695419,1.077942748,-0.18673409,-1.266838733,-2.341889908,-1.259428352,-1.210536234,-1.363801476,1.234483104,0.66007982,-0.748486023,-1.020546123,0
1.750368857,0.931486553,-0.862763201,-0.33898286,2.138711796,2.134353687,1.098627957,-1.5923376,0.288175775,-1.74759125,-0.896256694,-1.190671055,0.317950761,0
-2.350882828,2.603887654,-0.625116217,-0.990175039,-1.282696623,-0.175107294,0.289744027,-0.571170016,-1.511488283,0.219601682,0.021233066,-1.138462591,-1.889697787,0
-1.558196834,-0.012056035,0.382900446,0.875973838,-1.409679295,-1.313615154,0.573433792,-1.447706768,-0.510597154,-2.071244067,-0.3615923,0.817485781,-1.617910646,0
-1.215928211,1.881875332,-0.062684404,0.123379016,0.96149329,-0.869582049,0.394002162,-1.120244196,0.202490243,-2.1041958,0.029617587,1.045257914,-1.53833558,1
-2.101770235,1.187937043,0.470693641,0.513063343,-0.904977992,-2.090991976,0.920750468,-0.413867725,0.10757884,-0.668754119,-1.406142442,-1.565856385,0.314552796,0
-2.378918931,0.51707556,0.544249806,1.569634505,-0.722254072,-2.102130085,-0.143379505,1.820886592,-0.470248168,-0.085242929,0.601780603,-1.265085598,0.977965013,0
-2.819320142,-2.219481254,1.135603191,-0.43909584,-0.081335576,-2.609093007,-1.500104237,0.507164884,-1.57104937,1.294570233,0.974560081,-1.146941246,0.219159821,0
-2.857676666,-2.69871487,1.293374766,-0.748608334,0.067424196,-2.809631712,0.779271932,-0.111009358,-1.608337095,1.015612059,1.351234431,-0.740588292,0.309081124,0
-1.365205252,-1.066602261,0.446641391,0.9322844,-0.172005535,-1.032107355,-0.50858029,1.257843236,-0.986341666,0.055510824,0.522783144,1.034767612,-0.083944096,0
-0.001521753,0.279094406,-0.254045637,-0.025399564,-0.016136089,0.477658224,-0.062468737,0.744455104,-0.362959693,1.042587068,-2.537966539,0.237448639,1.478092992,0
-2.013121989,-0.895036286,0.502137585,-0.534075199,0.157451527,-1.405131726,-0.448450091,0.994472013,-1.299535375,-1.650980557,-0.725349165,-2.673318958,0.290888942,0
-2.64421964,-0.811261372,0.6034711,-0.85430965,0.878213998,-1.846419052,-1.74171662,0.704338601,-1.560740028,0.491586508,0.21401439,0.434376922,0.131615373,0
-2.083810891,1.260172229,-0.113453989,-0.032556094,-0.528596715,-0.786456903,0.019071401,1.033975817,-1.133440918,0.553875901,1.256750498,-0.26916933,0.66419327,0
-1.256279679,-0.700575702,0.118497766,-0.528330889,0.893542206,-0.38508118,1.358949951,1.613358929,-1.354203604,0.227313795,-1.090392199,0.079788431,0.326852406,0
-1.425299584,-1.496899611,0.608174175,1.023881135,-0.008511019,-1.264634363,-0.544274771,-0.362778605,-0.997638931,-2.590153249,-0.178375522,-0.365725274,1.027789818,0
-4.899335803,1.620916119,-0.143828528,2.228472894,0.412785117,-1.656503784,0.189913037,0.293765288,-3.390931414,1.348230044,-0.996103336,1.565165848,-1.584734333,0
-1.23584869,-0.276189315,0.138779461,0.900455581,-0.26080103,-0.574237563,-2.079006791,-1.398921426,-0.974024685,1.095974325,0.628426184,0.295432791,-0.685715871,0
-1.731409036,0.55919531,0.717930699,-0.254154531,0.761430624,-2.324000992,-0.947422895,0.24729,0.516317053,0.011208153,-2.283280458,0.462252329,1.046879032,0
-1.908004713,1.491257496,-0.535526799,-0.499555227,0.133383508,0.140269843,-0.853225981,-0.086336435,-1.754387367,0.78032359,0.137902116,-2.585653225,0.353820075,0
-1.495550528,-1.104706601,0.490678432,-0.365826576,0.41350805,-1.15619315,-0.17477482,-0.036037822,-1.029808833,0.000657857,1.56391066,0.648464457,-0.259559384,0
1.134157573,0.203241609,-0.279376071,-0.450238048,0.661869327,0.8893665,0.261482127,1.036305811,0.515311037,0.039831597,0.223065653,1.28514919,0.909561219,1
-1.738897544,-0.355722937,0.410395329,-1.796316365,-1.088517222,-1.307391772,-0.989775008,-1.510329769,-0.863274749,-0.296035689,0.534113408,0.874991185,-0.470098273,0
-1.630269639,-1.524971426,0.640544277,0.606689021,-0.077904694,-1.38731354,1.329301493,-0.350777575,-1.124958993,-2.01087582,1.920921435,0.127287489,1.255390479,0
-1.77257263,1.510774371,-0.578281707,-1.448834439,-0.235301677,0.269443889,1.108703997,2.203245762,-1.717478229,0.983251607,0.3416851,0.165818943,-1.131650637,0
-0.690969852,2.653153566,-0.764384568,-0.29919515,0.301812486,0.602275213,1.634274486,0.860120392,-0.33765924,-1.400245229,-0.959607312,-0.579357493,-0.310144995,0
-1.328438652,0.097716498,0.029243282,0.532370835,-1.074212793,-0.483868433,1.206573398,-0.953048214,-1.021496151,-0.952076863,-0.459211989,1.0695397,-0.273667733,0
-2.80150347,-3.581548283,1.592575767,-1.198596602,1.357140901,-3.161877888,0.786805364,-2.142689283,-1.547070228,-2.204236305,-2.004859372,0.768253837,-1.961455562,0
-3.111642661,2.448872225,-0.602394518,-0.851471879,0.181323671,-0.391655105,0.867191126,1.533845105,-2.240571669,-0.710834839,-1.494986098,-0.945406639,1.068795555,0
-1.893391771,-1.860973741,0.826972981,-0.417493965,1.91378388,-1.767987999,-0.468981676,0.129589893,-1.187294932,-0.075575704,0.002676405,0.736773409,-0.232040681,0
-3.03056347,0.042733696,0.928761734,0.550402978,-0.616751344,-2.99550908,0.245663241,-0.531822275,-0.530708894,-1.81388247,2.08280999,0.190789937,-1.615588698,0
1.226582349,1.28090575,-0.905042581,-0.976471798,0.57871375,1.95640648,1.464462512,1.285536819,-0.003217586,1.043227689,-0.561014216,-0.19994269,-0.733177576,0
-0.748873329,0.214969706,0.317675354,-0.749079199,-1.029723598,-1.011960703,-0.098837487,1.956904175,0.219291572,-0.80290841,0.42686865,-1.165743053,-1.812357283,0
-0.337958625,0.546766896,-0.054374009,0.64391301,-2.139627564,-0.166224895,0.439170424,0.202598524,-0.00892233,-1.135119419,-0.866730233,-0.501229007,-1.02074021,0
-0.237922389,0.505134292,0.359069921,0.143881763,1.734399527,-1.060348443,0.091439903,1.130674798,0.974982222,-1.31569089,-1.03308505,0.479684941,-0.571904892,0
-3.508963449,-3.435411999,1.687899505,0.977742259,0.402419895,-3.633468381,-0.626097651,0.543580764,-1.841885412,0.502363502,1.849187262,-0.606629967,2.602061584,0
0.345804209,0.153532005,0.917503249,0.816274588,-0.833094294,-2.034872399,1.191483358,0.724825561,2.475164569,2.021787491,0.888254798,-0.302579905,-0.881250944,1
-0.623512206,-0.924178313,0.236311849,-1.463287757,0.554377266,-0.391182028,1.55279165,-0.138137874,-0.704237713,-1.364541746,0.884807448,0.394209415,-0.03336734,0
-3.221056098,2.558016506,-0.678975796,1.352042369,-0.987767087,-0.28788285,0.844741111,1.32144274,-2.426456342,0.149917703,-1.164610274,1.243229143,0.018093482,0
-1.745579885,0.439011942,-0.020097703,-1.110509083,0.360924699,-0.612182913,0.484552926,-0.199054214,-1.241670231,-1.083273589,0.741713206,0.554226984,0.805811956,0
-1.947013614,1.419243927,-0.203958414,-1.020601973,1.124176785,-0.59761841,1.633870278,-0.883055122,-1.098286684,1.037806942,-0.048839391,1.449309123,-0.032838351,0
-0.917465169,-3.06891762,1.387250898,0.740673914,0.56559608,-2.33278285,-0.958803854,1.308918309,0.020199913,-0.000263201,-0.133395189,-0.060016239,0.385205433,0
-2.415201338,-3.463658237,1.47506654,-0.122791563,-0.907256904,-2.825356482,0.067368852,-0.38143702,-1.385370205,0.60505528,1.831285246,-0.147206698,-1.615958609,0
-1.281486425,-0.138705128,0.158842505,0.23479731,1.572259335,-0.681190086,1.277043167,1.47631452,-0.866222188,1.933628226,-1.244140184,0.545462303,-0.424646767,0
-4.150422043,0.103929368,1.196259002,0.492719347,-1.133075173,-3.946689279,-1.486162275,-0.335037892,-0.862765615,-1.505571341,-0.26216392,0.798461339,0.18127116,0
-0.492756473,0.936172689,-0.53639639,-0.217532778,-0.083221579,0.745475445,-1.301325284,-0.40267256,-0.934879045,-1.583489401,-0.563803464,-0.060332722,0.68849455,0
-0.791773167,-1.050461278,0.57244842,0.451662473,0.284839695,-1.157655978,1.140962932,-0.697031469,-0.191272668,0.249736068,-0.4309438,1.559741947,-1.1470656,0
-0.975033368,1.635164341,-0.313711558,0.016914217,-0.384222615,-0.144159656,0.787553407,-0.45876683,-0.334554686,-1.180963618,-1.838107565,-0.305650095,-1.187406155,0
-1.30561501,0.6498538,0.408668874,1.323762063,0.614147694,-1.531667548,-0.83695604,-0.544541181,0.261944844,0.720261524,0.780497521,0.396381723,-0.381933863,0
-2.432432941,0.066784348,0.876360351,-0.330034646,-1.370561234,-2.712571219,-0.701089501,1.093222897,-0.10800669,0.519509888,-0.09054124,-1.943804847,0.090424928,0
-2.270954944,-1.014857015,0.922137738,1.138698947,-0.772235021,-2.389900379,-1.387753081,0.008274494,-0.671802947,-0.331164266,-0.212234302,0.524864992,-0.170910053,0
-1.825751789,2.138318801,-0.849880222,-0.546183363,-0.054488094,0.649621328,2.151982567,0.486988139,-1.904789789,0.095309033,0.767225464,0.336280831,0.517106377,0
-1.983082239,-0.803921741,0.506752053,1.631193757,0.52905404,-1.438932292,-0.945121845,0.411321016,-1.19492685,-0.642398987,0.121085593,0.699966495,-1.045702456,0
-1.607264681,-0.144945404,0.781956565,1.045803451,-0.976351751,-2.186072153,1.128136747,0.293050189,0.242691582,-0.564052042,-0.564763439,-1.380348321,-0.817225164,0
-1.000956958,-0.868028596,0.326411194,-0.885304556,-0.972688092,-0.724115698,-0.232585411,1.557076766,-0.78976951,0.710787892,0.60886066,-0.056801777,0.197029642,0
1.136793048,0.906119312,-0.746905118,-2.016703905,-1.346446671,1.703516001,0.409324474,-0.340033692,-0.006621431,-0.720824713,-1.227721601,0.260707291,1.01165367,0
-1.496334042,1.463587262,-0.15111858,-0.730783834,-2.102788912,-0.603009905,0.354799948,-0.785027,-0.553070379,-0.407036047,0.794851835,2.275770048,0.275188417,0
-0.488623471,-1.243073546,0.320399532,1.076523611,0.711013899,-0.430958022,0.865361884,0.023985065,-0.635857688,-0.844874051,-0.418583699,1.692889215,-1.699806523,0
-1.7333899,0.948259084,-0.277215529,1.097694261,-0.697513613,-0.204437732,0.310832229,0.797262438,-1.427725009,0.757743317,1.010532767,-0.059231752,2.227139061,0
-0.455730421,-1.110203185,0.286098667,1.78388733,2.277989805,-0.390349345,0.200925037,0.550984938,-0.584897002,0.677261901,1.775456918,-0.594166883,0.028302359,0
-1.093722691,-0.159921193,0.071781666,-0.667487831,-0.899903835,-0.422136222,-0.078939127,-0.0328278,-0.913431833,0.710132527,1.144786543,0.370828126,0.656964104,0
-1.133127596,3.05155575,-0.761037775,-0.912963366,-1.336356431,0.327201641,-0.553661449,1.776286069,-0.41883141,-0.402090259,-0.191826454,-0.139288362,-0.691596708,0
0.273426721,-1.335158353,0.226963068,0.357337291,1.269232794,0.033116496,-1.040735945,0.004271581,-0.248784182,-1.046636481,-0.306353689,-0.452727215,-0.28595744,0
1.333438047,0.546923489,-0.635213633,0.067457371,-0.056741488,1.633110518,1.712752767,-0.551820291,0.147533925,-0.598126745,1.541231583,1.137637405,-0.586187162,0
-0.333732877,0.644134511,-0.434461133,-1.040467308,-0.779456201,0.662754433,0.509501383,-0.660447368,-0.785328725,-1.097643364,0.50793267,1.688822192,-0.585445021,0
-1.88974916,-2.068535303,0.92084989,-7.34E-05,0.3446564,-1.906929335,1.955905285,0.841064255,-1.128444068,0.213633787,-0.517030411,0.168886841,-1.851991654,0
-1.856350985,-1.553699451,0.70121128,0.730222459,0.013103258,-1.580023931,-0.371127991,0.311303606,-1.207715669,-1.652830221,2.417882578,-0.061291622,-0.577254056,0
0.772188764,1.343672348,-0.814717476,0.100666039,-1.400465865,1.598438485,0.225904245,-1.817741204,-0.150498542,2.540992133,0.329237139,-1.531903133,-0.63493249,0
-1.766105265,-1.989255737,0.875949865,-0.189726794,1.930518668,-1.797281521,0.009395745,2.609945167,-1.062025132,0.510391445,-0.080646668,0.277771518,0.904347275,0
-1.734065613,-2.119793272,0.87600654,0.450237235,-0.439359884,-1.742318973,0.529291133,0.434959186,-1.131374142,0.099534002,0.218030124,-0.567378726,-0.36238454,0
-4.176643509,0.643180876,0.409169471,-1.799839535,-1.930833601,-2.358698089,-0.976677695,0.670872195,-2.249041482,-1.533174595,-1.74156965,-0.624714167,0.15342738,0
-1.456199006,-0.844928113,0.362932741,0.533200147,-0.078074058,-0.946381423,-1.136050598,-0.517387457,-1.088121851,0.552806471,0.230703166,0.490901309,1.71325357,0
-2.946309604,-3.25431765,1.516745582,-0.524043572,1.450795695,-3.146616776,0.200836997,-2.184979531,-1.599360656,-1.404611671,1.769249148,0.01491445,0.984473707,0
-0.335037079,-0.407401405,0.883437353,0.437028288,-0.674709874,-1.957013653,-0.910719789,0.030045682,1.385413467,2.806699958,0.808527515,0.740002225,-0.28375491,1
-2.945997422,-2.3410363,1.207041682,0.24630912,-1.343117667,-2.76495134,1.560717087,0.051906307,-1.612135222,2.650008576,-1.878393335,0.117413774,0.940548313,0
-0.525789323,0.37938265,-0.232439367,0.071536065,2.329180931,0.242194267,0.985464712,0.188862754,-0.697427777,0.603272061,-0.295264341,0.945638555,1.343576643,0
-3.509789659,-2.633882767,1.433772441,1.030271172,1.169327127,-3.338917735,0.882286706,-1.383708671,-1.814388606,-0.051859569,-1.378000092,0.209921572,0.140195574,0
-0.603048632,-0.453871095,0.095543793,2.40653014,-0.296878108,-0.231230359,0.140127241,-0.547346636,-0.651088975,0.292416605,-1.165808227,0.660051433,-0.704033534,0
-0.179364341,-0.6369963,0.703984652,-0.451936138,-1.002109105,-1.424503832,-0.650093755,0.593105399,0.947315589,0.20541327,1.209086398,0.984296445,-1.390429006,0
-2.119296278,-2.254349049,1.017115607,0.935176547,0.396864636,-2.12619735,-1.569003744,-2.551829109,-1.251630453,0.889569923,-0.646591653,0.415164391,0.417313862,0
-2.524146446,-1.081247355,0.687566545,-2.209349818,-0.189216224,-1.907664879,1.590840569,-0.00288618,-1.468766312,1.502896423,-1.508631582,0.350809151,1.092367044,0
-1.544084449,0.512715241,0.564701303,-0.28740901,2.566941238,-1.906143942,-2.089233474,1.026142403,0.301402678,0.447821876,-2.019285517,0.652535696,-0.209955077,0
0.115104229,0.403969424,-0.360507649,1.616894711,1.063813396,0.708876924,2.131763959,0.833159911,-0.406753584,0.609195363,0.97882666,1.24355856,0.676722494,0
-3.375229007,3.090630737,-0.182557754,0.127543649,-1.155959586,-1.645199688,-0.130133072,-0.721514778,-1.049661204,-0.087986067,1.045977854,1.782295264,0.431253772,0
-1.461188016,-2.574497385,0.989924077,-0.055560041,0.878528043,-1.762235942,1.13807824,0.256451715,-0.976957295,-1.540108723,0.766767791,0.270266257,0.073634762,0
-2.330179161,2.375903685,-0.772216947,-0.238244302,1.004597867,0.244533102,0.229587397,-0.13244472,-1.99365838,0.261707283,1.76624241,0.058438695,0.085438685,0
-1.40672208,1.460612666,-0.695241683,-1.6485676,1.076178734,0.657844007,1.060404211,-0.233673292,-1.697866867,-1.161346871,-0.96927998,-0.182967041,-1.266358655,0
-0.75484185,0.956582008,-0.393309359,0.199948518,-0.23070327,0.338208781,-3.221167498,1.561940536,-0.827469163,-0.166524013,-1.279297498,-1.025329551,-1.251470562,1
-0.836302246,-1.095213297,0.331613851,-0.366755766,-0.175249486,-0.60862112,-0.460900984,0.648577099,-0.803919907,0.7303178,-0.882300225,0.801425276,-0.01621094,0
0.050227298,0.183391895,-0.273702653,-1.239490598,0.280951249,0.570778134,2.093253325,0.139174089,-0.43332173,1.377117434,-0.044645541,1.655099081,-0.218991317,0
1.206426342,2.790626808,-0.583420083,-0.725679611,0.007852476,0.69096522,-0.995298569,1.028860993,1.827899662,0.233875337,0.885829079,0.123243576,0.043777683,1
-2.329717314,-1.174790005,0.685105982,0.404813354,0.263826777,-1.813140956,1.203060509,-0.414578234,-1.374337322,-0.188060688,0.273337644,0.787494032,-0.296998207,0
-2.100253549,-1.215833218,0.621377636,-0.051594853,-1.009850379,-1.588006814,-1.262142691,1.962610833,-1.34758437,0.033695165,0.285982463,1.348995653,-0.106669753,0
-1.072965223,1.561812395,-0.852989947,-1.383828804,-0.340623051,1.076322891,0.494466488,0.3066927,-1.684795341,0.228927403,-1.46368721,-0.927142986,-1.330100383,0
-1.695000383,-1.100383568,0.516733231,-0.815087653,2.059394989,-1.274335986,1.14712929,-1.056586574,-1.142292919,1.202405357,-1.115343871,1.142776425,0.565218448,0
-1.7000915,0.44195122,0.622924459,-0.142285692,0.871353676,-2.058332898,-1.071019563,0.442562429,0.242972635,1.051121748,-0.829158922,-0.885652398,0.251587918,0
-1.590882617,3.263080834,-1.099656959,-1.200846594,-0.873535412,0.888772244,0.729921197,-1.467654564,-1.42039669,0.627726053,-0.623793092,0.470887816,0.560264216,0
-2.001023968,2.071900471,-0.343866707,-0.607146709,-0.776057387,-0.525146758,0.11953513,0.115866779,-0.972107624,-1.036624161,0.737659255,-0.066452124,-1.268848781,0
-1.079719966,-0.441539238,0.820785951,0.160621825,0.229032961,-2.017770566,0.230926764,0.720163433,0.569063766,-0.130139067,-0.411055807,0.430529612,-0.358350932,0
-1.690885599,1.279821486,-0.169130175,-1.520696387,0.354376447,-0.553744528,-0.318019906,1.008045293,-0.900567823,0.023792846,1.163853902,0.535554139,0.725708367,0
-0.905072585,0.952889543,-0.094218032,-1.978064142,-1.080417736,-0.382109905,2.175954162,-1.451720958,-0.290354458,0.506382538,-0.963761041,-0.046934326,-1.551117059,0
-0.873189912,0.543375175,0.392344798,-0.335676738,0.837968842,-1.332503147,-0.653390835,-1.264492406,0.523441366,1.165301866,-0.529527541,0.284482463,1.663888072,0
-3.401346499,-1.243323218,0.924482896,-0.209811696,1.788459377,-2.641072557,-1.212547445,-1.028836202,-1.82422143,0.854555543,1.287694413,-0.892582136,2.2229552,0
-1.447036895,-1.713355888,0.686248913,0.815038018,0.126968413,-1.371937252,0.621335742,0.126563382,-1.003046354,-1.205018412,-1.812542358,-0.446615232,-0.282836778,0
-1.791140962,-0.813268683,0.428572842,1.693172294,1.134656609,-1.202983716,0.214949435,-0.221718771,-1.209699983,0.025147837,-0.164215826,0.566077781,-0.717114344,0
-1.993449355,0.745638304,0.313077904,-1.916591669,-0.686082289,-1.54695678,0.357558646,1.499031605,-0.481671617,-0.376304424,-1.856636312,0.810606776,0.430364863,0
-0.113824706,0.379789904,-0.285768342,0.520693665,-0.779167736,0.48183445,1.136009401,-1.696125651,-0.457027638,1.461603635,-0.470499103,0.396490357,-0.087851921,0
-1.859332314,1.507546363,-0.227797743,1.188618716,-1.577886623,-0.549275482,-0.656392388,0.790680758,-1.009282821,1.612270122,0.890308587,-0.143457195,-0.095142281,0
-2.236037596,4.180698195,-1.109019074,-0.0066645,0.579044898,0.401596787,-1.588084115,0.551847581,-1.319722729,-0.402483683,0.445097258,-1.022812644,-0.875781275,0
-2.964505007,-3.902829884,1.724968544,0.290854365,-1.166367499,-3.39629748,0.36175348,-0.83851185,-1.632224275,2.864391266,-0.394996844,0.368599774,-2.131956852,0
-3.522031638,0.564946234,0.272024339,1.089432798,0.745251109,-1.831359952,-1.536089833,-0.327593881,-2.04351608,0.667462572,-1.217792709,0.433569005,-3.367805733,0
-2.830722288,-0.048451494,0.493761415,0.347525494,-1.309393945,-1.919341897,-0.907991742,-1.140197198,-1.40026775,0.97172631,-0.298665391,1.674019427,0.216356535,0
-1.46440071,-1.318459998,0.580497384,-0.734567658,0.93257352,-1.275821825,0.969881207,-0.71279432,-0.960664583,-0.076827877,-2.957031751,0.547231832,-0.093459856,0
-2.934809468,-2.507117521,1.246555167,0.968343764,0.43348428,-2.793000062,0.257947333,-1.75454648,-1.637700854,-0.720064494,0.906004155,-1.040565665,-1.00833401,0
-2.682973909,3.565048531,-1.030398307,-0.888924809,-1.645512245,0.310600761,-0.391267715,-1.571489188,-1.993234392,-0.241817913,0.924098129,-0.455662498,0.737022856,0
-2.357707781,-1.353346274,0.770486969,0.531955044,0.189465822,-1.952128299,-0.698582772,-0.432936319,-1.34051771,0.065864729,1.519873966,-0.159789811,-0.422630944,0
-1.179089833,-1.320291036,0.493259449,0.188540853,-1.770318479,-0.995034321,0.828235288,0.788584919,-0.908616263,0.103563461,-0.66445822,-0.126335805,-2.253884527,0
-0.305364139,2.667375543,-0.512793196,0.115154804,1.303360903,0.13796347,-0.361076765,0.334800291,0.574175395,0.726782479,-0.493271721,1.227461092,0.203241874,0
0.928136773,1.301424004,-0.86949506,0.434111065,0.7681999,1.782489493,-0.118166747,1.425195557,-0.168760484,-0.369060126,0.903184214,0.050845299,0.483781608,0
-2.364561697,-1.456089571,0.770448237,0.516059284,-1.632618045,-1.917931534,0.190602703,0.656089927,-1.4232944,-2.18911567,0.547850845,-1.341763915,0.1421694,0
0.053838773,-0.213688066,0.103101756,0.425308769,-1.087341435,-0.143228905,0.244785088,-0.721947716,0.11880832,-0.080093393,-1.078225226,1.681248139,-0.712347052,0
-2.81278527,2.057894898,-0.120970588,0.331075891,0.096933626,-1.259887785,0.303404671,0.867153129,-1.191330831,0.312524816,1.103497501,-0.724617389,0.180883625,0
-3.11464787,0.741139723,0.444549207,0.752525663,-1.827664129,-2.166971447,-1.330987922,1.907264424,-1.169140079,-1.564080189,-0.003042487,0.840796524,-0.958266616,0
-0.032397827,0.929252623,0.362161714,0.585150401,-1.777736147,-1.157031465,-0.300315367,0.478213366,1.478025749,1.655911259,-1.209271041,-0.968725555,-0.864878681,1
-2.300896496,1.08087596,-0.211139141,0.210179557,0.130272969,-0.564578979,0.406343119,-0.900346967,-1.676040154,-2.06049382,1.167030175,-0.616547546,0.812138111,0
-2.116461582,-2.018891243,0.921167335,-0.338366669,1.155279103,-1.990487909,-0.460462071,-1.440349115,-1.288646072,-1.087351708,-0.605729981,-0.257512401,1.426169306,0
-1.694497859,-0.852380894,0.421873547,-0.616927462,1.165219463,-1.146174112,1.001483972,-1.398110319,-1.169537118,1.541480641,-1.353312139,0.662006099,1.015068497,0
-1.274868538,0.390643224,-0.466785493,-0.110514171,-1.196937412,0.553591813,-0.812694725,2.291959327,-1.868948979,0.775128526,-0.452252771,-0.534584268,1.763041692,0
0.297834361,1.123058311,0.736385147,0.353796508,0.399126808,-1.978495935,-0.497766087,-0.911676752,2.750721566,-0.036758415,-0.365069466,-0.280523414,0.344718948,1
-2.030899535,1.048397173,0.211283526,-0.884588947,-0.278134338,-1.433248943,2.412376654,-0.513996278,-0.516738082,0.114169083,-1.223307048,-0.97240374,2.133645605,0
-2.152277118,0.91565416,0.124136998,0.702114139,-0.091948958,-1.224011143,0.336171332,-1.464569266,-0.917360035,0.08919151,-1.541409972,3.691624501,0.142363292,0
-0.257557086,0.483148689,-0.321685883,-0.514744137,-0.388188648,0.485521463,-0.384201005,-0.720504258,-0.58596484,0.459322599,-0.857796979,-0.09820828,1.347129768,0
-2.398347504,1.043245587,0.47332052,1.599570122,-0.122059695,-2.131686831,-1.726836148,-1.339492163,-0.253535289,-1.064377764,1.90242988,-1.37622122,-0.352104994,0
-2.374560593,-2.403461294,1.108173902,0.56801246,-1.263112332,-2.353965492,-1.624905503,-1.029562512,-1.381558032,-0.091385901,0.797492687,1.22871657,0.039916311,0
-0.983037719,0.367268415,0.171824067,0.118986421,0.792765144,-0.802243844,-0.586235574,0.205400773,-0.198732986,0.34237509,-0.852907067,0.991071317,0.740684004,0
-2.534623392,1.575342548,-0.096961228,0.348198828,0.550303674,-1.064606304,0.891078677,0.435358127,-1.25481376,-0.171825045,-0.45902325,0.404747505,-0.827892867,0
0.969628018,-0.334375663,-0.282344259,1.653610975,0.097774743,1.037459341,1.020049299,0.648612229,-0.036390636,-0.995463582,-0.3216773,-0.122843813,-1.179796242,0
-2.604477453,-2.656847771,1.232712281,-0.130694212,2.697725631,-2.613723349,-0.205594048,-0.814982491,-1.492080406,0.237027652,0.690143058,0.024183246,0.180854532,0
-2.010811772,1.17008667,0.142253307,0.18844008,0.870178175,-1.313648409,-0.519825222,-1.455288976,-0.563227872,-0.265522861,-0.905336168,0.693495821,-1.180498487,0
-2.30132142,-2.11368413,1.012911031,-0.372000204,0.288002094,-2.218578391,1.00260586,-0.018840301,-1.315002121,1.278103504,0.87868165,0.463995131,-1.360995725,0
-1.596512413,2.211896621,-0.754377443,-1.419825313,0.641625232,0.473329816,-2.567585118,0.007153256,-1.435399519,0.001655856,0.352024829,-0.806331219,0.758756193,0
0.293555108,-0.227155052,-0.149454571,0.516332018,-0.607996706,0.50339991,0.420295494,0.306434451,-0.248564767,0.231553624,1.127225091,-1.521321382,-1.144552417,0
-1.739853538,1.362483783,-0.880015586,0.963737877,-0.079122222,1.015235839,1.116430749,2.425412592,-2.476604366,-0.964657589,-0.165082662,0.625228471,1.164475847,0
-1.571541159,1.097599221,0.21981015,-0.648414809,-0.017368008,-1.33735015,-0.586615736,-1.590191323,-0.059739615,0.200925707,0.51160509,-0.968049796,-0.565552762,0
-2.002681204,1.458629346,-0.378404724,1.596464525,1.171682197,-0.231902825,-0.370111603,-0.683266697,-1.508893575,1.66466803,-2.191982865,0.492783974,-0.650315395,0
-0.455213614,-0.73445304,0.589037201,0.048668043,0.385821486,-1.209175052,-0.110383181,0.504319016,0.375768704,0.026341289,0.188478991,-2.429755298,0.235787064,0
-1.547021495,2.107064467,-0.35756127,-1.412691152,-1.569356343,-0.375469492,-0.47053914,3.096695514,-0.580123409,-0.969432443,-0.270292318,1.917848002,-0.129079988,0
-2.707733121,1.163692633,-0.128773432,-0.85745791,-1.24559744,-0.897819529,-0.842473794,-0.235764737,-1.784681479,0.810848057,0.458525666,-0.03584098,-0.923745365,0
-0.653106342,-0.872975727,0.244274131,-0.935397968,-1.064218464,-0.435759887,0.779001183,0.33212968,-0.673990044,1.230848179,0.314985286,-0.108285502,-1.17190127,0
-1.559651065,-1.999475115,0.774006151,0.60090261,0.69669613,-1.502946874,-0.243448779,0.887234874,-1.118095737,-0.408615492,-0.596630749,-0.110190881,0.988749048,0
-1.640624363,-1.480707034,0.642261458,0.875889307,0.38713555,-1.409741718,0.760317557,0.446689782,-1.097102219,0.514260658,0.945733658,-0.037059023,-0.757595031,0
-2.098693632,0.617251116,0.059379977,0.929479062,0.429591303,-0.956890852,-0.441319004,0.147141819,-1.238638633,2.867106817,0.378851229,0.257814705,-0.115070805,0
-0.360415212,-0.375063331,0.211689001,-0.390582313,-1.076923119,-0.452307556,0.437498296,0.726038793,-0.119783174,-0.565131372,1.287181047,-0.603893651,-0.734320503,0
-2.421155323,-1.858105931,0.907417677,0.565849683,0.51189667,-2.103677141,-0.073157823,1.231725174,-1.465532952,0.368101385,-2.355423188,0.930515157,0.017206578,0
-1.446996531,-1.022072387,0.467107934,0.406986546,-0.544325977,-1.117756555,-1.368615351,0.236956802,-0.978601445,-1.860361849,0.128235671,-0.918091239,-0.716850713,0
-0.245423537,0.324417099,-0.253167978,0.837868387,-1.643065427,0.389388165,-0.516919486,0.47385594,-0.540141572,-1.298962365,-2.848685531,1.506625464,-1.160332258,0
-0.34501445,-0.568547258,0.102965359,-0.436044994,0.297990027,-0.133345508,0.047265385,0.603139851,-0.494722203,-0.699270467,0.282412347,1.418673232,-1.464254392,0
-0.568969022,0.117776206,-0.148057125,1.091894609,-0.088801403,0.130259467,2.224687629,-1.434502266,-0.741115416,1.137190157,-0.924139145,-2.468290027,-1.554154052,0
-2.186233522,-1.111714378,0.622693503,-1.196803156,-0.04237053,-1.652363851,1.012688463,0.689551183,-1.341982548,0.212026812,0.342523398,-0.901751525,1.151030141,0
-2.536859716,-0.776848927,0.985295364,0.42877219,-0.889400454,-2.693432068,-0.94573812,1.245588237,-0.584611359,1.066865588,-0.142882973,0.178587206,0.623373182,0
-2.590762754,0.123598116,0.336360125,-0.937044685,-0.847269944,-1.55359303,-1.48211837,-0.749969528,-1.415432235,1.574934314,-0.981087263,0.997339226,-0.119309312,0
-1.9068226,3.185192276,-0.772437903,-1.186222262,0.925666948,0.082921281,-1.312496352,1.431453021,-1.020270773,1.566978847,3.136686048,1.295507582,0.737786756,0
-0.005606256,-0.720906406,0.039775032,0.898998987,0.642167453,0.161382562,0.771885222,0.548506638,-0.453857702,2.999389572,0.308969747,-1.104496129,-1.403790185,0
-1.725730918,1.505465617,-0.133450563,-1.531780039,-0.007475705,-0.723962854,-0.744769312,0.134860218,-0.682485336,-0.31769139,1.396968567,-1.247274885,0.395171785,0
0.108091381,0.162567359,-0.28515365,-1.286560588,-1.331896686,0.62075346,-0.141414312,-1.023853447,-0.424030948,0.471989289,0.951740107,1.512101711,1.721066278,0
-2.463277211,-1.736767253,1.51671274,-0.506197477,2.345304563,-3.540200045,0.474391065,-0.296885983,-0.044675195,1.454664291,-0.706621756,-0.903748718,0.274902113,0
-1.438540405,-0.019704982,0.49102208,-0.609440629,-0.103989189,-1.521607282,-0.488313212,1.159329598,-0.169228903,-1.29048697,1.542296978,0.107396356,-0.316766476,0
-0.927572202,-0.462810126,0.153899199,0.756057404,-0.909986374,-0.45404772,0.514518844,-1.252359508,-0.810223062,-1.679550483,-0.529039814,0.137958821,0.370885939,0
-1.751159163,-1.345223276,0.612451786,2.005885452,0.337442491,-1.421612326,-1.38027916,-0.798988862,-1.159362206,-0.324635478,0.361811868,-0.609081726,-0.540038912,0
-2.102026214,-3.215745041,1.335919525,-0.814151716,1.026015111,-2.506528444,-0.366184908,0.45679811,-1.239005525,1.515532397,0.098329015,-0.083285809,0.932282949,0
-2.245679258,1.524249963,-0.393306357,0.311039065,-0.22020953,-0.291257198,-1.75742337,-0.883989899,-1.705535972,-0.133675915,-0.009082794,-0.783841739,-0.35468036,0
-1.329794745,1.174746607,-0.39253168,-1.11629017,1.477692873,0.093956655,-0.285764716,-2.227799557,-1.164928184,0.266826171,-0.67929032,-0.828205706,0.315309627,0
-0.722010793,-1.234073398,0.352327237,-0.336796158,-1.716735408,-0.573852446,1.613630093,0.896260713,-0.761309091,0.130165892,-1.104597423,-1.318757596,-1.713443646,0
-1.082827088,2.892874509,-0.97638793,1.56765036,-0.158436644,0.885814702,-0.316907049,-0.662643394,-0.976545802,2.00331188,-0.327327441,-1.081945879,-0.952968834,0
-1.341247989,1.658316848,-0.439756916,1.129633537,1.008369434,0.027906973,0.516585358,-0.008572892,-0.919870451,0.351408066,1.195663938,0.201895216,0.309323499,0
0.672475927,-0.546829292,-0.153116604,-0.740820006,-0.311840751,0.733294358,-0.632619249,0.846466417,-0.164546014,-0.054464952,-0.335886951,-1.562785069,0.417817579,0
-2.159815815,0.118128253,0.454843098,-0.05298154,-0.495906191,-1.696046271,-1.113090028,0.243320691,-0.777355126,0.733203672,0.651602255,-1.073179387,-1.838629899,0
-3.02753981,1.473856839,0.335130791,0.30925027,0.003962181,-2.151053791,0.519032741,-0.827037565,-0.79154976,0.441944384,-0.445829481,0.552377193,-0.284969509,0
-1.734469905,-0.111006685,-0.113207924,0.82469035,0.009390608,-0.204642272,-0.34990783,0.344662305,-1.85150142,1.667211601,2.195012029,-0.610154639,-0.281630516,0
-0.669007127,0.24625686,-0.15682591,-1.92842674,0.31329999,0.076160293,0.497025829,0.540007019,-0.75222875,0.661383088,-2.662335637,-0.024555671,-1.298293397,0
-0.262536499,0.137212588,-0.205554223,-0.877876687,0.073721891,0.342224483,0.959730413,-0.932367852,-0.588016636,-0.647286093,-0.009504648,-0.836919829,0.849255639,0
-0.475461831,0.349073958,-0.226255952,0.463210409,-0.641728293,0.25333534,-0.276590734,1.499989514,-0.662233175,1.377216542,0.197155306,-0.724332613,2.764903143,0
1.365165837,2.850595479,-1.443437326,-1.037526657,0.873957279,2.666035871,-0.138730423,0.535254518,0.081699771,-0.570556244,1.705973794,-0.120538321,0.193907721,0
-1.644874112,-2.158052932,0.903098076,-0.18495775,2.122659552,-1.764589016,-0.863572603,-0.990074759,-1.021266634,-2.015377846,1.254550321,0.66184747,-1.535536887,0
-1.91591225,-1.180458853,0.570963587,0.112640617,0.549868129,-1.432923591,1.431756694,-0.662402269,-1.273311109,-0.290862569,0.531557199,0.050721606,-0.068434081,0
0.01632731,1.736624007,-0.802127429,-1.171598908,0.729240977,1.213819748,-1.239538873,0.640010631,-0.488943122,0.106217264,-2.101692648,0.891488844,0.512931641,0
-0.710726611,-1.367844998,0.387778247,0.31826909,0.086848085,-0.604008553,-1.514522308,-0.246263703,-0.771784273,-0.142863228,0.295109067,0.509733324,1.157902118,0
-2.479834799,0.201195933,0.68121318,-0.781559859,-1.112764078,-2.330901582,0.948339279,-0.185736763,-0.486898046,2.060826564,-0.529024651,-1.381549059,-1.611717066,0
-2.961066544,1.230128118,0.361630451,0.441905454,-0.125557521,-2.106369224,2.89753899,0.404007787,-0.856005049,1.235229778,-0.720666624,-0.894569848,-1.451091361,0
-2.05294538,3.356774398,-1.478686022,-0.309108016,-1.732973213,1.582126861,0.628917061,0.079093497,-2.604358852,0.051376086,-1.169329847,-0.263743836,1.03084708,0
-3.126998376,1.709671831,-0.584624956,-0.445877791,1.553928164,-0.176755935,1.11927279,-0.303822447,-2.765973636,0.461155201,1.271474792,1.846396505,0.805948389,0
0.398037225,0.724673759,-0.548321447,0.774490097,1.101327812,1.103780614,-0.099275388,-0.826741146,-0.341646426,-0.952170883,0.721562854,-1.162300259,-0.312704292,0
-2.293486346,-0.092523585,0.118382676,0.951070352,-0.661740408,-0.897599198,0.970248515,-0.446295112,-1.806252573,0.520234896,0.276913196,0.762510613,1.561940737,0
-0.461015152,-2.494189012,0.797884528,0.824191359,0.850917135,-1.0664052,-0.608727134,-0.606321935,-0.474472394,0.427950257,-0.808471288,-0.062947419,0.330828965,0
-0.216642215,-0.080353893,-0.113774811,1.560037658,0.240892058,0.223742657,0.137055613,1.853964686,-0.504444875,-1.345098615,0.172005827,0.472239578,0.200023406,0
-1.180235332,-0.983604546,0.378642668,-0.622427132,-1.069862996,-0.853690989,-1.036307318,-0.307712484,-0.915419613,-0.539836331,1.677012684,-0.274660131,1.187589474,0
-1.298243363,-1.694911531,0.636553711,-0.124496054,1.084460837,-1.222792839,-1.543981306,0.563007905,-0.970841714,-0.496743663,-1.157194886,0.133336709,-1.437187691,0
-0.711001961,-0.793908377,0.239279359,-1.03530977,-0.41350646,-0.468905148,-0.991145413,-1.106727091,-0.676725069,-0.131780371,0.175421821,-0.834945049,-0.728264654,0
-1.252704272,-0.250977029,0.12514228,0.469213702,-0.062225063,-0.557029027,0.215140463,-0.765916021,-1.000518464,1.909185389,0.30698002,-0.413856187,-0.34936596,0
-1.329485889,-1.925433235,0.741727845,1.791931112,-1.532270125,-1.389353439,-2.274084584,-1.034279155,-0.934248393,0.665614666,0.531823433,0.158482754,-0.066545402,0
0.55557593,0.513240695,1.10324658,-0.737561894,0.5143642,-2.521923438,-0.462881132,-0.784729467,3.343639616,-0.055374324,-1.024230887,0.09560285,-0.614795086,1
-2.03227619,2.638058524,-1.338447509,1.134924282,0.041681207,1.522489804,2.211333029,-0.130013973,-2.808229819,1.190728649,1.761501893,-1.370256589,-0.006616244,0
-0.829171052,-0.40398798,0.107885818,-1.447319121,-0.626456388,-0.341971931,0.221131869,-0.350624091,-0.783618172,0.067910109,-0.005012319,-1.344695979,-2.157997917,0
-2.545099731,-1.598252401,1.265873043,-0.079644715,-0.749129633,-3.043602273,1.58700928,-0.160453863,-0.575516384,0.983137101,-1.134371603,-0.719906405,-1.774844736,0
-3.616398889,-3.434354471,1.704246912,-1.185920319,-0.861090504,-3.701905475,0.218260679,-0.623754242,-1.898235885,-1.19797463,-0.242021441,0.99079193,-0.711330204,0
-0.827350584,-2.061114923,0.690431389,0.265029116,-1.385082696,-1.080511971,0.698604849,0.968686844,-0.712145656,-0.875813405,0.857449029,0.780543483,-1.479862982,0
-3.509317892,2.083480091,-0.809099407,0.039849304,0.202767602,0.090721839,0.451775386,-1.348331505,-3.324407349,0.250352608,-1.173698811,-1.327210274,-1.677094558,0
-2.509608872,-0.087278931,0.933794704,-1.219814679,-0.278640842,-2.810973108,0.079036445,-0.458805577,-0.161555561,0.028020901,0.878772379,0.353850002,-0.179384806,0
-1.516954131,0.274975016,0.241416114,-1.25155314,1.065965068,-1.0816733,-1.418404327,-0.080543673,-0.577737772,0.443916796,-0.072183415,-0.216621642,-0.083481748,0
-1.813233541,-1.909765971,0.840585976,-1.052027269,-0.612904212,-1.758598138,-0.074913578,0.041715289,-1.123180305,-0.286066899,-0.719793536,0.002192572,0.805138361,0
-0.918445686,-1.025044993,0.352134476,2.439255004,-3.408274589,-0.703499452,-0.709338525,-1.034214814,-0.777225102,-0.407565062,-0.854350881,0.29726259,0.489469733,0
-1.371507916,-1.115766709,0.468830182,0.555761601,-1.138591648,-1.066977257,2.46377107,0.693129476,-0.97876576,-0.957939219,-0.604899722,0.303589877,0.247986322,0
-1.114248902,-1.609984204,1.722956052,3.215374196,1.855978922,-3.663276533,0.530986829,0.148770349,1.690757319,-0.854509478,-1.727561038,-0.113827814,1.252279946,0
-5.000089466,-5.39017787,2.643276826,0.039247806,0.601477447,-5.543662099,-0.554112308,0.036656814,-2.459827243,0.721840528,0.313983674,-1.111487583,0.16256231,0
-0.656080167,-0.19635315,-0.008470316,-0.872090258,-0.406999983,-0.101093763,-0.220007894,-0.662553597,-0.738517513,0.509995541,-0.438104669,0.674499141,1.033911194,0
-2.947552783,1.655254313,-0.289352895,0.625076797,-0.40275729,-0.775491781,0.255784252,-0.530010759,-1.987407561,-1.797143668,1.747059145,0.887308962,0.034741234,0
-0.211199152,-0.730243565,0.105983944,0.219034411,0.770260671,-0.044795765,-0.624176687,-0.676676228,-0.49181209,0.876006062,1.424058992,0.392358072,0.114667636,0
-2.351996807,-1.253403068,0.691858133,1.122644395,0.701508774,-1.80726967,-1.868336184,0.766602063,-1.437333146,-1.182597501,0.544108089,-1.707444546,0.880108704,0
-3.034089371,1.873907315,0.051338415,0.638924467,0.477114728,-1.649869558,1.356578869,0.204864308,-1.135340053,-1.667827514,-1.385564264,-0.048995969,1.233051004,0
-0.079506956,1.087765402,-0.564204704,1.063888942,0.524092321,0.874510442,0.444066527,0.457811641,-0.523227232,-0.885315662,0.088780392,0.467325716,-0.287955028,0
-2.168700686,-1.485519392,0.765298855,0.929707183,0.404253691,-1.839414976,0.67615618,-1.208004932,-1.285783403,-1.643481488,-0.321643966,1.214732517,-0.915271006,0
-2.266937615,2.538298985,-0.423679578,1.274833557,-0.785034277,-0.584670469,-0.84664159,-0.29467668,-1.035193148,0.440096513,-0.790484272,0.526099945,-0.373519055,0
-2.385615416,-1.284809258,0.84748244,-0.481864315,0.04323169,-2.158860821,-0.902414721,0.465384077,-1.140968729,-0.545655394,0.778682746,0.198078617,0.479354259,0
0.465860927,0.43671658,-0.433453657,0.883723403,-1.115559372,0.963988464,0.385095497,-0.207072031,-0.239673487,2.390156143,-0.256000587,-0.989116092,-0.052240859,0
-0.211859535,0.32324578,-0.261068918,-1.835683406,0.338101727,0.417399847,-0.375134611,0.079295003,-0.529433306,0.204849145,-1.778043401,1.125789191,-0.858438227,0
-1.838893138,1.958600482,-0.811473418,0.87637119,-0.039268449,0.62185348,0.89210204,-1.231831941,-1.96426501,-0.406730691,-0.201797103,0.177974834,-0.431316851,0
-1.447973312,0.745003129,-0.138711998,-0.919197767,0.509667275,-0.364808567,0.505333944,0.001734936,-1.019473248,1.457870568,-0.133978474,-0.813259321,-0.389843054,1
-3.087714088,0.493486781,-0.126815821,-0.921025928,-0.597945465,-0.776482542,-0.101876355,0.994893335,-2.612460474,-0.776712091,-1.069909143,0.746174054,0.065863066,0
-0.894853657,-0.877223389,1.383434847,-0.439868962,-1.000690116,-3.087386652,-0.73741974,1.876899275,1.667626776,-0.818998573,0.923336942,0.289839957,-1.191997007,0
-2.869397006,-0.068319108,0.618323236,1.792450823,0.16263447,-2.206001053,-2.775188461,0.610528394,-1.169398065,1.935914051,-0.627257463,-1.110354161,-1.160372978,0
-0.671753325,0.796623776,-0.360780209,-0.689892056,-1.714507291,0.344590514,-1.040204865,-1.234191938,-0.801346858,-0.361111693,0.367249731,-0.343659859,1.469346051,0
-2.387233578,-2.337118211,1.127754809,-0.507526431,1.975336239,-2.425328271,0.903789142,0.159932695,-1.29916229,-1.375716477,0.112922771,-0.997592612,-0.700671848,0
-3.54569161,1.239597652,0.066092797,-0.344962067,-0.737722588,-1.608130987,0.055592147,-0.840204579,-2.02254691,0.739531287,-1.419475719,-0.541823061,-0.340939181,0
0.917619235,-1.817981632,-0.014734969,0.82406044,-0.840584166,0.93665523,0.070850169,0.463259139,-0.588991007,0.595855201,-0.805369592,-0.843829526,0.952771733,1
-1.340601063,-1.122739725,0.480578231,-0.626513756,-0.677141021,-1.082254216,0.06688656,0.847546989,-0.930623466,-0.372107591,-1.439590398,-0.209658877,0.76575294,0
2.069413591,2.373584572,-1.445270449,1.68491518,-1.223529219,3.040894366,0.228657774,-0.287994548,0.33645184,1.28843106,0.380481968,-0.663900746,1.377686887,0
-2.325680549,-2.61237582,1.206529043,0.708384926,1.31785975,-2.48953716,-0.490036531,-1.445159922,-1.274165975,0.252285835,1.196343199,0.355936486,-0.302477542,0
-4.047626091,1.811862039,0.057093574,0.09338697,-0.065680473,-1.933515852,0.729590421,0.195360397,-2.053819949,-0.164053323,0.031634016,0.151749141,-0.641844262,0
-1.994004455,-1.322873116,0.648683026,-0.251244606,0.670439908,-1.581683598,0.112446764,-0.052790694,-1.273450442,0.695676868,1.209254734,-0.554901019,-0.754413245,0
-1.083076732,-0.569843204,0.253573166,0.183514461,0.082519104,-0.687354858,0.862858841,1.310856863,-0.802289806,-0.265068789,-1.015432813,-0.659583092,0.322213334,0
0.882188239,1.996076915,-1.061353881,-1.922051403,1.232871543,1.960349566,-1.97565914,2.224392631,-0.12074793,-0.933485112,-1.724488668,-1.360783473,-0.69176269,0
-0.505695228,0.275165763,-0.183658673,0.177001391,0.343459074,0.173970319,-1.347304789,0.352167615,-0.648237832,-0.852632138,0.343969427,-0.345493653,-2.925296636,0
-2.868286996,-0.247133258,0.817187403,0.044948957,-0.874841277,-2.593859059,0.393963224,2.055192743,-0.855740829,-0.719813551,0.401725638,-0.45946039,-0.283475992,0
-1.69727306,0.876399788,0.182096215,0.021973296,-0.456994039,-1.210403078,-0.252123159,1.20400113,-0.419292355,-0.169213658,-0.040522384,-1.651053395,0.41507251,0
-0.464672134,0.832126562,0.391811615,2.757534792,-2.170916798,-1.314861225,-1.229738512,0.070142616,1.094555351,-0.005769716,1.318145636,-0.688505233,-0.336849097,1
-2.977303241,1.190348168,-0.219970294,-0.382695141,0.081642734,-0.778132215,0.362296804,-2.419129138,-2.204798804,1.246262781,-0.24809705,0.277842809,2.344419388,0
-1.313292862,-1.173988637,0.884519588,-1.199075318,-0.480756507,-1.97243111,1.856133799,-0.436020898,-0.038728509,-1.458192484,-0.274129197,-1.79186174,-0.955814183,0
-2.386673984,0.278344189,0.597284079,0.073636922,-0.54612083,-2.140789198,0.345406988,1.129082968,-0.536257781,-1.527040632,-0.951778817,1.666610814,-1.406822412,0
-3.476884381,1.61591142,0.717203762,0.176263815,-1.06858807,-3.197036601,-2.040410865,0.759923221,-0.220643779,0.017269526,0.13078211,0.141601013,-1.115434254,0
-2.939527785,-3.071377088,1.41305198,-0.196576987,-1.007257917,-2.973758427,-0.060091678,-1.755789384,-1.689514928,-0.299145002,0.079577021,-0.129294011,-1.946027319,0
-2.327127735,-3.253115581,1.418785005,0.646180049,-0.232248866,-2.746262212,-1.921543703,0.869028277,-1.277552844,-0.237543511,-0.323143479,-0.378977546,-1.079891436,0
-2.634557703,0.542561908,0.132045922,-0.72443976,-0.039516542,-1.250036189,-0.993433599,0.520560796,-1.599304736,-0.8363385,0.829223586,0.228849208,1.351957305,0
-1.228926905,-0.544118204,0.264690206,-1.618934912,1.893496321,-0.763676381,-0.161846415,-0.325725854,-0.885505277,-0.133718924,1.001101695,0.369393902,1.42262574,0
-1.593426271,-1.610624001,0.64605762,0.372452452,1.933617535,-1.359104573,-1.378949728,0.014402044,-1.144360663,-2.054237489,0.259257711,0.573837941,-1.729381006,0
-2.946473863,1.708892706,0.256251071,-1.560433468,-1.008530808,-2.031335791,-0.246857893,-1.787138588,-0.72226879,-1.117586043,1.547640774,1.7578269,-0.57039674,0
0.142739627,-0.945186327,0.081357549,0.564618162,1.017906792,0.188650169,0.570363744,0.147120841,-0.398457001,-0.716248148,-0.714042355,0.178799422,-0.119953725,0
-2.559730779,0.564189688,0.005085467,1.279801172,0.985431806,-0.948126399,1.091138633,0.149732735,-1.802672132,1.312062344,-1.341405768,-2.11424725,0.137398707,0
-2.351183091,1.358208805,-0.404172711,1.190347713,0.967299566,-0.238732455,1.912349218,0.168092575,-1.946008319,0.98732713,1.117475252,-1.212297134,0.286387699,0
-2.058498293,1.233312031,0.245690463,0.452762588,0.606424728,-1.584185412,0.492609487,0.376325958,-0.325590058,-1.290167414,0.662993702,0.959508057,0.757734114,0
-0.964965224,-0.390112751,0.155375099,-0.284443765,0.837124331,-0.493715188,0.944415482,-0.249892868,-0.785291771,1.637193034,-0.638588894,-0.979102968,0.30513088,0
-1.213203455,-0.315363708,0.60594696,-1.423980334,0.074534,-1.613384235,0.215035812,-0.777905724,0.064670977,-0.304041099,-0.929324588,-1.02993208,-0.668846293,0
-2.600288966,0.269022584,0.9973382,-1.215998011,-0.697234517,-3.106378541,0.091723024,-0.225970955,0.16783066,2.757725924,0.680941043,0.6286983,-0.721811453,0
-3.747302295,-0.249882787,0.860410115,0.169785116,0.61835193,-2.944493221,0.976928903,-0.121782943,-1.528417036,3.158941785,-0.261468563,-1.118011708,-0.313261438,0
1.126915,-0.461908006,0.216539425,0.419181487,-1.3583296,-0.003737713,-0.29394094,0.941812311,1.125076499,1.278813807,0.431373775,-0.660810788,-1.041718225,1
-1.266974706,1.856684679,-0.403934881,-0.808388837,-0.885327561,-0.101575469,0.089834122,0.495586143,-0.626544063,-0.117967584,-0.541169097,-0.310483564,-1.037591871,0
-3.487338616,-3.465466054,1.674224514,-2.313059971,1.687502067,-3.585662206,-1.763124078,-0.067319671,-1.876120921,-0.420683247,-1.139256041,0.360973696,1.145463942,0
-0.845888479,-0.6702872,0.200158922,0.971963578,-0.45024231,-0.462519453,-3.070325927,1.057304413,-0.789996635,0.758462467,-1.331457753,-0.947360229,0.371673018,0
-0.350719253,0.299797127,-0.234628722,-0.765250896,1.320423023,0.325616303,-0.620108801,1.356910027,-0.608875693,-0.156260728,-0.489814355,-0.154190068,1.519654834,0
-1.832850375,-1.920775982,0.843885919,-0.619355746,1.3034463,-1.767873811,0.168071439,1.647643952,-1.141126451,0.250030966,-0.402312341,1.548665843,-0.690474142,0
-2.635848202,1.905542815,-0.498254251,-0.296822389,-0.399938727,-0.299733935,1.781091995,-0.59052457,-1.997059023,-0.068017488,1.114355778,-1.563413473,-1.087768622,0
0.018392667,-1.011422619,0.47421003,0.013782765,-0.896373651,-0.714865233,0.955725193,-1.089388757,0.324936202,0.105384861,-0.716439896,0.723820016,-0.627106108,0
-0.508941275,-0.104348752,-0.068739995,-0.815608051,0.386109958,0.045717798,-0.664656634,-0.302572607,-0.676565973,-0.544336206,-1.215804347,1.204943728,-1.833995665,0
-1.450455466,2.098766049,0.005169491,-1.135488136,0.587076068,-1.16729508,0.670936939,-0.028946715,0.311853618,-0.902844159,-1.812787724,-0.124304811,1.453115486,0
-2.354483258,-0.491008945,0.635803141,-1.110127941,0.20415956,-1.948638855,-0.072748598,0.11529227,-0.99609587,-1.298150176,-1.120458982,-1.912678401,1.323009269,0
-2.867762177,1.445773657,-0.360382297,-1.836983161,0.020001322,-0.51781865,1.885668785,0.175997252,-2.233487505,-0.361391641,0.674404801,-1.165920003,-0.687476626,0
0.402543288,0.097369662,-0.329526821,0.562295966,0.021458174,0.829225679,0.195533238,-1.203293303,-0.315133449,2.191833141,-0.332841929,-0.020466725,-0.064248736,0
-3.730549827,-0.400892194,1.11542883,0.002622817,0.185343103,-3.464951231,-0.152337547,0.766606911,-1.054350009,-1.075329405,-0.813931111,-0.504463084,-0.288049472,0
-3.209531173,-0.839647235,0.618318663,1.93946355,-0.527771876,-2.033202361,0.623417159,2.426085614,-2.042277697,-0.586812716,-1.203885634,0.163951481,0.410460222,0
2.155513335,0.533523863,-0.219367886,0.932779612,-1.270026185,0.931918991,-1.952282382,-0.447414209,1.788426241,0.452690736,-0.509185173,-0.250896152,1.000684789,1
-1.469158465,-1.263191874,0.529300389,1.737703823,0.247196018,-1.180501862,-2.421298737,-0.148628163,-1.038426882,0.226637193,1.444829511,2.38043916,0.160802743,0
-2.744385454,1.251063592,-0.456264048,0.811998932,-0.650129043,-0.196399602,0.795404473,-0.618431167,-2.486238948,0.791527737,0.545176176,0.007217146,0.760076112,0
-0.270969063,0.365220273,-0.290454032,1.132851986,-0.996020388,0.452244596,0.328099671,-1.003205391,-0.615644362,0.739241527,1.20586036,0.242828934,1.139960271,0
0.251955075,0.54718653,-0.420421357,1.171190421,-0.174208146,0.833926055,-0.262078577,0.200863555,-0.314753771,-0.468963223,0.490648044,0.434053377,-0.339218593,0
-2.223988054,1.944538196,-0.343954366,-0.43943046,-0.360176256,-0.54453602,0.786842249,-0.492349181,-1.262092132,0.293206871,1.434533377,0.254702604,1.413782404,1
-3.153839256,3.855534702,-1.115508366,-0.453898781,0.739118653,0.265750218,-0.185935416,-0.042176106,-2.378509329,0.299150973,0.318142315,0.276079006,1.189391379,0
-1.226289916,-0.752807598,0.294640954,-1.240298306,-1.108060826,-0.757540491,0.165432218,-0.709860103,-0.971803407,1.311934849,1.118235255,1.262959462,-0.330025733,0
-2.483803328,-2.436553039,1.162870748,-0.470202609,-0.480175723,-2.497898365,-0.562686189,-0.31531554,-1.378938134,-0.586350889,2.067098253,-1.363891778,0.802062711,0
-1.824689741,-0.703678283,0.874663189,-0.762105193,-0.601511515,-2.262792861,0.522871267,-0.871208979,-0.156303173,1.614729303,-0.680966836,0.683417231,-0.029478115,0
2.474617853,4.421033988,-0.762157267,0.259147096,0.059639284,0.889511848,-0.326292092,-0.396408639,3.751528357,-0.486750312,0.675837583,1.042647809,0.588814105,1
-0.033535192,0.790934135,-0.493328232,-0.475882614,-0.109075381,0.83129436,-0.202259528,-1.262295361,-0.545663341,-0.451866895,-1.343181095,1.239264459,-0.776163663,0
-1.177967631,-0.278274084,0.100861243,0.233549877,0.027294443,-0.470817102,-0.349917493,0.134255237,-1.010112168,0.488796144,-0.784790912,-0.854691392,1.58661456,0
-2.28087917,-2.85617872,1.281298323,1.249224169,-0.02418252,-2.560543915,-0.631366618,-0.332918596,-1.24930082,0.713562214,-0.820397292,0.934368953,0.021792213,0
-0.283858956,0.387893909,-0.269561139,0.145000113,0.586406257,0.393181795,0.288501646,0.054271567,-0.563096482,0.890627176,-0.281459904,-0.362840059,-1.074015971,0
-1.096435814,1.11768757,0.235490808,0.022223464,0.829783008,-1.242907004,0.169664621,-1.533864742,0.40532587,0.793443295,-0.162334186,-0.005863503,1.026296585,0
-0.441626397,-1.268523637,0.339870602,0.475699648,0.127583642,-0.452617814,3.380614489,-0.49469269,-0.570131077,0.171161751,0.807963789,-0.277657806,-0.572103629,0
-0.925623115,-1.521421483,0.54076577,0.86993895,-0.05357919,-0.95900594,-0.934715202,-0.915944515,-0.730845093,0.687335818,0.479137161,-0.559882519,-0.190499345,0
-2.04815027,0.898202567,0.260696227,-0.20699687,1.116682833,-1.497530861,0.344638939,-0.413402898,-0.533066906,-0.357492847,0.790529563,0.194180906,0.587565595,0
-2.71667965,-2.002344801,1.04929476,-1.865800042,-0.390994197,-2.460017631,1.325743575,0.747726592,-1.512959031,0.880698457,-0.264990028,0.335624139,-1.546960462,0
-1.485214459,-1.315082715,0.548533045,-0.674897072,-0.197831891,-1.210523946,0.347643588,0.009701292,-1.04803608,-0.557442194,0.560849753,-1.188018833,0.458243622,0
-2.279516148,1.420156952,-0.208958249,0.687456398,-1.453606445,-0.682521381,1.402764311,-0.269410618,-1.39918108,0.234717733,-0.417022183,-0.599754238,0.297291628,0
-3.643606218,-3.507198646,1.747387442,2.06648922,-0.33733069,-3.78200322,-1.342551558,-1.025597276,-1.879584795,0.353283671,0.056796539,2.376899333,-1.007292328,0
0.492235541,0.605772162,-0.49621138,-0.835911316,-0.697336004,1.054541707,0.398861611,-0.020646131,-0.23123802,0.584304324,0.52122427,0.777528663,-0.509646739,0
0.148389213,1.175317455,-0.649849286,0.528254447,-0.276153698,1.103727767,-0.479111655,1.506984367,-0.451011068,0.446021548,-1.092396726,0.968702521,-1.569580032,0
-0.418374784,-0.495348943,0.064890234,0.419199274,-0.926561875,-0.093871351,0.778186039,-2.191839461,-0.589564623,-1.786411146,0.449443286,0.229162889,-0.807030293,0
-1.413907128,-1.186693091,0.490107456,1.508873796,1.240338204,-1.102549856,-0.648917273,-0.546652581,-1.021003036,-0.829419444,0.00385843,0.565340204,0.250606101,0
-3.133287476,1.78013378,0.497030952,0.160122482,0.616371069,-2.656288399,-0.373559681,-2.007248224,-0.291988614,-1.145613984,1.132069597,0.268291167,-1.48032912,0
-1.83727601,-0.01423992,0.065574672,-0.453883599,-0.948123946,-0.673728638,1.370026376,0.591320161,-1.467906106,-1.950767327,-0.829100052,-0.202908979,0.41322545,0
-2.109952967,-1.939737011,0.871457854,-0.966709722,1.806056874,-1.903680608,0.712191778,-0.01361816,-1.335399979,-0.295565964,1.189508879,0.243749924,-0.205232645,0
-1.455143566,0.646449553,-0.224428691,0.679192142,1.57885612,-0.13787485,-0.149962023,0.336892365,-1.291630844,2.190785514,0.097040627,0.810541999,1.979333618,0
-1.690394579,1.051926651,0.046860828,0.939932571,-0.070859167,-0.963382764,0.763164293,0.545456903,-0.5856662,0.357864556,-0.108343592,0.3652692,-1.450744654,0
-4.355526835,1.882905282,-0.033405378,0.694399342,-0.286917576,-1.842059068,0.311628824,-0.569897919,-2.472705312,1.245821555,0.920754565,-0.538499887,1.362740827,0
-1.468935157,-1.663788015,0.655353957,-1.840475546,0.2283367,-1.325600723,0.183016878,0.678039368,-1.054481268,-0.031611456,-0.82315545,-0.688835696,-0.842649986,0
-1.699605597,-0.441536847,0.493989711,0.064948384,1.2353666,-1.455491289,0.425915243,-0.260144419,-0.705471017,0.784068977,-0.778293981,1.484321842,0.52611121,0
-1.263250057,1.414494606,-0.17577938,-1.193654786,-1.283403488,-0.462601268,-0.195835864,0.059969479,-0.441511053,0.669470164,0.159143678,-0.091174909,-1.405322955,0
-1.674871842,-0.454740869,0.831039938,-0.530011304,0.093545459,-2.208078097,-1.014421623,0.067408085,0.062497578,-0.616624942,0.644256181,-2.846374316,-1.067876227,0
-2.666691001,-1.870643866,1.080896196,0.289853205,1.838305516,-2.563519134,-0.012008237,-2.161807864,-1.300080026,0.767513902,1.205344969,-1.091640048,-1.591054001,0
-2.962481721,0.977256484,0.213198826,1.02435179,0.191362254,-1.681350311,0.942230018,-0.716194514,-1.379056796,1.105313901,0.044502082,1.094573291,1.132842212,0
-1.220200719,-1.066417327,0.416743147,2.693248987,-0.244560199,-0.922538178,-0.165562741,0.381011676,-0.926659905,0.341308397,1.149781913,-1.658581031,0.459544942,0
-3.629620457,-3.570625744,1.796045638,-0.73708391,-0.708231559,-3.86603796,-1.128785427,0.355563689,-1.805551554,-0.371302909,-0.808461087,1.653918941,-0.23638587,0
-2.183182837,2.37996662,-0.446953963,-0.479049974,-0.479333044,-0.4521168,-0.450394441,-0.570484686,-1.132479609,-0.074349515,0.349975536,0.423234803,-1.967537085,0
-1.839516386,1.891218453,-0.461883913,-0.858860246,2.482677762,-0.14745608,-0.708910725,0.100879065,-1.230752938,-1.301108407,0.955881276,-1.232662543,-0.742718562,0
-2.322759687,0.655346432,0.302224748,0.354772869,-0.307289839,-1.585631182,0.016906196,0.012901296,-0.861001737,-0.439853263,1.789438711,-0.149313422,-2.566119386,0
-2.465907557,-0.564386058,0.67512993,0.457212636,0.784536238,-2.044195699,0.908591095,-1.688592201,-1.059941937,0.250261738,-0.937922493,0.877909798,-1.232198466,0
-0.034810451,0.189238292,-0.264619004,-1.405953209,1.136074631,0.523593076,-0.209971009,-1.616509786,-0.482835632,0.263958024,1.26436008,0.544750894,-0.469960768,0
-2.743569556,-3.525064506,1.579339643,-0.187476488,0.826295886,-3.134986841,-0.024958585,0.905994843,-1.484007972,0.239882243,0.336366513,0.447497823,0.240590805,0
-2.574093009,-2.109666111,1.032436165,-0.628464983,-0.871863608,-2.342958152,-1.682689138,-1.224443065,-1.506392552,-0.468810719,0.268953554,2.215520699,0.496890153,0
-0.858768698,-0.693162467,0.206965745,-0.746159013,-0.272409379,-0.473637217,-2.380691588,-0.791415055,-0.803049958,-0.70211482,-0.915609754,-0.537290696,0.40401589,0
-1.704596999,-0.468124462,0.733692485,0.910667088,1.670021988,-1.99118886,-2.029552191,0.357307676,-0.191866652,-1.110454531,1.12793616,0.32777419,-0.606962224,0
-0.821977605,1.373345522,0.03353505,1.005731653,1.69645198,-0.795531112,0.630305916,-1.333379596,0.382741221,0.046885859,-0.652014124,0.29225261,0.136846008,0
-1.723834817,-2.576566121,1.068142385,0.781625727,-0.081549112,-2.014660942,2.684426782,-0.973191507,-1.032362642,0.675409483,-0.583499162,1.746250713,-0.614684756,0
0.139082665,-0.113684573,-0.183477553,-1.202529945,0.859393397,0.496140651,0.873545976,-0.688340491,-0.375080939,0.76488085,-1.399920842,1.053823987,-0.202273731,0
-0.724837863,2.21247717,-1.027184777,0.156968627,-0.456234005,1.343258168,-1.611785063,1.251579383,-1.285863689,0.100622111,0.514140991,-0.546220415,-0.518837043,0
0.662262539,1.430403042,-0.805375312,1.358904534,-2.84465312,1.515078599,0.491105163,0.157638553,-0.160780876,-0.475500234,-0.088375116,1.497703469,0.118293554,0
-0.13752646,-0.281770548,-0.059202244,0.630084525,0.658331979,0.193549735,1.110310128,0.410422275,-0.463285198,0.348274269,-1.145114303,2.080545332,0.261351437,0
2.305162463,1.676695621,-0.650266364,0.780890471,-0.366638501,1.550765854,-1.831324769,0.106137506,1.805768593,-0.57601203,0.175641601,-0.558218006,0.411480736,1
-1.058047809,-0.019905028,0.014551963,0.163817194,-0.109939874,-0.33123701,-0.177179302,-3.419905979,-0.906151709,0.555264701,-0.813199401,0.152118168,0.605804752,0
-1.520548455,-0.982964323,0.784371699,-1.218711101,0.208919273,-1.872198789,-0.640099652,0.069169793,-0.301800667,0.101555986,-0.268127031,0.568087421,0.923153351,0
-2.560612167,1.314139623,0.062409438,0.297961556,-2.562767862,-1.341781674,-1.564183402,-0.211777129,-1.114939327,0.481454106,1.568146706,-0.570698671,-0.490883958,0
-2.717789803,0.563809922,0.012660082,0.356032467,0.874169872,-1.010767789,2.839622915,-0.666556231,-1.923985917,0.153193141,1.382382746,-0.798898898,1.028479009,0
-1.483598098,-0.391629129,0.792141864,2.266228286,-0.062682343,-2.086852918,1.091813534,-1.393759536,0.189370348,0.244672034,-0.511774188,0.676047378,-2.65796326,0
-2.755038878,3.679611713,-1.410492281,-0.613660468,0.301853324,1.111547614,-0.845410982,0.962811233,-2.823439461,1.149937156,0.614490551,-0.318244915,0.038422179,0
-4.004364149,-3.477994023,1.79903955,1.242688872,-1.838422155,-4.013468905,-0.414008095,0.510027782,-2.056923775,1.157321898,-1.949610392,-0.032516842,-1.786399088,0
-2.911802681,-1.984977979,1.07116947,0.235473719,0.778508845,-2.57201401,0.015215512,-0.924022532,-1.621305388,-0.740452002,0.45078331,-0.247755408,-0.173160033,0
-1.900082124,-0.989675729,0.551575446,0.814019786,1.258917822,-1.451396695,-0.051359264,0.651743049,-1.160555817,0.868523193,-1.57972015,-0.393078865,0.090487997,0
-1.62164367,-1.496686274,1.216557567,-1.042067824,-1.007709478,-2.701037644,-0.545050804,-0.882946529,0.196070696,-2.168859846,-1.452720903,-1.95491849,0.225392582,0
-2.217778569,1.631494661,-0.151708235,-1.102437269,0.411648565,-0.868769696,-1.65819685,-0.29809304,-1.059041453,-0.408771985,1.806234538,-0.218986744,-0.83231547,0
-1.494059506,-0.962040375,0.430960351,-0.317858739,0.348407218,-1.070443003,2.836412011,0.178854724,-1.055984428,1.096158063,-1.297756287,2.502902335,-0.597940298,0
-2.888683457,-0.264869843,1.496036995,0.874093403,-1.808122954,-4.133002846,-1.275853205,-0.799880666,0.636316879,-0.486662807,-0.786081199,-1.643269035,-0.364642054,0
-2.933877709,2.494502969,-0.420446454,-1.32478591,0.168025602,-0.769020176,-0.754324639,-0.108853881,-1.643041618,-2.525961282,0.127988364,0.830117664,0.591341321,0
-1.770179266,-0.565609009,0.346422757,0.568973444,1.53941796,-1.097621995,1.431787525,0.468146164,-1.190818198,1.175163753,-1.404469575,0.062346683,0.074625278,0
-2.558065892,-0.823617214,0.590299661,0.872777971,-0.225725784,-1.787355504,-1.396875939,0.704972194,-1.524282935,0.289983758,1.616735776,0.277527853,-0.318024014,0
-2.635115605,-0.227261085,0.669692749,-0.526699333,-0.248913117,-2.199085901,-2.428118057,-0.221673472,-0.968216326,0.792138426,-0.157572601,0.524107003,-0.545273726,0
-2.469657835,0.525559533,0.193684837,-1.980631329,-0.005792889,-1.33627813,0.059174195,1.485155564,-1.329702173,0.712310933,-1.153503573,-0.383046678,-1.431097493,0
-3.160023234,2.140274959,-0.727378857,-1.069104291,0.242902541,-0.01378609,-2.5282451,0.055479919,-2.793630983,-0.457312907,0.155675388,1.123080399,-0.079065019,0
-3.276009619,-0.081997212,0.384315121,0.291727167,0.282633856,-1.787815598,-0.44469948,-0.501386089,-2.059720031,-0.624120223,-1.564330326,0.361001946,0.315171704,0
-1.885235705,-1.843453382,0.798699738,1.419748169,-0.156399369,-1.707670915,1.158451943,0.155213544,-1.230528206,-0.087731667,-0.990685455,1.912797586,-0.557841142,0
-1.633313428,-0.335943357,0.24565177,-2.226141279,-0.96405864,-0.910275761,0.656005854,0.056239762,-1.125935798,1.171916383,-1.288521193,0.078765263,-0.17617638,0
-0.401711138,-0.862630932,0.209998582,-0.007059713,1.266605377,-0.289140552,1.073167291,0.546486936,-0.523638751,1.480479282,-0.110735166,-0.853691473,-0.343941977,0
-2.385679481,3.520010765,-0.794649203,-2.450463983,-0.79540689,-0.122446621,-0.377644162,0.142499748,-1.238303658,-1.618267189,1.78821564,-1.129612362,-0.543019135,0
-0.705515266,0.00269413,-0.053528541,-0.027989176,1.528199416,-0.083082877,0.46644138,0.546849505,-0.73418044,0.247639332,0.398886657,1.375613606,0.051793672,0
-1.771519161,0.040721193,0.755993047,1.370695989,-1.541033069,-2.239787714,1.405055586,-0.324072184,0.179615099,1.585774568,1.055798238,0.648801816,1.203958965,0
-2.013390874,-2.307998132,1.008797087,-1.381731281,0.636913022,-2.057937946,-0.848542734,-1.839094273,-1.217865,1.812735417,-1.345542084,-0.197129098,0.405674475,0
-0.39456194,0.571151991,-0.310925353,0.947652534,-1.13698366,0.390686359,0.10927701,-1.695229007,-0.615761186,-1.269296916,1.05817442,-0.146097039,1.178094468,0
-2.699843142,0.101733498,0.860488418,-0.274432027,0.090903857,-2.765994979,-0.611642888,-1.373526622,-0.351042299,1.931507735,0.139308409,-0.183904581,0.828875148,0
-1.779148116,0.803491023,0.307111147,-0.148170405,0.178956411,-1.491922848,0.063378869,-0.378678693,-0.264729461,0.554745808,0.740024253,-1.241620062,1.031623113,0
-0.784157237,-0.901907233,0.266257817,-0.403834092,-1.293078594,-0.513258572,0.219016138,-0.637931747,-0.760705589,0.802242753,0.28514365,0.70337779,1.237359716,0
-4.419662116,-4.983900518,2.398371419,-1.236913724,-1.021943487,-4.963520386,0.074575191,0.603388843,-2.199141455,0.71657724,-1.106343257,-0.495879724,0.359623921,0
-0.442106915,1.142143777,0.863403532,-0.137542467,-0.197856429,-2.486709939,-1.342057806,-0.955592104,2.403802449,-0.948061994,-1.386677967,-1.081904157,-0.87833975,1
-2.920389917,1.407278921,0.447678366,-0.823699775,-0.735570446,-2.351993527,-1.147155377,0.600652372,-0.495166863,-0.12735409,1.018455957,0.961958663,0.005824058,0
-0.499334682,0.257248319,-0.162111285,1.40515612,1.344882488,0.133233314,-1.791961855,-0.617361395,-0.607714925,-1.671010832,1.327858493,1.342734626,-1.123545819,0
-0.809833184,-0.692213054,0.88350445,-0.879016886,1.290510998,-1.994102409,0.147968881,-0.544696287,0.758317417,-0.263699066,0.104286322,-1.089224492,-0.008789522,0
-3.514338136,-1.561803279,1.033378017,0.249130051,-0.825560424,-2.808761403,-0.682028837,1.109135702,-1.916333611,-0.818934851,0.351948726,2.275315439,0.202538784,0
-0.027148428,0.307206485,-0.284487293,-0.821778564,2.247555224,0.529427023,0.506954741,0.292794017,-0.432651548,0.835682617,-0.894225389,1.667115975,1.492156728,0
-1.837359918,0.716072984,-0.084899141,1.889978644,1.008886137,-0.589014762,0.497812766,-0.902166362,-1.260365657,0.879660997,0.746909987,1.718921574,-1.055589993,0
-1.101355119,-1.249887745,0.455311382,1.967321961,0.801091839,-0.911278471,-0.313352756,-0.103692394,-0.873316417,0.108111975,1.045492223,-0.549233415,0.261712833,0
-3.056726049,1.581333175,0.291936207,-1.047866306,0.58042194,-2.099265698,0.045739129,0.397404033,-0.833712679,0.512583153,0.58902308,-0.426762829,0.311395357,0
-1.459763125,-0.621111364,0.284434184,0.680127175,0.517018256,-0.84800159,0.519273497,-2.592808454,-1.100264754,0.814818375,-0.89450381,1.932582009,-2.293426279,0
-0.575320552,-0.520541568,0.125657443,1.691053133,-0.053354993,-0.268106369,2.148355756,0.185969124,-0.609084368,-0.975012311,0.092591487,-0.546713909,1.849615239,0
-1.078729186,-0.166893639,-0.014198169,0.652167885,0.643734001,-0.220377626,-0.861412729,0.801639717,-1.098453999,-0.879153199,-0.135044602,0.300968377,-0.796131506,0
-2.846435069,-0.050437274,0.333795234,0.400306093,-0.646357537,-1.560407342,-1.412788578,-3.334892711,-1.774381839,0.55200831,0.569301668,-0.011767838,-0.036560943,0
-0.34086578,-0.340068686,-0.002907093,-0.090083528,1.003236261,0.027700254,0.977011523,-0.479471482,-0.558067376,-0.818133986,0.765612092,-0.193839173,0.916482433,0
-2.666443883,-1.582258914,0.87721948,0.860498302,-0.304188681,-2.202839918,-0.075347294,-1.567843699,-1.541548113,0.909280658,-0.811236858,-0.812055367,-0.602927839,0
1.512687828,0.522689592,-0.116022647,2.232972736,0.037292964,0.515915462,-1.078316545,0.024502504,1.45086191,-1.001211507,-0.739311586,-0.401099794,0.678963755,1
-1.891953231,-2.290381775,0.98277605,0.940025895,0.467897196,-1.970082456,-0.075401847,0.907011013,-1.157050194,0.670302355,-1.325546257,-0.776403192,-1.441008372,0
-2.902575267,1.336146186,-0.153111692,0.710774025,0.967429419,-0.959404046,0.908414239,-1.543630522,-1.880686533,0.424585096,-0.321587684,1.519019573,0.01116801,0
-3.668479474,-4.385400898,2.069009029,0.779143806,1.094912319,-4.21010161,0.913249686,1.139087534,-1.835330072,-0.987874195,-0.225309681,0.008212177,-0.176520022,0
-2.025370927,0.507588941,-0.114640009,-0.138972732,0.534135942,-0.502581302,-1.027313423,1.203460057,-1.646921919,0.926520184,0.952649344,-0.878135073,1.820580268,0
-2.348391631,-2.299770085,1.077348791,1.759627538,1.365142967,-2.31293039,0.153506305,1.306434046,-1.350454883,0.088178803,-0.645508311,0.684048631,1.75768081,0
1.621146592,2.449166114,-1.391347271,-0.616097184,-2.126327741,2.762744814,0.459972559,-0.085493003,0.122414427,-0.072591645,0.316597943,0.928584903,0.60411666,1
-3.591661441,-2.196618968,1.292904988,-0.372896639,0.67682258,-3.196656804,-0.364706585,-0.104901423,-1.875496384,0.695128572,-0.636168781,-0.428724081,-2.379778222,0
-4.203159083,-0.983399435,1.538039318,0.071533182,1.229781527,-4.355090893,-0.113820326,0.111220915,-0.953740211,-0.464468633,1.57039184,-0.399553056,1.064275872,0
-1.705671195,1.303680502,-0.06489224,0.620829945,0.145995914,-0.802779721,1.399097479,1.04452643,-0.661792124,0.056183918,-0.074781297,0.501249087,0.536487727,0
-1.25420346,-0.923989005,0.367467387,-1.904092792,-1.069197994,-0.870624778,-0.320797861,0.224189704,-0.960579006,-0.308591521,0.448459062,1.086669899,0.057329748,0
-0.288633442,-0.210320221,-0.072920481,-0.408090697,-0.953362629,0.155973008,-0.6639194,-0.250608957,-0.572676247,0.356820127,-0.061455748,1.960973123,-1.344478606,0
1.778812973,-0.04443065,-0.061019501,-1.211832828,0.878146051,0.667139599,-0.635477787,0.864258504,1.383272068,-0.437126099,-0.852063749,0.36571364,1.026119154,1
-2.90159823,1.984943946,-0.525658071,0.37431309,1.217167135,-0.34213956,1.180318317,-0.932161055,-2.23133225,0.481097665,-1.517103367,-0.155372988,-1.601855294,0
-3.757094331,-2.821083961,1.503523167,1.342476427,1.247093828,-3.502690697,0.049007129,0.904725109,-2.013608344,0.341407313,-0.716421349,0.387478118,-0.553091039,0
1.574008394,1.391131465,-0.75562846,0.345262212,0.858755746,1.679078261,0.021208438,-0.261197937,0.717698275,0.320980526,0.981401745,-1.376804101,0.386999616,1
-1.094355235,1.936770169,-0.455702402,0.301186958,-0.245653352,0.037491886,1.384140124,0.187147487,-0.532163848,0.246208228,2.01393003,-0.751380123,1.784510768,0
-2.750968283,1.387821855,-0.257693888,0.028520152,-0.741245685,-0.696647456,1.040872193,-0.485736048,-1.944363671,1.972381716,0.58227511,1.027078938,-0.276345645,0
-2.446212122,-1.268653088,0.727748561,-0.597652596,0.76261088,-1.910484858,2.036629087,-1.135677471,-1.450465812,-0.599049749,0.045167831,-0.567374834,-0.348118587,0
-0.250427134,-0.195529085,-0.082890993,-1.625627521,0.690699884,0.184410832,1.154957063,1.939085986,-0.550640489,1.06675541,-0.343927147,-1.106348596,-0.725538261,0
-2.281922836,-1.238091829,0.688900548,-1.427243952,1.211356431,-1.785725141,-0.39774249,0.085397783,-1.371345985,1.816855658,1.609367641,-0.317712095,-0.356118401,0
-1.743396734,-1.195056104,0.522454451,1.853869844,-1.015271947,-1.268020487,0.22522499,-0.714680089,-1.24239782,-0.409152055,0.762327777,-0.181053877,0.271757907,0
-1.835131622,-0.255389817,0.208177915,0.055920661,-0.292317146,-0.91180624,-0.165800018,-0.787677296,-1.326113934,-0.09707182,0.114379761,0.247294053,-0.760942981,0
-2.056307431,1.390755236,-0.27444376,0.062489986,-0.375644621,-0.459295621,-0.360619367,-0.349906866,-1.373141702,1.538777291,2.103910958,1.571254736,-0.467400379,0
-3.646921538,-3.256250181,1.621224054,-1.090518987,-0.98905897,-3.58498709,0.476824172,-0.876239774,-1.978198699,2.190735779,-0.444462471,0.000886886,0.899873723,0
-2.826938774,0.48080246,-0.219583306,-1.103598959,-1.094481081,-0.48642127,-0.36799994,-0.441629545,-2.602346993,2.216186579,0.003371992,1.188842868,0.846413161,0
-0.663926796,0.827946152,-0.018621157,0.513892718,1.845565425,-0.440098312,1.157320387,-1.624100678,-0.003438151,0.34769583,0.978833895,1.061035405,-0.383214629,1
-2.779768785,3.051276492,-1.028804716,-1.268872593,-0.171457931,0.459513574,-0.335283475,-0.706329707,-2.45774958,-0.568805417,0.12984783,0.248934612,0.16845077,0
-1.951429833,-0.861170755,0.48321289,-0.32451932,-1.191407547,-1.356311878,1.883517073,-0.754343191,-1.262840476,1.277262127,-1.041703335,-0.036038775,-0.242942777,0
-2.086554312,0.638593223,-0.02337836,0.841550282,1.873415124,-0.773206137,1.083217748,-0.964506393,-1.397786592,0.285494203,-1.064994097,-0.522149862,1.093894598,0
-1.497795398,-1.063159233,0.462878146,-1.233422994,1.493417714,-1.108388034,0.777030633,0.109233235,-1.063125837,-0.685159074,-0.973567198,0.103018633,0.203338068,0
0.334414893,0.989528049,-0.606983501,0.599804127,0.166920883,1.125436236,1.117118054,-0.434045168,-0.331091545,-0.636760835,0.657559409,-0.722706136,-1.218786623,0
-0.545150614,0.575529338,-0.278755583,0.236084795,1.122284684,0.27275252,1.641110263,0.482993258,-0.67181672,-1.049949218,0.354855555,1.46614283,-1.252372913,0
1.562934019,-0.577095432,0.455453101,0.50272506,-0.915642973,-0.379303776,-1.204788421,0.316959141,1.955877503,-0.322242688,-0.340147591,-0.812418407,0.050821023,1
-0.70733247,-1.143965797,0.344556081,-0.628325096,0.252969934,-0.583642824,0.709868988,2.715768937,-0.698655873,0.703756358,-0.378168258,-0.219454259,-0.989982105,0
-1.395586032,0.241303578,0.10276061,-0.951298796,0.374944009,-0.72039276,-0.10685261,0.746742243,-0.807987302,0.754368726,-0.43050929,-0.221183028,-0.127867037,0
-0.9361454,0.887209894,0.037034114,1.658592016,0.620817201,-0.66565792,-0.536786471,-0.363895584,-0.072037248,-0.494610347,-0.68112696,0.615163204,-0.383565564,0
-2.11360035,-1.443878396,0.731214053,-0.904626697,-0.722537606,-1.760847733,-0.109066918,0.976952813,-1.283054109,-0.111464324,-0.899426245,-0.363413246,1.589689443,0
-0.884559551,-1.813540893,0.618778612,0.615742083,-0.809128899,-1.021476675,0.910077166,0.662841769,-0.738037964,-0.158726869,-0.525847764,-0.401670309,-0.362977078,0
-0.326540999,0.555486403,-0.349697515,0.557068466,-2.6533791,0.503738499,-1.006613262,-0.74639801,-0.655048945,0.211421229,-0.004859613,-1.317033694,0.309950979,0
1.05575233,1.639836386,-1.003979544,-0.1125634,-0.885170162,2.005427655,-1.982901045,-1.786494963,-0.106411108,0.854209721,-1.622763452,0.542610973,-0.83100556,0
-2.630337188,0.976670265,0.009328649,-1.171167668,0.526547779,-1.122991762,-0.943601716,2.022212563,-1.546865188,-0.1226551,-0.818524806,1.583717546,0.328766851,0
-2.558090199,1.641729838,-0.42164012,0.893347263,0.986761617,-0.358388978,-0.441475805,-0.082136664,-1.954214081,-0.121487105,-0.860002475,0.511555529,0.365431843,0
-3.134937456,-2.912191479,1.437747583,0.52678258,-0.633697467,-3.14204519,1.757310382,0.083764233,-1.685905446,0.505170723,-1.357840039,-0.25204902,-0.828945404,0
-2.536503427,-2.380532043,1.080216475,-0.965547686,-0.281520858,-2.345334769,0.811328353,0.058350713,-1.568583616,-1.258611533,-1.133969742,0.409182017,-1.690121208,0
-3.11489826,-3.215139273,1.537217935,0.151087807,-1.185700262,-3.255439015,-2.598089585,0.490298561,-1.671398514,0.133268674,1.14841983,0.137433521,0.427972467,0
-1.449857765,-0.924077588,0.406060697,-0.284896679,1.631218819,-1.014557919,-0.848056026,0.905355113,-1.04490998,-0.696886373,-1.173060858,2.530632093,-0.157409778,0
-0.89697026,-0.321022311,0.065896007,1.237959557,1.635001734,-0.295446351,-1.269189012,-0.126644554,-0.875095606,0.528383489,-0.264922248,0.769098565,2.589605672,0
-1.68001202,-1.792440202,0.727334122,0.969029154,-0.688149439,-1.504542488,0.747012807,0.652670269,-1.173352263,0.131277799,-0.762142727,-0.22064635,0.074164232,0
0.52673681,-0.774549564,-0.009166024,-0.812557552,-1.096592258,0.444782762,-0.113714346,-0.308885893,-0.138844152,1.310339858,-0.559330978,1.512402295,1.25790817,0
-1.54925009,-1.425636313,0.599045718,0.385835714,-0.476732471,-1.304719921,0.193927756,-1.239229844,-1.073157272,-0.6433098,-0.581230268,-1.112031609,0.532119279,0
-1.793675473,-1.281199715,0.594995629,0.919397858,-1.392632345,-1.416777338,-0.227369573,1.513615981,-1.187857576,0.410970441,0.136269635,2.060799193,-0.273316471,0
1.452258826,0.993414026,-0.824024993,-1.034488004,2.211993308,1.938753677,0.72089991,-0.507578573,0.160999414,0.033988038,-0.086985334,-0.140454079,2.371308044,0
0.373829246,0.505158511,-0.579950685,0.100808854,-0.429811923,1.245625119,0.526928531,-0.051625424,-0.597633957,0.212362054,-0.28261239,1.637755019,0.246728211,0
-0.741030564,-0.141301624,-0.031982072,1.033801821,-0.372316437,-0.091616182,0.407330144,-0.80609594,-0.824353421,-0.330264999,0.703201711,0.742706846,0.67767287,0
-1.816630614,2.953029381,-0.841356873,-2.026321055,-0.88789147,0.346775598,0.235520289,-0.961415321,-1.269466378,0.52056678,-0.999146178,1.010749933,0.962082933,0
-2.843531957,1.142573467,0.01016154,0.191442047,0.686846977,-1.244652939,0.695745792,-0.47697586,-1.607311344,0.358234594,1.883811031,-0.329441105,-1.364033165,0
-2.152825482,-1.966078111,0.922611101,0.363979987,0.534676971,-2.022801751,-0.050667598,-0.259272082,-1.277733087,1.617958694,-0.325694481,-0.131317081,-2.40971719,0
-0.937956381,-1.755908037,0.622010737,-0.233694778,0.119725029,-1.064452645,-0.47954174,0.846899721,-0.734388281,-0.545199679,0.556062024,-0.303582784,0.466196955,0
-2.833526691,2.379291512,-0.705539193,-1.985848534,-0.407438075,-0.053074554,0.861675044,0.080667259,-2.28107526,-0.14594335,-2.381191536,-0.534548515,-1.009005659,1
1.324009199,2.161720307,-0.753329184,-1.919439428,0.11433613,1.331092681,2.549581156,-0.271153556,1.079840137,0.377083553,0.103905144,0.427751815,-1.330639668,1
-0.427300264,0.550038025,-0.304057908,0.124433696,0.350177215,0.373083802,0.148750087,-1.412363091,-0.64470467,-2.318660596,0.032579875,-0.077125877,-1.196599389,0
0.954784138,0.921363929,-0.725756298,-0.692081231,0.606662724,1.597694347,1.107079461,-0.297214877,-0.106728891,1.98290569,-0.186712469,-0.048552219,-1.000871152,0
-1.764132748,-1.353660989,0.651088129,-0.390925905,1.943704825,-1.510010591,0.389849483,0.625787641,-1.090303727,-1.365602698,-0.481357394,0.33057713,-0.302673194,0
-1.050483327,0.780861849,0.45481614,0.656120456,0.50874072,-1.608732603,0.632506976,1.037679541,0.686083825,-0.568642311,0.820438144,-0.991017336,-0.874286957,0
-1.877424175,-1.303701786,0.87379908,1.037890915,0.714860034,-2.065302079,0.436824717,0.754235279,-0.652249167,-0.241203703,-0.618495685,-2.656773995,-0.037894257,0
0.711149688,0.403881344,-0.457598928,-0.961155035,-0.881509965,1.101038808,1.102432642,0.937564014,-0.104162429,-0.108803728,-0.930338835,-0.656584083,-0.613402726,0
-0.144282632,-0.487779471,-0.004212221,1.857697273,0.020072285,0.139250564,-0.237863667,-2.192568859,-0.499605043,1.444629835,-0.588600511,-0.073946408,-0.82834457,0
-2.845300928,-2.377276421,1.18263129,-1.076483506,-0.506577112,-2.667816086,0.356339227,-0.91292875,-1.606026279,-0.10695245,0.626454609,-0.327537667,-0.192206926,0
-4.352691793,-3.56067968,1.902868895,0.293493961,-0.820130458,-4.320376957,-1.193436588,0.249716496,-2.189873229,0.570267266,0.825317577,0.822677157,-0.263005056,0
-1.55370667,-1.305660667,0.557095086,-0.618343625,-0.985628254,-1.253008885,-0.282562468,-0.337489101,-1.081602434,-1.488026665,0.705867315,2.505848053,-1.298521603,0
-3.217732903,1.595304808,0.040402214,0.252927204,0.892840554,-1.580193772,0.81585351,0.639428042,-1.528239081,-0.170592665,0.407418035,-1.026434111,-0.507691978,0
-0.267632732,-0.287044254,-0.050141736,-0.046578546,-0.735180322,0.137321386,0.776665017,0.20443371,-0.560509024,-0.406905816,-0.700973798,1.603535075,-0.495279785,0
-1.903280135,0.683446812,0.50474479,-0.748372296,-0.321700312,-1.933761859,0.126596945,1.152233386,-0.019325194,0.615439251,-2.134921891,0.360190184,-1.698076148,0
-0.517293264,0.088257466,-0.135044337,-0.039107303,-0.879436051,0.126024445,-0.864235683,-0.286363786,-0.688830871,-0.476810687,-0.028948443,-0.833110262,1.248318443,0
-2.573110405,0.955981104,0.154712857,-0.231418061,-1.313272287,-1.428917379,1.458819136,0.656506083,-1.186144345,-0.127996975,-0.761455557,0.256360984,0.583729362,0
-2.342215553,0.930129265,0.626632363,0.614547238,0.797565623,-2.423443654,-0.295201253,0.73234808,0.055013512,-0.236817843,0.713298177,0.90723466,-0.385933127,0
-2.643866244,-1.926392018,0.983116747,-1.036936702,1.434247524,-2.315610986,2.644988062,1.601342523,-1.541152175,1.862274128,1.126187666,0.119809476,-1.704527742,0
-1.649542938,-1.671024119,0.703169699,-0.175690443,-0.58705991,-1.483597376,0.232980255,-0.50497613,-1.110316904,0.649857374,-0.350203092,-0.626938118,-0.171306475,0
-0.539478427,-0.823631706,0.203676438,1.304796027,0.784955461,-0.328244139,0.130263904,0.804752278,-0.629013427,1.466694834,1.179164796,-0.003846149,-0.5656263,0
-3.167862386,-2.654819558,1.332817607,1.418293034,0.826670812,-3.003979926,0.489449032,-0.014992425,-1.757939789,0.105836892,-0.725431592,1.467627001,-0.31923776,0
-0.411187854,0.451993313,-0.328842243,-1.535376274,-0.490548845,0.468373528,0.439033835,-0.447791209,-0.759439016,0.660217805,-0.493310383,0.133422635,-1.200364206,0
-2.396508054,1.555286427,-0.676456539,1.087791711,0.288165387,0.296456219,-0.671001745,0.095055224,-2.449370473,-0.605775415,-1.72434368,-0.55227449,-0.286872979,0
0.847408956,0.831884756,-0.634156414,-0.240027847,-1.534868109,1.390416585,-1.40141912,1.188823314,-0.061777039,1.045911589,0.182715526,0.501204182,-0.801551501,0
-0.099870726,1.143103376,0.528917607,-0.450981412,1.077822761,-1.629773781,0.462771045,0.136970041,1.952902794,0.486318962,1.534655689,-0.63432756,1.30608687,1
-4.083255972,-3.333156942,1.754984665,1.696057754,-0.490092469,-3.987191056,-0.560083888,-0.103040582,-2.116530114,0.43975803,-0.108286238,1.797144802,-0.046743734,0
-2.517154911,-1.325042544,0.731542488,0.530336119,0.394133239,-1.91974892,1.358447611,-1.784774569,-1.546002779,-1.710869005,0.133600442,-0.920822582,-0.777318039,0
0.072578361,0.335674097,-0.354458955,0.184561701,1.386291425,0.706878937,-1.75004197,-0.21586175,-0.481305028,0.122459776,-0.613257226,-0.832930215,-0.277384706,0
-1.419281215,-0.556249416,0.750066579,-0.678704132,0.613536129,-1.915061719,-1.144254816,-0.521088962,0.028232481,1.820034813,-0.021362372,0.668248124,1.094166836,0
-2.784183595,2.759913945,-1.169339114,1.942557589,-0.030070617,0.879276906,0.444372964,-0.652876119,-2.994438021,-1.345505146,0.571798123,-0.128789524,-0.115244782,0
0.61376372,0.507729566,-0.508409057,1.372277333,-1.487354984,1.151697289,0.829336939,0.700748152,-0.225676159,-1.167049338,0.232782138,-0.274799415,-1.180127442,0
-2.998533243,-0.446526883,0.894639066,-0.925731724,-0.094266341,-2.737044632,1.879050624,-0.074389184,-0.944563345,-0.184800299,0.542772416,1.590487761,2.424399991,0
-1.483499407,-1.042464525,0.646129676,1.214143636,1.219501243,-1.527108692,-1.30233724,-0.211113896,-0.624037022,-0.188685048,0.432776778,0.398830731,-0.194357847,0
-2.454163114,1.007947428,0.048896573,2.874082698,-0.278678903,-1.172885943,-1.544621169,0.427768944,-1.280893469,-1.400669855,-0.485110019,-0.318180718,-0.266016696,0
-1.652922367,-2.24372437,0.896609155,0.100225479,-0.407726356,-1.722105202,-0.427550292,-0.805992119,-1.106813076,0.487729253,0.39006809,0.784354216,-0.805402496,0
-1.304560745,-0.82993446,0.366952572,-0.296041108,0.013486111,-0.917018873,-0.632567301,2.466028674,-0.935490736,2.265215184,-0.745681378,-0.584378063,1.109441855,0
-3.660229504,1.011827322,0.32924979,-1.432019631,2.025284209,-2.157959313,0.606321533,0.196109292,-1.70217678,-0.447096598,1.55484024,-1.773354035,1.291997626,0
-1.393982785,-1.307572097,0.5115209,1.013346405,0.661989998,-1.102907382,1.230967321,1.704084289,-1.045803608,-1.312858608,-0.187784408,-0.322074059,0.188671573,0
-1.453503531,0.183587931,0.212416255,-1.197853745,-0.408915535,-0.965505778,-0.699318873,-0.466507527,-0.655621877,0.959575892,1.029758164,-1.143671302,-0.418009129,0
-2.876065748,1.17782292,0.017697468,-0.241134944,0.234313989,-1.283508793,-1.687741408,-0.745763744,-1.592497383,0.338625158,-1.08593632,0.434610716,0.648847541,0
-2.320243763,-1.696973574,0.834014487,0.861951408,-0.14498954,-1.964696812,1.040994062,-0.426139387,-1.421808104,-0.693605848,0.605239741,-0.770622653,-2.630950184,0
-2.337666794,0.725444268,0.630799108,-0.137100522,-0.61239986,-2.35968996,-1.066653369,1.794688947,-0.08447626,-2.894185058,1.192769002,0.274893009,-0.5810673,0
-3.576326825,-2.719905746,1.449750217,-0.694436196,-0.232438349,-3.36413321,1.268070601,-0.472582037,-1.90086526,0.421668498,0.506417696,-1.085607006,-1.140769466,0
-1.535247725,-0.891560619,0.429662637,0.345399466,-1.047012742,-1.104136452,1.483512247,0.764604786,-1.042245952,0.016191128,0.902456419,1.096646233,0.528768354,0
-1.637712243,1.722885897,-0.680810379,0.376524748,-1.773573442,0.466363122,0.744221899,1.804004099,-1.671396052,0.22977676,0.428771821,1.317021974,-0.173693376,0
-3.108931036,1.740554434,-0.164027515,1.639132128,-0.882678822,-1.136217927,0.934801663,-0.95616806,-1.783461056,1.854430901,-1.533001579,-0.722159162,1.134538331,0
-3.197852083,-0.177115163,0.521918213,-1.080057475,-0.537829068,-2.043915775,-0.859386131,0.030504815,-1.753745568,0.179127814,-0.648446135,1.21075774,0.494176289,0
-3.026088737,3.954090463,-0.903660599,-1.117757948,-0.180438535,-0.212438052,0.547769776,-2.093108147,-1.718057539,-1.796458721,0.509139476,-2.496829991,0.010197682,0
-2.690489464,2.206128574,-0.17514061,0.183101392,0.62242738,-1.153824952,0.29368119,-0.996874119,-1.095409114,-0.769502557,0.963132362,0.242152407,-0.70914659,0
-2.094988037,2.774749351,-0.636588607,0.086094372,1.505507149,-0.135280492,-0.089764887,0.153962266,-1.186208714,0.963917703,-0.901591259,-1.621136354,-0.051269615,0
-2.265094438,-3.139456883,1.34878129,-2.385160043,0.107449421,-2.609532848,-0.611290877,0.383827024,-1.295593382,0.190481869,1.373228864,0.736755958,1.491276864,0
-0.589883639,-0.167584201,0.002905729,1.670639158,2.18840947,-0.117900194,-0.477742179,0.430996136,-0.633709417,-0.467078472,0.328949477,-0.003656803,-0.825298299,0
-3.841990854,-3.664305547,1.834292618,-0.287673502,1.170091332,-3.981136279,1.231197181,-1.299485147,-1.975128889,-1.263498209,0.094785946,0.481780036,0.374867576,0
-3.40218516,0.930876627,0.620954154,-1.570913054,0.347488584,-2.716610919,0.87837297,-0.451983747,-0.882787757,-1.449518016,-1.471873843,0.913868903,0.190508982,0
-3.230703332,-2.880542182,1.432624858,0.900583003,0.311866916,-3.169170683,-0.314642176,0.430253017,-1.757398467,0.853663007,0.237483992,0.182096222,0.848847282,0
-2.413696514,2.877622272,-0.429390138,0.109583228,0.04103426,-0.733236647,-1.26394077,1.476693431,-0.922835983,-0.74244486,0.078612626,0.936680944,-0.300340548,0
-1.090284715,-0.968216929,0.347385436,-2.196541289,0.860335129,-0.762261539,0.591297915,0.73864683,-0.895513037,0.016362562,-0.319012654,0.527670472,-0.153852573,0
-2.059574009,1.501316959,-0.434570328,0.063193604,-0.112970476,-0.135936491,0.193921477,0.219870142,-1.652722909,0.466321649,1.422258509,1.03976229,-0.341618467,0
-3.781283381,-2.835465985,1.53602504,-0.821811648,0.939011512,-3.57832492,1.323911852,-1.595614529,-1.972545286,1.039017307,-0.614641484,0.277687147,-0.443193279,0
-1.49126503,-1.423371272,0.630116196,1.601175347,-0.258069576,-1.359249202,-2.455825732,1.158861262,-0.951119061,-1.932097266,-0.726783646,0.023407583,0.041576761,0
-2.12711398,-0.826890574,0.560023932,-1.244362484,0.794115935,-1.593225059,0.519733306,1.082956829,-1.218326209,1.674801678,1.144205159,0.254534301,-0.650233086,0
-3.072662213,4.665115722,-1.448164299,-0.816737932,-0.081736676,0.7592164,-0.404278244,-0.446454478,-2.44958434,-0.975021385,0.75775478,1.712307728,-0.128551034,0
-1.689348426,-0.045707846,0.481881175,1.118469411,0.544929188,-1.564098232,-0.006853995,-0.496899047,-0.428169151,-0.37295851,-1.144908258,-1.067416986,0.849381577,0
-3.66632003,-3.253356895,1.636117084,-1.594302822,-1.716303519,-3.625373682,-1.365356781,-0.811440491,-1.959563464,1.120598463,0.175884258,-0.197521705,-2.155974778,0
-2.068008895,0.176261547,1.128332756,1.529883488,-0.662188548,-3.217313733,0.516134966,-0.065310712,0.857300209,0.450598331,0.263035182,0.532372011,0.320935754,0
-2.576109114,2.502575226,-0.460171798,-0.884611304,0.439300037,-0.578556898,0.740321186,-0.197313753,-1.413723792,0.236138161,-0.063804558,1.322458642,0.047403551,0
-0.253555072,0.317279715,-0.277398393,-1.56025613,-1.431814697,0.444498733,1.022036056,1.512037142,-0.606935877,-0.469719905,-1.30145988,-1.047316627,1.43303262,0
-2.211547439,1.659550659,0.065088839,-1.381962785,0.787273695,-1.3684767,0.934274018,-0.137164911,-0.546234663,0.825952209,0.743009694,1.961104291,-1.660068149,0
-1.692358759,0.336463519,0.456681054,-1.025793585,-0.211502007,-1.6420467,-1.76858567,0.181615215,-0.20202258,-0.780975293,-0.875209201,1.042746633,0.044447919,0
-2.854867558,1.335395618,-0.070053917,0.538838704,0.426631786,-1.133735346,-0.184725912,-0.131594082,-1.653232341,0.477634391,-1.319728656,-1.90979767,-0.801937475,0
-1.878333131,2.252598101,-0.064005535,-1.728583776,-1.520693559,-1.187885267,-0.386005223,-0.859219276,-0.102150683,-1.173733399,-0.045744689,-1.146133622,-0.721716045,0
-1.444731722,0.457097947,0.057748725,-0.311265214,0.506410341,-0.708285493,1.624191328,0.794544798,-0.790790732,0.519502814,-1.662027378,1.833824729,0.499500797,0
-0.916439492,-0.307320521,0.073177615,0.460466504,-1.188291351,-0.322388467,-0.071739558,-0.266956307,-0.86553036,-0.700876816,-0.706818785,0.064956191,-1.478854695,0
-1.867131237,-0.793029958,0.468087881,0.902284319,0.845408558,-1.321625759,0.266327303,0.561821679,-1.172290537,0.334750001,-1.168169084,1.072315979,-0.274669394,0
-1.878820208,1.587714076,0.027336527,-0.175346415,0.643639708,-1.161645728,-1.380432082,-0.510218166,-0.394014589,-1.506987185,-1.198160951,0.654924448,0.446170944,0
-2.79815106,-1.71878023,0.927733709,0.420528022,0.121569161,-2.307440873,-0.91359605,-0.739943233,-1.645146642,-1.847982471,-0.225393047,1.046516159,-0.986364202,0
-2.672266278,1.684124436,-0.059882881,0.166438397,-0.663746447,-1.226606777,-0.616321989,0.909459172,-1.210606352,-1.941418067,-1.609502124,-0.090986138,0.305402682,0
-1.424462957,2.652590292,-0.664444938,0.2554029,1.067929102,0.164231514,0.604905223,-1.225454547,-0.754372187,0.348496252,-0.236828043,-0.46604802,0.744648949,0
-2.533207095,-2.868073882,1.309453282,0.814496159,0.659093101,-2.69300757,0.61742157,-1.823687654,-1.415356611,-0.153323368,-0.087946704,1.14862462,-0.245927039,0
-3.26857443,1.47268788,0.053893075,0.419874623,0.130086936,-1.582388779,-0.640514224,2.127004539,-1.633909089,0.935349819,-0.041220743,1.137910175,-0.330363462,0
-3.2113418,2.251381407,-0.657244312,-0.544528117,0.677840098,-0.226664593,1.596089292,-0.184454471,-2.598138358,2.457004443,-0.301264685,-0.572696151,-0.941802732,0
-1.914128114,-3.21654714,1.297031769,-1.28136783,-0.458041462,-2.363852253,0.769433237,0.380501708,-1.162773252,1.52852602,0.547397163,1.606519398,1.674843661,0
-0.136392079,-1.063126646,0.203944859,-0.116588138,1.818707025,-0.128452912,-1.191524141,1.408858598,-0.455214392,0.031196506,0.469319397,0.018149066,-1.434796421,0
-2.215829875,1.232298637,-0.454921205,-1.28245074,-0.033789696,-0.040375563,1.190401988,0.676248177,-2.035673785,1.098382329,-0.520215026,-0.943380685,0.182848655,0
-1.144340701,0.054033634,0.320302312,-0.543939767,-0.587451275,-1.075478178,-1.058061717,0.737322616,-0.240305905,1.025819533,1.237796504,0.487008968,0.092531392,0
-3.660382883,0.154444502,0.748486123,-0.336320372,0.204989147,-2.807608696,0.148942796,2.213277918,-1.401777638,-0.958703729,1.820967225,-1.339270315,-1.516858417,0
-1.869866249,1.652402512,-0.011952316,0.524035017,0.347882531,-1.092684056,-1.654146031,-0.477703716,-0.426052348,-1.330189516,1.263513043,0.85669187,1.796044208,0
-1.9131117,1.139404922,-0.402311209,-0.832401477,0.12159154,-0.03972871,-1.519411891,-0.432138114,-1.722637,-0.275945776,0.459033905,0.252365924,-0.415548271,0
-1.995454229,0.414939981,0.284895579,-1.160020382,-0.024171426,-1.367473539,0.519436623,0.392907359,-0.793542004,-1.136336223,0.587042424,-0.492654853,1.68397203,0
-2.261256854,1.722506415,-0.134715269,0.471195833,0.128931044,-0.951814615,-0.500155475,0.341475266,-0.990936155,-0.163793829,-0.521446528,1.067031357,1.738181115,0
-1.205342404,-1.447674054,0.561745817,0.56153697,-2.58678413,-1.113180233,-1.309778814,-0.359280929,-0.872980702,1.506410879,-0.366028412,-1.032048523,-0.075433077,0
-1.255958843,-1.076687152,0.426097368,-0.544934287,1.109196721,-0.950460131,0.260083147,0.167307489,-0.944565078,0.800865723,0.300965392,-1.001674622,-0.280280415,0
-4.230396055,3.468177024,-0.818380231,0.508148093,-0.937676717,-0.582591076,0.72465628,-1.268459121,-2.941145484,0.269456392,0.435797276,-1.229828905,-0.509144549,0
-1.908764688,-1.411710385,0.642220191,-0.1290539,0.29671707,-1.511235136,1.511452172,0.367430603,-1.279838024,0.509303058,0.678102626,0.033373169,-2.965955758,0
-1.548498871,0.124681433,0.127141102,1.371952051,0.756311291,-0.778834407,-0.50688735,0.160110891,-0.973882983,-0.528721633,0.587114397,-1.152866202,-0.392039869,0
-2.16347639,0.208239492,0.673524237,0.241267375,-0.911797882,-2.224674953,-0.060868377,-0.138417852,-0.222630764,0.224895795,0.058477068,0.881361487,0.266446076,0
-2.399351624,-0.586092347,0.607896374,1.204407956,-1.413177842,-1.864900025,1.77786714,0.568964385,-1.168876604,-1.603997615,-0.822407377,-0.641449318,0.143398843,0
-5.64325316,1.042722607,0.425434948,1.455328935,0.137541829,-2.959004344,0.781850358,1.393495297,-3.19498109,-0.055904033,0.612956084,-0.05326256,0.427455405,0
-2.124614215,-0.079681079,0.548682386,1.304940204,0.422118115,-1.829223343,0.898346125,0.0830382,-0.683749082,-0.351607428,0.242258157,-0.370427714,-0.84188435,0
-1.073887346,1.146857049,-0.423380088,-0.789532661,-1.040775105,0.247534546,0.306197425,-1.206870344,-1.03149171,-0.405578185,0.832918403,0.431911882,-0.930376379,1
-1.76399667,0.512563688,0.284669984,-0.640449976,0.068320413,-1.334478703,0.227639399,-0.270265384,-0.51904519,2.661859444,0.464851981,-1.329321282,-1.248688328,0
-3.559932379,0.946170647,0.289682923,-0.383752981,1.354210925,-2.016235674,-0.287707056,-0.860737988,-1.752384009,0.478499732,0.538963073,1.646283384,-1.100096963,0
-3.87076905,-4.512458786,2.103317613,-0.170165077,1.828720323,-4.301637072,0.184391175,-0.700238738,-2.029859688,0.13811211,0.111149899,-0.892802456,-0.948930983,0
0.661130467,0.306976469,-0.429577684,-2.136961684,1.196683674,1.057098391,0.546916649,2.517901794,-0.157317327,0.434920485,0.45881072,0.338943096,-0.170056709,0
-1.819407948,2.446217843,-0.669687246,-1.033215598,-0.073309782,0.134669046,0.397744965,-0.111447816,-1.265090715,-0.435318702,0.470118683,0.451046542,-0.109032675,0
-1.281354311,-0.282966775,0.354015693,-0.592332205,-1.055185945,-1.073095575,-0.039845423,-0.349471238,-0.535904514,0.222043548,-0.98914208,-0.356416534,0.07759839,0
-1.383029605,-1.47198287,0.565855653,-0.152290427,0.931184522,-1.165222082,0.650341663,-1.016904231,-1.03707321,0.470362206,-0.820974568,1.18590253,-1.261788813,0
-0.680916006,1.561840857,-0.77737166,0.018796192,1.858802636,1.017925386,0.259478823,-0.932559388,-1.172754793,1.160048429,0.445396772,0.548878516,-0.394090479,0
-1.383563901,1.519483453,-0.296972754,0.048163691,-0.505656278,-0.259343151,0.615037628,-0.361590466,-0.740111376,1.324277763,-1.2199309,0.029671825,-0.690528026,0
-1.166336993,0.042636837,0.013831423,0.796787606,-0.225122382,-0.382808768,0.868988155,0.722299971,-0.955640369,-0.997571917,0.520229119,0.784405431,-0.948063628,0
-1.630326187,-1.012051388,0.484907332,0.714308884,-0.049087395,-1.214528756,-0.067127749,-0.023494241,-1.091276998,-0.808614354,0.26705515,0.220848285,1.696044016,0
2.654323329,2.414742215,-0.589273228,1.827645759,-0.643076209,1.253951208,0.321994393,0.073804004,2.798521801,-0.514567336,-0.244761026,-0.59667465,-0.12016083,1
-0.393308658,0.041885624,-0.142528146,1.265171991,2.603712035,0.195050459,0.009842585,-0.196508799,-0.631971995,-0.789826836,-0.100190395,1.073800805,1.82350611,0
-1.666231222,-1.461864215,0.638260146,-0.119727767,0.824230956,-1.414672779,0.249271693,-0.21071626,-1.114373629,1.516869289,1.791287454,-0.255189262,0.728996512,0
-3.573941839,-0.33029117,0.543951259,-0.809275919,0.771394435,-2.148577665,-0.948354107,0.366612244,-2.147087387,-1.338799212,-0.627818746,-0.439155334,-1.17764267,0
-0.955948473,2.464903893,-0.577657458,0.251963604,0.138950573,0.168493842,0.715414041,-1.907219071,-0.29063981,0.813616536,1.436568352,1.454456957,-1.354292926,0
-1.275882029,0.575343741,-0.163683611,-0.476695354,1.073860424,-0.198944128,-0.247672081,1.033603509,-1.051884167,1.315534423,1.899749953,0.832990671,-1.748298361,0
-1.095762757,-0.888268027,0.298460228,1.856442316,-0.050907004,-0.680969846,3.132434695,-0.998232095,-0.950381382,-0.53400504,-0.360221269,-1.290450565,0.122094033,0
1.211893225,1.233846826,-0.498503441,1.705775978,0.623603491,1.046751264,0.704355808,-0.895706681,0.86095983,1.169845917,0.894839551,-2.012962057,0.411334622,1
-1.027818341,1.682926059,-0.091934261,-0.025411369,0.255354342,-0.679106996,0.826290125,-1.322172957,0.152601807,1.442940068,-0.071870786,-0.542660899,-0.408336681,0
-2.927749088,-1.976306852,1.074186207,-0.039739208,-0.110089974,-2.586501115,2.131614379,1.152658212,-1.621988491,-0.915406741,-0.719726761,-0.719553715,-0.98439156,0
-1.849454215,1.047092574,-0.096127982,1.021650835,-0.121041492,-0.683301884,-1.620960049,1.064456208,-1.048992956,-1.304645999,0.371816811,-1.066433475,-0.384468113,0
0.135770926,0.189078846,-0.28549499,0.135276182,0.085743879,0.620201056,-0.241187768,0.827315151,-0.380833057,0.842091831,0.493030048,0.496447097,-0.152557283,0
-0.025570481,0.749781035,-0.440456551,-0.638019259,-2.076483179,0.728144137,1.337375547,-1.10846465,-0.450805343,-1.768283074,0.895336922,0.860091699,-1.832651736,0
-2.313247591,2.736651314,-0.485425173,-0.051897387,-0.164047188,-0.527670482,-1.236893188,-0.194892812,-1.066086736,0.505692501,2.195973053,0.225562017,0.465238217,0
1.224710188,0.705336247,-0.680291597,-0.392051944,-0.917758042,1.648333211,-0.070284007,-0.095468667,0.069712933,0.041561617,0.593943494,0.546079754,0.098582337,0
-2.690362906,-1.69263513,1.2267643,-0.909369317,1.183668874,-2.963667854,-1.747363149,0.020560154,-0.860577327,-0.228978669,-0.311797783,0.105431123,0.797520112,0
-1.985838189,1.779130715,-0.202458271,-1.174978292,0.107980889,-0.73862233,0.996937721,-0.85618136,-0.860145399,-0.817539128,-0.063020238,0.620173127,-0.071711516,0
-2.623024908,1.961414541,-0.42065442,0.009347176,1.388088237,-0.491638511,1.911894164,-0.419231379,-1.770041216,1.361623458,-0.19377632,0.930510766,0.311408351,0
-3.212293266,1.84849209,0.201194094,-0.705985165,1.896604069,-2.032193046,-0.044598672,-0.755033996,-0.973705058,2.127297414,-1.845423885,-0.727949867,-0.354921354,0
-2.260245896,-2.193704861,1.018259274,-0.083099515,0.24548673,-2.190752164,-1.186012627,-2.230913008,-1.326873947,-0.534283051,-0.667834336,-0.888402876,-1.946253193,0
-0.246524866,0.519508126,-0.329467873,0.55811354,0.6067061,0.493581593,1.261536984,0.777675471,-0.566646417,-1.071041835,-0.79830065,0.780000832,-1.38768685,0
-0.955024762,-0.276802159,0.074154482,-1.646562184,-0.426584331,-0.346453792,-0.124117111,-1.269209526,-0.874249259,0.892255812,0.052002538,-0.257712832,0.132946268,0
-2.480005415,-1.699437955,0.894050252,0.561665329,0.274129006,-2.146068157,-0.273950017,-0.295433138,-1.428459813,-1.041489387,1.403120815,-0.914481092,-2.048145468,0
-0.771863489,-0.953130831,0.28890596,-1.182400835,0.995254395,-0.543082238,1.815741925,0.188281389,-0.737397012,-1.445878746,-1.233082828,1.22370789,-0.086508908,0
0.386920993,0.293258502,-0.379959913,0.946004561,-2.24939067,0.870289343,0.200737791,0.779375469,-0.295686698,-0.494520722,0.904232404,0.251269313,-1.857320945,0
-1.55284456,1.831378037,-0.231049641,-1.152901944,-1.426483157,-0.567222991,-2.067818376,1.515945146,-0.50717678,-0.613363601,-0.807380056,0.039864207,0.783468106,0
-1.83621937,-0.213739191,0.441105759,-0.817095459,2.014113723,-1.454980621,0.051358759,0.717931386,-0.773357049,-1.04143127,-0.812469832,-1.564101763,0.224816737,0
-2.091073622,0.823826543,0.278809402,-1.168720912,0.182258444,-1.524867541,1.06561526,-0.087904162,-0.585436448,-0.531705954,-1.090738058,2.587249135,1.331880304,0
-1.911645542,-1.163546041,0.873635501,-1.121279591,0.66758496,-2.124029745,-1.794443585,0.313123417,-0.577864576,0.66833323,-1.129485578,1.157421946,1.149477061,0
0.097640657,0.488691892,0.518153555,-0.264608296,-1.018860863,-1.318538176,1.284737869,1.200055965,1.612667805,0.753452101,0.603165809,-0.570256385,1.60000764,1
-2.086719579,0.649491984,0.13318357,-1.14609196,-0.4239413,-1.132131561,0.733907882,-0.841873351,-1.038521891,0.483980162,0.124158604,-0.25088418,0.237857934,0
-2.240206638,1.804104953,-0.812664046,-0.876289035,-1.866567683,0.563044906,-0.832396208,0.375827105,-2.432724716,-3.427575102,0.396533079,1.518020034,-0.223417248,0
-1.214260812,0.25305357,0.444354093,0.63215163,0.080385039,-1.446873471,2.203309815,-1.133946336,0.12554825,-0.141584419,1.770641872,0.716879535,-1.892084926,0
-1.922645357,-1.664095449,0.768897748,0.061990835,0.545971837,-1.71387345,0.297905957,0.971910993,-1.196159422,-0.005909585,-0.551525682,0.363782184,-0.422223755,0
-2.121861543,0.163607565,0.540422227,-1.322782975,0.779643852,-1.895146316,-0.35621245,-1.765521289,-0.518247425,0.479187531,0.723160113,-1.320793404,1.938190471,0
-2.721730312,2.866145453,-1.068793558,0.69550048,1.258618429,0.631965867,1.547856069,1.660747018,-2.635001414,0.710969407,0.094406007,1.452641277,1.076936071,0
-2.186807257,0.836453384,-0.359654873,0.199021113,-0.448287264,-0.109015958,-0.683690485,-0.569169778,-2.092108519,0.307027518,-0.377155783,-0.512818809,-0.682632022,0
-1.772114336,0.729217535,0.123747373,0.353508019,-1.189083707,-1.047976114,1.036244355,-0.19053729,-0.725443947,-0.562982714,0.594841021,0.538866824,0.121297709,0
-0.186617315,0.129789446,-0.183116808,-1.426375091,-0.79792197,0.315849598,-0.559556468,0.739545925,-0.476919993,-0.856194199,0.412899262,0.335969468,-0.989604834,0
-0.67872227,-0.203651086,0.017939855,-2.514312848,-0.024578869,-0.164955128,1.212933354,2.362658262,-0.704482581,0.845633839,-1.344200943,0.654218306,0.770699652,0
-0.114762348,1.128912214,0.522810172,0.579478833,0.966902537,-1.615235041,-0.130269175,2.521524431,1.915601011,0.897697112,-0.391506735,-0.20091867,-1.241911827,1
-1.163480002,-1.304035379,0.492591805,-0.774080307,-0.498875653,-0.994726509,0.966298853,-0.203100967,-0.884347024,-0.449713195,1.097225733,-0.39272413,0.027636128,0
-1.443460415,-0.565888727,0.282693669,-0.492448647,-0.522357731,-0.858747078,-0.088956104,-1.18943563,-1.048706218,-1.457145826,0.174878759,-1.953650604,-0.918415109,0
-1.982306747,-1.756511445,0.8321605,-0.777769006,0.891770996,-1.842092463,0.807768479,-0.048170662,-1.175313003,-1.385616054,-0.840161901,1.085993795,-0.69538165,0
-1.338810404,1.485955549,-0.233512906,1.27337849,-0.918199653,-0.37857041,0.210229599,-0.646821775,-0.583678545,0.54058077,0.04667534,0.326020807,0.007531312,1
-1.191211551,0.974079357,-0.693951833,0.410000616,0.660631123,0.887973055,-0.489634579,-1.423913841,-1.870007129,-0.760087928,0.733940944,1.081370667,-0.811055924,1
-2.960984819,-2.718155741,1.332236508,0.342290873,-0.36143127,-2.920736398,1.187152317,-0.976831542,-1.625872203,-0.428815553,1.393135224,0.098173026,-1.346379119,0
-0.2706563,1.013750024,-0.080790129,1.220721522,-0.602143623,-0.250919949,-1.900658814,0.029977122,0.339214064,0.80880276,0.932002504,-0.616252794,-1.05483561,1
-0.701163087,-0.594755976,0.116472992,-1.284177486,-0.416987296,-0.257515152,0.909512111,0.687610735,-0.794989192,0.139870266,0.983369633,0.807553014,0.932529486,0
1.929792342,2.062497865,-0.751374111,0.200355438,-0.532414086,1.536265834,-1.161877646,-1.620101484,1.539151182,-0.981448882,0.04858192,-0.580456443,-0.068375355,1
-1.924340161,-1.033603164,0.496666384,0.337243014,0.658458877,-1.318443914,-0.738375319,0.231718805,-1.337731364,-1.062844499,1.571847528,0.019013636,1.018637945,0
-1.716647214,2.085592885,-0.460503202,0.076832775,-0.621318375,-0.183411171,-0.18113209,-0.727622513,-0.97524625,-0.820290497,0.089733037,-2.089799189,0.962379407,1
-0.269469197,-0.588164366,0.037817299,-1.375159149,0.904470663,0.043080174,1.129394885,-0.106739209,-0.589568076,-0.216319707,-0.734816974,0.569745102,1.45076664,0
-1.332443167,-0.79466517,0.347550275,-0.081838011,-0.430043193,-0.893449581,1.062654645,1.381893875,-0.977040482,-0.381882867,0.051219485,0.027957661,-1.045835602,0
-0.031998789,-0.860060664,0.076283737,-1.154346485,-0.770220506,0.119849315,1.66907943,-1.493741741,-0.498879498,-0.555641663,0.281217858,1.109607057,0.855350025,0
-1.500491592,-0.073884428,0.610657656,0.391747092,-0.787146256,-1.791758355,-0.362538157,0.35887933,0.00464572,-1.693500295,-0.406395694,0.460097198,0.184485448,0
-1.818705283,-0.923875816,0.489460867,0.380554757,-0.122948845,-1.310168721,-2.663775197,1.784968556,-1.179733738,0.362966143,-1.147380242,-0.789888173,0.478144826,0
-2.231089483,-1.256764733,0.683357737,0.065224982,0.154104806,-1.751932296,0.548175644,0.569780012,-1.353332474,-0.162183359,0.150529046,-0.252395869,-1.97354091,0
1.353289639,1.229106089,-0.8787448,-0.018775151,0.695884022,1.951514729,-0.445416128,-1.438248513,0.127761195,-0.571715045,0.905722072,-0.153927278,-2.265078182,0
0.734240049,0.254455038,-0.459079897,-1.608874222,1.895530906,1.163540942,-0.493208384,-0.360069252,-0.198878076,0.636304696,0.482763585,0.955872424,-2.353232827,0
-2.891498179,2.925010092,-1.364338884,0.017237535,-1.961420409,1.23255132,-1.194731734,-1.080380337,-3.402409455,-2.260600297,-0.196204897,0.030851949,1.486163645,0
-1.937633437,-3.486480053,1.398160587,0.890004553,0.598398228,-2.505164623,-0.904754617,1.159344912,-1.157922793,0.770112399,0.55946522,0.324593444,-2.225207269,0
-1.43473133,1.910647372,-0.750544522,1.168232599,0.777640438,0.617115102,0.77600286,-0.033883843,-1.510426577,0.642931332,-0.12816917,0.58752529,0.870550717,1
-1.100910322,0.375299735,-0.109732532,1.013829126,0.038813523,-0.200557072,-0.272457258,-1.372318726,-0.92738785,-0.695400509,0.329695545,-0.366151038,0.240703225,0
-1.714504812,1.969267613,-0.328152629,0.402345148,-0.3420272,-0.442080131,1.36383488,0.549106505,-0.7632696,-1.15442395,0.862566501,0.579509316,2.024878609,0
-2.354588686,0.181592003,0.542493285,-2.236645153,1.16190862,-1.973297159,0.208457217,1.460556636,-0.703403254,-0.753232477,-0.440791696,0.376716848,0.691262491,0
-0.028716866,-0.89719631,0.147797115,1.29851186,-1.179453208,-0.028338324,0.41367407,0.406863927,-0.363285748,0.450263721,-0.27509172,0.557419401,-2.460889575,0
-1.22244384,0.7886564,-0.166761137,1.055365547,-0.312131368,-0.251470036,0.245409742,0.061343664,-0.852872294,-0.44271707,0.238558071,0.36086061,0.520865693,0
1.432185595,1.595033413,-1.018062127,2.030009945,-0.197466776,2.161694087,-0.563198925,0.358800826,0.157264575,-0.377887164,-0.338263259,0.266994355,-2.209993547,0
-2.091442024,1.937238563,-0.31856036,1.447454832,1.925128884,-0.561323413,-0.584661879,-0.372911404,-1.094820249,-1.390805668,-1.290000798,0.120063896,-0.71074398,0
-2.648771612,0.343643387,-0.171784236,0.088309013,-0.113142537,-0.495247756,1.345871058,-0.246159824,-2.441915564,-2.531583129,0.566120947,-0.693233337,-0.72016102,0
0.338978862,-0.265353137,-0.160663304,-0.598881262,0.682828956,0.555339073,-0.937684831,-0.048205887,-0.262564444,2.226786968,1.325759963,-0.396062854,-0.433557288,0
-1.43684401,-1.137094193,0.472937669,1.074825247,-0.729683949,-1.087649671,-0.08862791,1.070824517,-1.042527092,-0.159374128,-0.052939885,-0.620627339,-0.72035564,0
-2.079764104,1.341651104,-0.091038304,1.389953818,0.799903592,-0.864741111,1.39503314,-0.305563795,-1.018784472,-0.571362176,1.580814906,-1.426795033,2.280999338,0
0.709643834,-0.110274805,-0.312615834,-0.653701424,-0.290235269,0.952398168,-0.736000589,-0.391913327,-0.164035293,0.961039675,-0.260030473,0.822412669,0.318460774,0
-0.474448934,0.092700523,-0.132862687,-0.785788873,0.086692558,0.131876199,1.009338928,0.495033211,-0.643205104,2.305654507,-0.994466351,-0.27067588,-0.184218286,0
-0.840868527,-2.260053576,1.290338241,0.847761211,-2.321418259,-2.375002811,-0.384882373,0.492125051,0.473518522,0.916094402,-0.060237238,1.815957696,-0.112537064,0
-2.621142559,2.012488428,-0.459422947,-0.946027746,-2.253756415,-0.421115049,-0.936498313,-0.746520739,-1.817251002,0.990802856,-0.400735799,-0.39623531,-0.091420362,0
-0.255112781,0.358235463,-0.308651947,0.468270255,0.136599618,0.500541169,-0.236595294,0.735160407,-0.647842478,0.19493491,0.013915939,0.184180528,0.725011446,0
-2.539162675,1.023880678,0.02511946,-0.750074877,0.989274045,-1.149081398,0.221212334,0.703826154,-1.396572038,-0.948858807,-0.468515715,-0.936893028,-0.118339016,0
-2.277769328,1.209912719,0.142346916,-0.85910398,0.512819564,-1.404861006,0.194990292,-0.679847935,-0.766405972,1.584739643,0.045466526,-0.819247513,1.173928247,0
-2.347710928,0.287860866,0.277064172,-0.562590692,0.23396803,-1.406699593,2.246873118,-0.851690726,-1.213594351,2.54203398,-1.532942157,0.938157607,-0.785818401,0
-1.830343474,-0.156862677,0.681917055,0.747610245,0.101737206,-2.019371876,-1.680779625,0.332620785,-0.185464218,0.904149595,1.569685681,0.362184322,-0.524892566,0
-1.357571237,-1.248425316,0.497282474,0.414292767,-0.606694915,-1.080887445,0.536535301,0.608967902,-1.001796498,0.709963932,1.294331253,-1.408676924,-0.615057665,0
1.099068697,1.93370866,-1.068273384,0.408337379,1.350266396,2.060512963,0.956536709,2.478542012,0.006556059,0.330527959,-1.285169644,0.358935107,-0.562208422,0
-1.200992346,2.340136921,-0.637683821,0.693011016,0.589507756,0.277751913,-1.21423686,-1.367825298,-0.732450261,0.665824374,-0.510031155,0.852134023,0.885043397,0
-1.742651691,-0.974346253,0.463854712,-1.348031071,-0.604769043,-1.212432685,0.498383215,0.393668611,-1.208450983,-1.089236671,-0.324088195,1.092105399,1.083128314,0
0.381595122,0.356889375,-0.430653153,-1.332647064,0.666833965,0.961365787,-2.35263901,1.197230337,-0.366571508,-1.149707008,-0.453730866,-0.512675828,0.415124164,0
0.240613635,-0.373634124,-0.120294092,-0.088170016,-0.519277042,0.473444693,0.037584281,0.516851428,-0.338725847,0.759892697,-2.0010569,0.539365443,0.034446258,0
-2.689137648,-2.833498766,1.332204379,0.082329018,-0.423816295,-2.801729109,-1.093106892,0.713492802,-1.474664671,-1.171715089,-0.731681919,1.116481354,0.066262175,0
-2.189985072,2.621149049,-0.665513929,-1.616936437,-0.389319723,-0.043140314,-0.822076695,-0.207095143,-1.448736336,-0.02128038,-0.053940443,0.756875265,-0.926337467,0
-1.100000378,-0.588985505,0.229097572,-0.777745104,-0.98002512,-0.630008194,-0.790834622,0.657020629,-0.886274385,-0.367129045,-0.889098783,-0.075931542,1.393923414,0
-2.394361588,1.571539293,-0.288433734,-0.391178164,-0.158641026,-0.588587823,-0.772253071,0.28282816,-1.564769403,0.881013347,1.085918412,1.114234347,0.67703047,0
-0.354783044,-1.580979738,0.423328013,0.956520827,-2.029171255,-0.507086286,-0.690692569,-0.896161056,-0.540313602,0.269789024,1.070219785,0.976786387,-0.826279129,0
-1.977271306,2.55994054,-0.268493256,-0.468660509,-0.412744094,-0.860638368,1.232866791,2.036582357,-0.417899016,-1.104624974,-0.680721609,0.125132991,-0.919158658,0
-2.109564262,-1.35498361,0.686734666,-2.153679232,-2.603232522,-1.690035614,-1.881968327,0.467960975,-1.312960615,0.670366608,0.050900089,-0.725144649,-0.365373184,0
-2.150146632,-0.379320464,0.364481839,-0.454275988,-1.358637627,-1.313619285,0.473819045,-1.064442801,-1.343029862,0.246705051,0.369767063,0.569064074,-0.887084201,0
1.317119344,0.549216085,-0.633973555,-1.338269426,1.090319727,1.624785413,1.209542408,-0.800533187,0.137777498,-0.302145976,-0.253022152,1.601604847,0.785110059,0
-0.642908213,-0.186994171,0.003562571,0.584905305,0.148224658,-0.127869098,-1.410498774,0.413295393,-0.693030246,-0.532465911,1.083389519,-1.786089864,0.411475105,0
-1.606550729,0.582104651,0.038140399,-1.181530753,-0.987249232,-0.754405361,-0.3187389,-0.294764074,-0.882768103,1.35370984,1.474693985,0.001160987,0.691705114,0
-1.491374447,-1.963646604,0.76532789,-1.12232202,0.031644415,-1.476153754,-1.469103996,-0.252236128,-1.051195904,-0.375564898,0.789522179,1.380822594,-0.987874267,0
-2.879341626,-0.588258904,1.050381217,-0.570112416,-0.820796652,-3.006070743,1.082709774,0.239264176,-0.596858342,-0.08121201,-1.300479621,-0.584365531,-0.8573881,0
-0.529308256,-0.353802523,0.048861203,0.98895409,-2.270341758,-0.139237956,0.235014049,-0.973148736,-0.616727447,1.993562399,0.403983526,0.22481153,-0.287946183,0
-0.422606101,1.122487761,-0.542914103,-1.436069631,0.601483579,0.715054587,-0.391386866,0.707422833,-0.749147337,-0.474282807,1.014512666,1.165473221,-0.684398434,0
-2.312836608,0.302433414,0.514096785,0.425640513,0.437478989,-1.939297802,0.773155162,0.091320923,-0.640439399,0.30878636,0.391015835,1.056623198,1.853788259,0
-1.802170319,-0.854783778,0.446337159,0.114495539,0.339152299,-1.231870055,0.290027013,0.396150866,-1.210467953,-0.400743088,-0.829052839,0.385684921,0.301972494,0
-3.166927591,-2.188015227,1.188042955,-1.114398193,0.718157613,-2.839345523,0.884962666,0.155151975,-1.733449161,-0.888426299,0.053047032,1.46762502,1.962810898,0
1.074599698,0.887322388,-0.645176581,-0.640671013,-0.353013527,1.461477226,-0.601571496,0.899243901,0.153279712,0.693961709,-0.953911239,0.793878517,1.104873146,1
-0.280779122,-0.791417153,0.151252581,2.359452622,0.282126526,-0.146042363,-0.453715578,-0.572349238,-0.496675322,0.940229306,-0.859172358,-0.328590454,-1.008934346,0
-1.98482046,-1.18307389,0.593575777,0.492038666,-0.077221807,-1.503163606,0.801356634,-1.624859541,-1.284703391,0.682287349,-0.426560697,0.246676498,-0.290103438,0
-2.467602094,0.94643062,0.266726944,-0.281242906,0.017621311,-1.649150382,-1.561342983,1.92203694,-0.849817212,0.67654876,-0.580879138,-1.412583183,0.303016292,0
-2.616638344,-2.34041247,1.118875452,0.388487918,-0.654553783,-2.470213774,0.263711962,-0.298588688,-1.521871842,0.533841904,-0.99419135,-0.000941865,-0.604483709,0
-1.997242042,-0.344081111,0.300446855,0.735047735,0.132511697,-1.136668118,-0.735121513,0.405549671,-1.326870326,-1.355103515,-0.242653211,-0.713638456,0.473296903,0
-0.917333636,-0.741234565,0.257853506,0.896692951,-0.143356694,-0.58905077,1.749154663,1.12374418,-0.77590576,-1.959486789,-1.474271981,1.114471666,-0.169958844,0
-2.473126138,-0.66496237,1.086231797,2.092390289,0.648788206,-2.943246396,-0.074899576,1.147716247,-0.218957873,1.17521447,-0.085555683,1.387710636,1.853816176,0
-0.402616228,-1.002810144,0.262874149,-1.012435491,0.349292682,-0.36007778,0.601984854,-0.045237514,-0.510447072,2.419038271,1.954924459,-0.483123409,0.257206796,0
-2.453191713,-2.853414503,1.299178456,1.623158163,-1.228453812,-2.6517722,0.538322809,0.996178667,-1.357592191,1.019879839,1.960512636,1.619192165,1.05105068,0
-3.286663294,0.61114512,0.697658546,-0.844999909,-0.129894611,-2.744936412,0.448664705,0.175440345,-0.848509823,-0.116213377,0.254943841,-0.38480042,2.443202524,0
-4.523197051,-3.838082286,2.037771748,-0.962379292,0.547537657,-4.578065025,-1.798961147,-0.082691284,-2.243189595,0.259851744,0.791321954,0.233682453,0.137481535,0
-2.129990183,2.0859168,-0.309524457,1.175454012,0.165040637,-0.645155111,0.158549653,-0.804267921,-0.997210883,0.082590517,-0.129836326,0.139415159,-1.199446258,0
-2.14173025,0.948130383,-0.108681518,0.546968473,0.044206175,-0.70439122,0.832110217,0.307203946,-1.406270891,-0.774601348,-0.993825289,1.565103406,0.500333207,0
-0.217357524,0.518518055,-0.346467605,-0.080181571,-1.276777536,0.540895421,-0.555872776,0.224802489,-0.580056854,0.155184738,0.788134644,0.321484566,-0.055459585,0
-2.282469888,-1.748474081,0.874436144,1.289087257,-0.290472917,-2.027379296,0.764289675,1.450127749,-1.336577921,-0.870360665,-0.430936958,0.581104735,1.707645904,0
-1.752589277,1.346564707,-0.023117401,0.108069235,-0.260616656,-0.926113415,-1.443693609,0.153082255,-0.577018799,1.078110139,1.529094867,-0.324604549,0.025606155,0
-2.191898294,0.555348115,0.000195204,-1.124727639,0.129961872,-0.827817993,-1.55303693,1.110307176,-1.499035067,-1.402000623,-0.390640315,0.468357923,-0.393284137,0
-2.191106158,1.318709472,0.081706411,0.08582584,-0.063032424,-1.28055254,-1.342090905,0.139537469,-0.745560319,2.377224293,0.318548612,-0.336185804,0.191080437,0
-3.008570681,-3.18456673,1.509751904,0.451617199,1.479576537,-3.173216113,1.280609976,0.29520709,-1.61734802,0.019282945,0.105281477,-1.06698919,-1.242079186,0
-2.361547781,-1.600605796,0.834603617,-0.810512523,2.994536298,-2.011795193,-0.187950256,0.825768229,-1.384610199,0.010243323,-2.75732575,2.053011624,0.603646366,0
-2.666747432,0.739501896,0.125334426,0.636669941,2.017370472,-1.313272578,0.307815014,-1.519419146,-1.495444184,1.083271199,-1.228487318,1.907263509,-0.176969334,0
-1.975263133,-1.81844875,0.783282634,1.517815324,-0.389066929,-1.707461684,1.435508449,0.846566244,-1.32506793,0.199709356,1.195940165,-0.603322385,0.753220417,0
-0.584105566,-0.06181913,0.498999252,0.073104254,0.413647898,-1.278417487,-0.948621901,0.318159327,0.563364067,1.173900932,-1.018037672,-0.137785861,-0.835601241,0
-1.680424368,-0.767660993,0.410502699,0.68930895,-0.446517039,-1.146083317,-1.305908251,0.920457287,-1.119510841,-0.201067479,0.490251666,1.248347265,1.258658218,0
-2.836249058,2.461909158,-0.122044098,-1.506214871,0.018073473,-1.406122625,-0.002467849,0.531698734,-0.91260609,-1.290368383,1.203874742,0.299164567,-0.301513645,0
-1.566996419,-3.068331713,1.197083704,-1.598573562,0.789334773,-2.089106927,0.111838865,0.902321752,-0.97323761,-0.815166671,1.095890781,-0.188829843,-0.113645208,0
-2.306420887,-1.082868879,0.622595676,1.383498055,-2.260348295,-1.696945147,0.106860498,-0.805477265,-1.425620689,1.74517138,0.979749193,0.742906111,-0.05895133,0
-3.381803388,-0.114028744,0.496858946,0.426367819,0.46614713,-2.062310769,-0.765134667,0.343048531,-1.923507613,0.037014377,-0.427110549,0.003773857,0.244241053,0
-1.087579177,0.01609205,6.86E-05,-1.648956686,0.643898695,-0.319554062,-0.841484992,0.446539969,-0.937561702,2.332117702,0.739661091,2.099379811,-0.741310894,0
-0.044319494,0.815362921,-0.479563297,-0.006579586,1.180124298,0.78838725,0.843147983,-1.206383562,-0.505959161,0.345756636,-0.855052657,0.197656293,-0.537443766,0
-2.931795162,-1.886278343,1.03780572,0.93082306,1.184086369,-2.536785359,1.36350402,-0.621587934,-1.639935143,1.552264914,0.182060488,1.471642703,0.991756519,0
-1.343341342,-0.55581619,0.238513201,-1.068280007,-0.02135759,-0.733210213,0.819428281,1.201100491,-1.052883486,0.573960818,-0.104767289,0.451601636,0.195000077,0
-2.636061417,-1.632845477,0.874490828,0.424311273,0.037528849,-2.170119787,0.719474731,1.237973745,-1.558904962,-0.358210497,0.18795342,0.759607968,1.220120253,0
2.430659352,3.656359591,-1.158871537,0.892802571,0.75122102,2.045069696,0.255909471,0.711229867,2.252168482,1.772645259,-0.585364586,0.710055485,1.110127784,1
-1.173493831,-1.275606501,0.504967339,-0.89091409,-0.819332642,-1.035665418,-0.632914386,-0.161979184,-0.844101046,1.206676498,0.183969141,0.315881781,-2.145758963,0
-1.195701178,-0.555232841,0.223140839,-0.949777854,0.097968546,-0.655962313,0.845849401,-0.720436218,-0.958011514,0.252995214,1.909132537,0.558859578,1.072711305,0
0.768022388,2.232289706,-0.343021518,-0.081808946,1.028415891,0.215422623,-0.860825365,0.708353057,1.567601506,-1.416457804,0.002123899,0.087547288,0.670796233,1
0.034132115,0.510908043,-0.393826984,1.014949739,1.273088501,0.723519598,-0.812657113,-0.355515491,-0.472383254,-0.771148584,-1.525165596,0.618575284,1.144135283,0
-1.714429225,1.456310345,0.604987291,-0.643248431,0.370502011,-2.378060989,0.552943189,-0.274832378,0.947492746,0.047888783,-0.281688321,1.317058678,-0.181734245,0
-1.608820328,-0.094555954,0.162931133,-1.509239973,-0.321506795,-0.800398416,2.149297249,0.292443591,-1.109932999,-1.637973732,-0.879853443,-3.427655528,0.73483943,0
-2.559594335,1.127836544,0.629001821,0.477123171,-0.54556815,-2.560966888,0.652373381,0.423462492,0.018105033,-0.991345748,0.22854777,0.033703812,0.940399569,0
-2.23402943,-1.429619296,0.718503559,1.036420964,-1.171241664,-1.771772732,-0.114822723,-0.229332618,-1.406091618,-0.955380237,2.060495992,0.210872664,-1.113154853,0
-0.650231887,0.202598357,0.131968947,0.496701612,-1.456937546,-0.558015901,0.868054654,-0.250854661,-0.120468539,0.270049613,1.398624611,0.549751222,0.162615624,0
-3.111064502,-0.324305408,1.086743925,1.150703275,1.109578242,-3.248089008,-0.153449851,-1.010600041,-0.520566238,0.133484495,-0.516397485,1.75404305,0.537984273,0
-2.280646588,0.575947916,0.75792434,1.17607906,-0.11772949,-2.579027137,-0.04085234,-0.445792715,0.138934178,0.147225011,-0.315039087,0.69007316,-0.709841365,0
1.450169189,-0.983209199,0.00700782,0.088055073,-1.292206806,0.747783906,0.649081405,-0.069302132,0.548054434,0.444438519,-0.721458198,-0.356156157,-1.217341185,1
-3.010740993,2.127152597,-0.478604377,-1.140082601,0.613122499,-0.530280638,-2.019849853,0.633715901,-2.114900492,0.735468509,0.029621142,-0.983032987,-1.063441866,0
-0.725808195,1.063566797,-0.454878112,-0.384594838,0.625326263,0.448633674,1.281611112,-0.871189954,-0.860383952,-0.793013327,1.074337878,0.832043046,0.352936542,0
-0.240465152,-0.232307548,-0.066395051,0.182326167,-0.137110493,0.162792891,-0.246564188,-1.152389174,-0.53238736,-0.856090139,1.212359467,2.301033609,0.738746221,0
-1.434567674,1.362565483,-0.190189518,2.244898414,1.145216687,-0.461105188,0.698903792,-0.04426012,-0.662214288,1.55359481,0.385108032,1.006240747,0.818908306,0
-2.653690325,1.827244225,-0.078363487,-0.96673453,-1.959181609,-1.229605239,-0.391303104,-0.399330023,-1.129000863,-0.400865335,1.299631285,0.12592382,0.506636455,0
-1.279587948,2.989919803,-0.795789573,1.161783201,0.552994158,0.385408521,-0.270950673,0.650536489,-0.67071465,0.616044397,-0.70379672,-0.838985563,-0.262352554,0
-3.428911384,1.540491,-0.234628463,-0.209952784,0.549526674,-0.998150598,0.391081509,-0.734910151,-2.370649395,0.257256047,0.191007634,-2.005312397,0.313935072,0
-2.934164162,2.80055971,-0.695804039,-1.680779276,-0.50112851,-0.252144417,-0.194270805,0.947730113,-2.032610291,0.517028563,-1.164311774,2.886548062,1.05125221,0
-0.230101519,-0.407390354,-0.014870886,-0.656695332,-0.5691959,0.110430242,1.598376761,-0.461868255,-0.538445171,1.49069544,0.000823943,-0.78705269,1.908576176,0
-2.227142075,-1.836127202,0.863805312,-0.862681386,-0.458828658,-1.95652364,-1.326619362,-2.29515244,-1.37755368,0.99568453,-0.251780191,-0.531124126,2.102884071,0
-2.257730487,-0.497946622,1.054419471,0.488786474,0.703807382,-2.867625318,-0.472412144,0.592421007,0.022448555,-0.976931821,0.128107602,1.441646183,0.288609651,0
-2.834589388,1.983780063,-0.18291437,1.420999164,-1.519411876,-1.099671207,-0.845198114,0.556868317,-1.404683908,-0.75189363,2.278108623,0.321544639,1.333566822,0
-1.448983186,-0.258696853,0.169683027,-0.314475797,-1.683530003,-0.711949609,0.558181076,0.939566764,-1.077748049,-0.937529558,-0.89330261,0.527826553,0.361382728,0
-2.451269167,1.829762313,-0.381849342,1.569584066,0.861097989,-0.483852226,-0.623180315,1.01862451,-1.631276839,-0.668433031,4.479084251,0.051076304,-0.853218118,0
-0.796923822,2.479422763,-0.614051586,-0.419259947,0.101806437,0.291804419,-0.395803834,-0.197839934,-0.22258833,-1.233671656,0.27295733,-1.059751215,0.779885354,0
-0.408580721,-0.226536528,0.129809793,0.628830717,1.058363504,-0.332683978,0.043469775,2.131209758,-0.234668194,1.190794708,0.27855578,1.779171797,-0.000438989,0
-1.707641808,-2.251555417,0.911209376,-0.053467436,-0.024197702,-1.768250543,0.76934561,-0.307526435,-1.127685266,0.487539993,0.031592886,1.747087219,-0.092075426,0
-1.353632875,-1.272242832,0.469705051,0.523604586,-0.545818377,-1.008846116,-0.867261118,-1.331060812,-1.078013129,-0.857047716,0.136950307,-1.575685493,-0.295771277,0
-1.662361353,-0.806262406,0.394996883,-0.891111298,0.333409742,-1.092150678,0.907909408,-0.177500396,-1.167345625,-0.001866146,-0.333381504,-0.511860057,0.809873446,0
-3.254519265,0.729789262,-0.042593014,-2.917362861,-0.293814666,-1.098598203,0.82948759,0.661515205,-2.392740249,1.549964227,0.937872257,0.684682688,-1.074913294,0
-1.810402555,-0.395909331,0.289209906,-0.20101699,-0.157437209,-1.039081862,-0.479531396,-0.379186605,-1.227617708,-1.071490798,-0.142558687,0.779851745,-1.035526751,0
-0.734292538,-0.184908965,0.016967595,0.195907495,-1.877462836,-0.185363976,0.05420388,1.862276655,-0.74119856,0.377751113,-1.047726901,-0.667369699,0.230409535,0
-0.748045555,-0.407508547,0.088550584,-2.111400445,0.962391147,-0.27348392,0.139369122,0.885153245,-0.758785376,-0.501858507,-1.755852948,-0.483653307,0.503078151,0
-2.6539467,1.309044448,-0.417100052,-0.352964231,1.198573671,-0.279489865,0.933342304,3.611350063,-2.276105882,0.473007955,-0.542115787,0.484577193,1.042128309,0
-3.430628426,-3.012240758,1.532152988,0.766722923,-0.480527906,-3.406298437,-0.813557454,-0.756911412,-1.80699712,0.659298987,0.945997963,0.105146984,0.659226896,0
-3.146308083,3.103622242,-0.572641668,-0.084670897,-0.669366239,-0.699094176,1.751409074,0.896707778,-1.715274106,0.460788848,-0.393392438,0.835969924,0.99501758,0
-1.680501132,-0.857928845,0.416123583,-0.401906596,-0.812607377,-1.127148005,-1.037494407,0.212896028,-1.174357363,-0.011350013,0.834291982,-1.637602635,0.487124085,0
-1.811428206,1.608701327,-0.198448004,-0.379479256,1.763404046,-0.637543408,-0.361464329,-1.521442092,-0.82608076,-0.260870801,1.684170406,-1.161244452,1.07735981,0
-2.333662771,0.011530791,0.615124852,1.131287106,0.435394248,-2.072243685,1.579717467,2.323069327,-0.649130677,-0.022766671,-0.29205403,-0.204402607,-1.021983535,0
-3.084195003,-2.233363385,1.19572159,0.845989687,-0.599149098,-2.816964764,-0.06869457,1.042648526,-1.677829961,-1.22190746,1.183766106,0.589151939,-0.707712373,0
-2.942843337,2.014867628,-0.668731938,-0.867314509,1.932963175,-0.040086302,-1.191648539,-0.289998884,-2.566019279,-2.100514316,0.652880371,0.005883778,0.129002758,0
-0.143383201,0.732366049,-0.398955399,0.749479524,-0.512233508,0.606157973,-0.206244095,-1.310512565,-0.473572169,1.448963246,-0.24782181,0.16880381,-1.405198036,0
0.07126425,0.232037862,-0.28224723,-0.404190614,0.133407839,0.579138482,-0.342789901,-0.587937482,-0.397804958,0.550086714,-1.546812682,-0.829770971,-1.262365773,0
-2.13967645,2.158603351,-0.486017234,-1.438690415,0.890470089,-0.273230034,-0.27431131,0.556270859,-1.347394661,-0.864961948,-0.28297246,1.92507583,-0.338198417,0
-3.387888752,0.68720881,0.172075912,0.244412759,-0.495280949,-1.608941839,1.034011254,-0.038171505,-2.059349386,0.113866894,-1.572782833,0.539611899,-1.958604597,0
-2.450605515,1.000379992,-0.081028311,-0.275013472,0.823011357,-0.87455921,-0.810738328,-0.911434139,-1.574944178,1.285028827,-1.640215589,0.649538639,0.777410116,0
-2.116887975,-0.131843646,1.305807162,-0.392759922,1.327697863,-3.525674731,-0.195791701,1.290160024,0.982788765,-0.504978235,-1.118846518,-0.98765833,-0.682238995,0
-0.324506585,1.214836049,-0.062294101,0.098843508,-0.077779631,-0.379026617,-2.171124378,-2.05935428,0.483812023,-0.887896352,0.964902759,0.802191783,-0.770954009,0
-3.153412888,1.305957782,-0.264915618,-0.471113024,0.715223268,-0.767615135,0.850245519,-0.565387209,-2.373118743,-0.554644108,-1.850377685,0.089004111,-0.392561677,0
-0.468032852,-0.125798486,-0.077268755,-0.333091533,-0.770785046,0.08439429,-0.760554826,0.493555084,-0.675991968,-0.062423293,1.40430229,-0.843539239,0.074345756,0
-2.064299356,-0.961596389,0.516974275,0.160571609,0.11391989,-1.430164313,-0.871753798,0.379838247,-1.360628975,0.069134463,-1.76272264,-1.098121341,0.688673757,0
-2.119708943,-1.167457517,0.612762688,-0.398439595,-0.919125189,-1.591073253,0.197441085,2.392326681,-1.347787229,-0.767911281,1.240527155,0.131767492,-0.318243035,0
-0.97991063,-0.439243955,0.144454064,0.497265528,-0.845272007,-0.456003859,-0.781080854,0.344643003,-0.859525653,-0.332196365,-0.85620026,-0.304531749,-0.415970884,0
-1.907093635,-1.310172745,1.09065009,0.532123991,0.9927793,-2.56336128,-0.788237465,0.965899264,-0.196448216,0.275330561,-0.762250033,0.370169635,0.426442716,0
-1.557212618,0.152639496,-0.137438771,-1.289025228,0.870084507,-0.191155784,2.195285064,0.329174673,-1.554248105,-1.54883128,-0.534622095,-0.358179097,0.884177461,0
-4.2790404,1.656380519,0.060740654,1.409744807,1.047854514,-1.953936236,0.957263076,-0.156247773,-2.363796979,-1.633437411,0.983906155,1.651233972,3.038281614,0
-1.017956578,-1.51102354,0.513902389,-0.494973498,-1.4513895,-0.928373935,-0.205407763,-1.172013258,-0.863985013,-0.941297759,1.622920795,2.210017743,-0.772295543,0
-1.723294266,-0.586135131,1.069503092,1.288130526,-0.402169157,-2.71668266,0.989286076,0.906679032,0.457149454,0.526503118,-1.54268199,-0.436080217,-0.637211825,0
0.668102018,-0.117508725,-0.288727157,-1.112629537,0.275297351,0.888780322,0.260281473,-2.269747705,-0.152114142,-0.995650388,1.393835455,-1.073333837,0.225030541,0
-0.965878552,2.729404072,-0.894686099,1.486159237,0.25223148,0.791684617,1.548917953,-0.715337569,-0.813150331,0.620997566,2.743112872,0.188670448,0.939029157,0
-1.73645539,1.196761927,-0.086421259,1.499287758,-0.74856322,-0.725284446,-0.905828763,0.115661018,-0.81680005,0.865034481,-0.217825815,-0.108165247,-1.844216704,0
0.656730951,0.114421874,-0.356697121,-1.448445302,-1.10170976,0.958181542,-0.049225507,0.668189243,-0.141394321,1.647890642,1.554376088,-2.034639238,1.385360172,0
2.417737959,2.135552284,-0.613754083,0.418275113,2.062681918,1.339277014,0.458044276,1.882974781,2.328563071,1.533121243,-0.150159727,0.809636093,0.039600777,1
-1.927908544,2.284956513,-0.160618949,0.327818716,0.499414608,-0.994452911,0.492523446,-0.405736502,-0.338052824,0.853060456,1.127924986,0.010693312,0.354406567,0
-1.771610025,2.194251669,-0.391855461,-1.397055023,1.655042221,-0.393109528,-0.847671949,0.734529218,-0.788099194,-0.085176092,-0.863212759,0.396705692,-0.19365828,0
-1.875865791,-0.74794297,0.449455637,0.291340549,1.021493928,-1.297727211,0.365024029,-0.178959943,-1.188062101,0.163302791,1.009096134,-0.080932458,-1.340324262,0
-1.435780294,-0.602535694,0.295337452,-1.946522163,1.219544191,-0.872333587,1.696190611,-0.810488265,-1.040990504,1.573382576,0.49120747,0.120335001,0.801705269,0
-4.563049705,-4.9587636,2.425773529,-1.520706242,0.482377919,-5.075856094,-0.392025127,-0.312034923,-2.244107284,1.489058981,-0.268016257,1.048743863,-0.791869832,0
-1.348644615,2.659381771,-1.192324776,2.012030028,0.077158026,1.38083978,-0.88094941,0.518834545,-1.86747852,-0.119705733,0.14799561,-0.141343205,-1.182520022,0
-2.96368178,4.329641429,-1.290290197,0.744633047,-2.634318248,0.550457125,-0.833339073,0.153440953,-2.250654174,0.897197552,0.114897213,0.17650569,-0.158847996,0
-2.909226557,-3.464007139,1.594728091,0.334889026,-0.59107751,-3.239118592,0.976440605,0.83693173,-1.548558237,2.23324053,0.339064981,0.987778111,-0.659527675,0
-2.373991657,1.252542839,0.03392322,0.991613661,0.404115711,-1.201709865,0.096653917,0.411021055,-1.061872369,-1.650721134,-0.946985279,0.013668458,-1.188435591,0
-2.536765314,0.688898684,0.243723786,-0.666479927,0.669044742,-1.526484325,-2.490281708,-1.537067987,-1.154089862,-1.377625656,-1.550376871,0.126255873,-0.612857995,0
-1.064118174,-1.112101623,0.411791013,0.119213318,1.77022526,-0.850235293,1.232579729,-0.77310236,-0.835577954,0.743756398,-0.932884521,0.428741095,-1.526033753,0
-2.220078233,0.672670747,0.401049725,-0.238629715,-0.283015528,-1.786208666,-1.059597505,0.300286892,-0.536671295,0.799518849,-0.031462224,-1.195256799,-0.460059242,0
-2.176846338,-0.95289921,1.22110795,1.153327763,-1.111123766,-3.062515097,-0.052554162,-0.579305309,0.127421751,1.770957553,1.431635987,1.342776964,-0.270505304,0
-2.959441696,-2.726289837,1.321222484,0.182316345,0.742947636,-2.892456816,-0.763769517,-1.606022213,-1.655309075,1.693941704,0.190628049,-2.334335819,0.990173665,0
-1.776294137,-1.346042307,0.637978041,0.593485822,-1.084058737,-1.486463862,-1.760133468,1.586002421,-1.124650459,1.375308643,-0.413076534,0.368873489,0.492790928,0
-1.704612345,0.530906965,0.50205712,-0.366480126,-2.197186941,-1.816778758,-0.332644446,1.26341754,0.034250384,-0.415212643,-0.084043412,0.85440678,-1.077618965,0
0.308649706,1.839672782,-0.952455994,0.66607948,1.233551713,1.602869786,-1.879384706,1.072099098,-0.494026521,-1.725509601,-0.312102092,0.42839861,-0.949402363,0
-0.605623568,1.138463609,-0.295402139,1.78979077,0.532596488,0.095340739,-0.54721844,-1.521432981,-0.341706749,1.114082436,-0.591645815,-1.117894339,-0.784111534,0
-1.718659492,1.642277362,-0.422915113,1.476114875,0.231669939,-0.113529523,-0.752719242,-0.314500393,-1.223632497,-0.303863429,-0.217655121,-2.316444857,0.622861485,0
-4.073045203,0.05116013,0.888349339,-0.204050447,-0.252277129,-3.207558617,1.381719724,0.486772292,-1.525437779,1.65073531,-0.548215069,1.013171298,0.157983778,0
-3.962581245,-2.845461816,1.608141868,-0.932545318,-0.201197369,-3.790661155,-0.692537489,-0.902097397,-1.976520382,0.142255226,0.088787315,0.49435948,-1.82698012,0
1.790524778,1.908278958,-0.289294373,-0.21133091,0.185706625,0.502354941,-0.734216449,-0.569016726,2.339152885,1.078608866,0.425730431,-0.853922283,0.553661971,1
-1.759650108,-1.011765134,0.497566896,0.854047336,-0.798541821,-1.280646123,2.086388959,-1.702705646,-1.175591691,0.161449644,0.779801539,-0.743278338,1.301299425,0
-0.356418584,0.093947947,-0.164298041,2.403327669,-1.54933439,0.236776488,2.033067651,0.642109207,-0.609734106,0.626448171,0.797988368,0.471091176,-0.078925311,0
-3.201440826,1.354999764,0.140840409,0.195205244,-0.728496734,-1.718865222,-0.929847713,0.668393371,-1.468065895,0.609350896,0.632079384,-0.891359681,-0.438067366,0
-3.059554582,-0.575533929,1.384678811,-1.053172594,-1.221575491,-3.820645462,2.206012462,-0.29860016,0.005322099,-1.28518643,0.964631255,0.713173242,-0.022411243,0
-4.225870841,0.794962589,0.073653074,0.533302173,-0.656293316,-1.665327776,1.731825927,1.420957865,-2.931500389,-1.195018347,2.833580429,-0.605808574,-0.774932538,0
-0.243068587,0.914586822,-0.27860682,0.64064432,-0.402939849,0.240474345,-3.093225675,-1.152734151,-0.15456098,-0.269295226,-1.722743325,0.076375589,-0.262207124,0
-1.483391855,0.323179908,0.43438172,0.309729503,0.274536188,-1.526527792,0.231461582,0.566465484,-0.07949138,1.458979817,0.269423452,-0.328553252,-0.108334847,0
-1.946220674,-1.830957545,0.828266317,0.464174217,-1.104934621,-1.796703664,0.737189525,0.302137643,-1.208116941,1.706043309,0.048997968,-0.724218566,1.026416176,0
0.890370214,0.053185709,-0.389300339,-0.449645736,-1.157836589,1.121027233,0.861530197,-0.510166985,-0.056236141,0.557849821,-1.696002187,-1.076092846,0.924788209,0
-2.215200639,2.643969252,0.040887569,0.947057742,0.696888142,-1.660400918,0.219812853,0.481818378,0.131208608,-1.226205076,-0.820001964,-0.029965957,0.523913321,1
-0.781589899,-1.598190556,0.512255685,-1.032423336,-1.265587989,-0.82583675,-0.075570558,-1.565663697,-0.726348179,0.504393876,0.926479121,-0.635989478,0.426416687,0
-1.186785022,-0.284559422,0.150380546,-0.47296396,-0.207013479,-0.583452636,1.185586012,-0.802060159,-0.911399696,-0.046561402,-0.486684177,0.391177016,-0.426339803,0
-2.377198839,2.946923724,-1.213482049,-0.068100574,-0.407421198,1.031108741,-0.136778867,0.16866776,-2.598465158,-2.155362671,0.427947441,0.332059121,0.235552211,0
-3.122459969,1.783985638,-0.19721176,-0.366119689,-0.142826639,-1.080120012,1.378357221,-0.724674212,-1.837305267,2.847009589,-0.467609533,1.717580205,0.639362843,0
-1.603845084,-1.300783153,0.559290953,-0.430628602,-0.832954018,-1.274165777,0.701949172,-1.617961058,-1.116817669,-1.256665639,-0.022560116,0.26865081,1.741850304,0
-3.042129969,-1.944716913,1.068097299,-1.550634014,0.657840799,-2.616784745,-0.686604518,1.513032038,-1.711949183,0.26164755,1.822199071,-0.406895782,-1.265474493,0
-0.968249419,0.102073317,-0.032895231,-0.239206213,1.417726634,-0.240573492,0.290345315,1.388277303,-0.843125941,-0.002854244,-0.973075139,-0.694187069,0.588621936,0
-2.584438976,-2.797192706,1.302204985,-1.040045381,0.235400251,-2.716244739,-0.210684919,-0.124909605,-1.423440191,1.419302649,-0.022377334,1.416142382,1.795058967,0
-1.390793541,-0.752986787,0.335712949,0.645990042,0.010202128,-0.898076552,0.740244927,0.587665159,-1.023438331,-1.881077005,0.896153845,-0.830626349,-0.564373643,0
-1.827743173,0.032822295,0.74903894,-0.611014352,-1.424745909,-2.237462542,0.483428231,1.175440645,0.109017714,-2.055699774,0.145006317,-0.840812802,-0.070833908,0
1.040091103,0.920665504,-0.72650406,-0.117364548,-0.258261408,1.624244914,1.130799132,-0.702010508,-0.034433669,-1.748857047,-1.068946912,0.640431906,-0.144752919,0
-2.511864994,-0.388137127,0.47860128,0.015784773,-1.335691522,-1.673670846,-1.131505301,0.043423409,-1.409437208,-0.99604494,1.22219418,0.557029622,1.744010234,0
-3.883267169,-3.33430804,1.712615496,-1.104093784,-1.086899409,-3.83300922,-0.92764487,-1.381715018,-2.037811302,-0.553208505,0.479730374,-0.377953835,-0.585346189,0
0.568799183,0.101755547,-0.344912475,-0.061106324,-0.814959579,0.910538469,-0.816233517,0.040459915,-0.201196256,-0.701142192,-1.300934367,-1.108896184,1.297381951,0
-0.5164653,-0.200600012,-0.312786036,-0.132082152,-0.134800112,0.630798775,-0.599221795,1.102910702,-1.302551542,-1.250831706,-1.434072663,0.640153442,-0.811973293,0
-1.096639621,-1.149890739,0.432509934,0.176867502,-0.159702005,-0.893330793,0.20949976,1.016702951,-0.845703081,-0.685153643,-1.060124649,0.082646775,-0.304988564,0
-3.289887206,1.765817581,0.033603762,1.669246942,0.93931989,-1.645480075,0.364426077,0.790641584,-1.479202368,0.936337381,-0.47098981,2.70086647,-0.07618567,0
-1.528561784,3.732167231,-1.547967306,0.366235753,0.508192939,1.758669542,0.46331572,1.928633801,-2.021629088,-0.77701023,-0.690074594,0.830505189,-0.953524726,0
-2.916082569,-3.449528844,1.56797783,0.262943636,-0.822949084,-3.185517569,-0.640142081,0.489841143,-1.603754861,-0.479568927,0.095242417,-0.11230798,-0.888798706,0
0.207542865,0.548696036,-0.420367536,-0.233427579,0.808653564,0.820461714,-0.710691572,-0.609334058,-0.352289063,1.200685461,0.139217476,-0.314331218,-0.075320299,0
-1.677004361,-0.302860847,0.250651798,-1.58419555,-0.851643962,-0.945838264,0.228086528,-0.105982944,-1.128172293,0.413905124,-0.32354154,0.504379673,0.901885068,0
-1.648003512,1.751437317,-0.034423099,0.134974289,-0.590043371,-1.012505315,0.352808,0.270815283,-0.208791474,0.836653372,0.024225861,1.389608554,-0.935867202,1
-1.30513515,-1.133238236,0.487961819,1.006996456,0.858412709,-1.085080036,-0.673857014,0.604525844,-0.890924365,-0.914989702,-0.406368359,0.173880484,-0.336996263,0
-1.114145672,-0.36957626,0.608125117,2.09884123,-0.487639073,-1.570706611,-0.658175274,-0.350673394,0.115587089,-0.93294847,-0.627754987,-0.320169508,-0.540285528,0
-0.576284399,0.713262865,-0.406959529,0.42914152,-0.155366973,0.506135168,1.034815628,0.633638165,-0.883823812,1.822683773,1.283468829,-1.657207939,-0.46619795,1
-2.776065814,0.620844762,0.310606195,0.350261048,0.459188523,-1.723291152,-0.330840466,0.328985279,-1.263804247,0.082370451,0.086547648,0.02586651,1.305081592,0
-2.327861018,2.660978173,-0.81068085,-0.089147988,-0.908470034,0.232304278,0.71769517,-0.324109083,-1.865107363,0.176027637,0.991826714,0.214918287,2.026195977,0
0.878421814,0.465441984,-0.357486459,-0.6443528,1.987737359,0.900637817,-0.884762528,0.348873359,0.312485878,0.141720433,0.43334974,-1.586664281,-0.040505462,1
1.410105667,0.470984702,-0.63333668,0.239364077,0.544300977,1.677642884,0.516943595,2.271471028,0.162001956,1.718433544,-0.775876284,-1.836395554,-0.266497431,1
-1.753180074,-1.543891055,0.714200506,0.567228126,-0.085376165,-1.583162842,-0.843510366,-1.361661369,-1.081155525,-0.637109012,1.229241157,-0.12662339,-0.265105466,0
-2.073430076,-0.775766286,0.502332437,-0.452396326,0.16498714,-1.464862156,-0.077516066,-0.619710776,-1.262719405,0.450077173,-3.081142824,-0.81189153,-0.153448552,0
-3.513089197,-1.974957305,1.176759141,-1.512823993,-0.715238154,-2.988449011,0.027199374,-0.36428688,-1.901990433,-0.165327719,-1.369617465,1.625340312,0.014165159,0
-2.158303479,-2.443338606,1.809131732,1.135874277,1.129816546,-3.867199537,0.335208242,-0.833317758,0.350231543,2.612817474,-0.464218396,0.037124918,1.815063669,0
-1.413192435,0.807768381,-0.160486166,2.561297777,0.344609321,-0.327440461,2.191770332,0.079073858,-0.99109637,0.168722577,0.230180806,-0.856107653,0.090083478,0
-0.756841957,1.422982594,0.153240226,0.671710865,-1.634546121,-1.065640905,-1.576397713,0.813200385,0.745256504,0.313163088,0.343227929,0.929217823,-0.12511661,0
0.254255429,-1.035026865,0.695251475,0.897698843,0.174180882,-1.139808635,-0.781989381,0.104186093,1.009224168,-1.721840541,2.138730107,0.216485356,-1.203596215,0
-1.229555888,-0.837540176,0.328330358,-0.773150227,1.317522242,-0.805122891,-1.7285809,-1.693571593,-0.962326131,-0.884936682,1.567595326,-0.395092757,-1.719491022,0
0.147591631,-0.578415898,0.435911444,-0.143370265,-0.260488533,-0.742823878,0.783040907,0.059942889,0.675098006,-0.816740866,-1.6295393,1.940254293,0.063513261,0
-2.687270019,-0.752650379,0.980149349,0.996104789,-0.225983203,-2.733651756,0.434207178,0.098437624,-0.709437395,-0.816606187,-0.105592959,1.268780588,-1.386560059,0
-1.542336969,0.610239514,0.223965653,-0.702777166,-0.773276085,-1.167175509,-0.509438944,1.512455726,-0.388759421,0.869397175,-1.743783647,1.279175777,0.734896943,0
-2.604315132,1.82931846,-0.325878311,0.328235566,0.170432477,-0.654777913,0.451423819,2.141791824,-1.639675511,2.105975674,0.382882123,-0.105338123,0.875228629,0
-1.889927976,1.921190303,-0.364596921,-1.178471616,0.791070986,-0.393152416,0.98211263,-0.145768446,-1.034119616,0.377444141,-0.599327103,0.760938483,0.352978575,0
-0.026232731,-0.457222015,-0.066701867,-0.332682721,-0.640424047,0.304286697,-0.172192616,-0.483364879,-0.513910514,-1.508959643,0.009631923,-1.199116135,1.30521888,0
-1.786321628,1.706291538,-0.263712249,1.26302807,-1.574209646,-0.516571175,2.005768295,-0.128051179,-0.877729984,1.156114617,-0.718195634,-1.13516013,-0.310839148,0
-2.790936987,-3.090223423,1.390787275,1.781486365,0.847821999,-2.873781672,-0.245637098,0.485475195,-1.623782448,-0.455604503,-0.951801459,-1.101742018,0.290402137,0
0.131425719,0.879050974,-0.541985971,-0.260471875,0.287069044,0.958279201,0.630668381,-1.265388121,-0.444997735,-0.101733535,-1.395612796,0.790238153,-0.17388478,0
-2.745950362,1.74943187,0.113060646,-0.810940805,-1.262450605,-1.663000836,-1.322537932,0.010943115,-0.838167573,-0.766088425,1.162486951,1.164347495,-1.193971183,0
-2.932167977,0.442157946,-0.201523611,0.441825227,-1.397098933,-0.544160613,-0.516613858,-0.177811109,-2.682569242,-2.609899364,0.366451805,-0.246745876,-1.413076127,0
-2.47228489,1.360041895,-0.473206597,0.445328162,0.224944151,-0.117757471,0.758522541,1.06541563,-2.205280882,-0.453756118,-0.089436859,-1.744675024,0.005586621,0
-1.768661774,-1.773019551,0.75185803,1.099944565,0.342964748,-1.592552471,-0.95446718,-1.201207505,-1.181243525,-0.90607766,0.583731471,-0.245989927,2.774311459,0
-1.637862048,-1.114823605,0.487419063,-0.143319449,-0.392403586,-1.186302482,0.124573354,-0.945150652,-1.168948406,-1.160922887,0.716988762,2.243911747,-0.602644056,0
1.157753228,1.550601622,-0.983136095,-3.045870602,-0.349114707,2.018926048,-0.920758038,-1.520557856,-0.037192648,-0.931910607,-0.121702739,0.307130577,0.239862366,0
0.622111668,0.15654903,-0.37173464,0.637898881,-0.498878149,0.967500304,0.297882213,-0.630172767,-0.173914095,-1.259445237,-0.888262144,-0.577935333,0.184228016,0
-2.670690407,-2.647837603,1.277794045,-1.777227225,-1.386826761,-2.738225222,0.558236742,-2.075316769,-1.4420259,2.051765098,0.011208238,0.378758953,-0.492773163,0
-2.181588711,-3.721176048,1.541470786,0.595709063,1.536462915,-2.818107469,-2.583519357,0.882181642,-1.224632896,0.74769139,1.666462523,0.883375804,-0.811672263,0
1.509975704,2.758604312,-1.433609778,-0.090824118,0.922840272,2.717833752,0.359629615,-2.952331669,0.161527378,-0.312098062,1.142520943,-0.952345181,0.466647707,0
-3.467653514,-2.489345729,1.327475881,1.7351266,0.667108992,-3.136469014,-0.450486851,1.543959615,-1.908180597,0.171401107,-0.39864259,0.601131136,1.92048839,0
-1.645620414,-2.524814544,1.010797904,-0.853864268,0.300080456,-1.880228713,0.570805178,1.924979031,-1.05408767,0.856643475,0.177418239,-0.030506666,-1.328028557,0
-1.623234668,-1.090739378,1.01342291,-1.302456084,0.910700971,-2.383408825,0.414012942,0.769386758,0.041981364,-1.496095491,-3.495045222,-1.016674376,1.475133657,0
-0.495403844,0.617131998,-0.051139713,-0.970020576,-0.500352893,-0.243693738,-1.257703666,-0.678366213,-0.086622652,-0.79861401,-0.17496761,1.24941885,0.247569281,0
0.198380827,0.163990721,-0.258804073,-1.224194117,1.232655984,0.586545037,0.05835096,1.725163322,-0.285003391,0.258115864,-0.598376234,1.105971253,-0.333746982,0
-0.389016721,2.48949656,-0.627555024,-0.113308904,-2.114610362,0.436562925,0.180236385,1.441555743,0.110840414,-0.621234365,0.796630479,0.173465666,-0.882631916,0
-1.977405378,-0.415577938,0.302527853,-0.859525112,-0.06766145,-1.110553301,0.982326063,1.481217696,-1.35825595,1.55827299,-0.345611416,0.126874741,-1.83025621,0
-2.614420128,3.359324424,-1.281055342,-1.428481127,-0.655350902,0.971070894,0.780756002,-0.830076699,-2.649346461,2.545382788,0.039807503,-0.070928219,0.007641086,0
-0.820691063,0.40826683,-0.376790857,0.148441979,-0.702718637,0.474334726,0.576509953,-1.528038773,-1.257263257,0.988555733,1.303563634,-1.809031033,0.731483021,0
-1.914735989,-0.011575756,0.166482225,-0.80544306,0.081904165,-0.925847437,1.19455632,0.167635706,-1.307156461,-1.076071868,-1.273415582,0.297736455,-0.673675088,0
-1.96351325,-1.161870565,0.600206237,0.22702972,1.303380272,-1.519500536,-1.500737882,1.05570082,-1.235390658,0.08291739,0.141912409,1.116046386,0.749506269,0
-1.536768027,-0.862923862,0.39076461,-0.372502354,-1.267088556,-1.026420399,-0.252296536,-1.081537702,-1.109468448,-1.214116835,0.929225912,-0.695440504,0.157786372,0
-3.144336669,-2.834221835,1.407074651,0.975538968,0.221578475,-3.102581871,2.459247123,-0.997782465,-1.704723626,-0.704508799,-1.286117317,-0.422636063,-0.37719053,0
-2.126811077,1.226885696,0.082339491,2.451625372,-1.851358708,-1.23118935,-0.15583449,-0.625042135,-0.756546637,-1.234000121,-1.765831496,1.253151401,0.487912752,0
-0.931101214,-0.882260114,0.301864298,0.264469257,-1.291004912,-0.643297872,0.337522328,0.358620207,-0.794467681,-1.08126593,-0.82417828,0.413985629,-1.420213273,0
-2.736863069,-0.10654487,0.493492345,-1.371193996,-0.196764395,-1.871251116,-0.409067834,1.267168637,-1.362279331,0.066640002,0.241556794,0.167046553,-1.192224849,0
-2.191594966,-1.000645987,0.575975943,0.112248138,1.320042761,-1.586974992,0.777929252,-0.137480463,-1.368563117,-0.224495166,-1.794765201,0.145244156,-1.128859177,0
-2.384866189,2.303953651,-0.467063868,-1.509551622,-2.412550818,-0.437995912,1.056041606,0.404408154,-1.410468273,0.179523302,1.848938619,-0.665140299,1.293933523,0
1.655377763,0.453458591,-0.28182181,0.121469767,0.096155142,0.957392576,-0.48792254,0.968275954,1.151782894,0.687423435,0.031439536,0.764463993,1.234783232,1
-2.500334198,1.877353508,-0.002151596,0.568352149,1.196260988,-1.375797193,0.913280618,-0.896469438,-0.786678769,-0.460187049,0.460422268,-2.525831686,0.49177989,0
-2.621746313,-1.99164961,0.977095608,-1.286796549,-1.370609278,-2.272654916,-0.879651398,1.049116139,-1.58406441,0.472927137,0.349484608,0.795515864,1.359596801,0
-1.972866212,-1.174713808,0.597132376,-0.16385386,-0.41321827,-1.510716932,0.383101506,-0.367186533,-1.260043172,-0.567987689,1.23679181,1.542793336,-0.481546131,0
-0.926840379,1.853061517,-0.515073589,2.206804932,-1.328075033,0.249859006,-1.511746538,-0.136618691,-0.58158437,-0.483283394,1.432009671,-0.468519929,-0.79370458,0
-2.906428164,-2.757956311,1.354446878,-0.170521974,0.932297388,-2.941387285,-0.011103904,-2.261824167,-1.558111685,1.800514113,-0.138742901,0.122198705,-0.813085725,0
-1.683713251,-1.87312365,0.777468593,-0.733163236,-1.524378127,-1.590966598,-0.339790446,1.017288768,-1.124334932,0.433961978,-0.516686099,1.960823163,0.583052319,0
-0.833303469,-1.290945429,0.434155728,-0.458634936,-0.893879815,-0.77155334,-0.173525724,0.376591418,-0.71735855,1.005207728,-0.88118454,-0.742748762,0.506347261,0
-3.039228968,0.532468148,0.485675521,-0.004252097,-0.533545337,-2.165189423,1.783918607,1.410312307,-1.166793831,-1.001137558,1.600397299,-0.707188679,0.074681639,0
-1.753903342,2.810997246,-1.089210541,0.358741388,0.133678838,0.976837141,-1.696316235,0.171039493,-1.87682641,-1.348427513,1.547310983,-0.236533252,-1.215843983,0
-0.621287207,-0.107550393,-0.030083363,0.99775275,-0.050315846,-0.073232621,0.302122508,-0.08479476,-0.690329877,-1.974592909,0.631170792,-0.418203326,1.851990505,0
-1.081244159,-0.110959166,0.867139121,-1.760719313,-0.250176629,-2.239438032,-0.59412361,1.348927506,0.91853338,-0.901968138,-0.18416254,-0.27384163,-1.155641515,0
-1.425526157,-1.231159803,0.520064696,-0.796047046,1.054258394,-1.158220626,0.962843396,-0.900844289,-0.99713269,-1.234126685,-2.546508407,0.766654264,-0.002001464,0
-0.75564052,-0.810245645,0.198351865,-0.100634637,-0.094701118,-0.383229449,-0.949180533,0.896504183,-0.819730113,1.858855998,-1.837263907,0.175724713,0.646881555,0
-0.879454109,1.148425156,0.275380795,-0.946328169,0.396806282,-1.28156979,-0.094999296,-0.79370598,0.707252652,-1.708441366,0.281820086,0.437963346,0.724604978,1
-3.020210932,1.641140387,-0.085728648,1.113260065,-0.685263308,-1.253272477,1.113695678,0.415295481,-1.604528901,0.65059262,-0.261492465,-0.227761289,1.577074822,0
1.610999436,2.145787986,-0.564783521,0.740396428,-1.552721706,0.991897693,0.698930323,1.265160797,1.741593183,1.345313824,0.935171917,-1.200603171,1.724445102,1
-1.286285503,1.42679273,-0.488888932,1.002951816,-0.499515024,0.236501186,-0.011080526,-0.569104112,-1.154958078,1.203177243,-0.04734708,-0.953579095,-0.708234127,0
-3.712522139,3.137314456,-0.338348329,2.031951025,2.064476317,-1.405598572,1.25143756,-0.264716768,-1.658891944,-0.849317005,0.245900551,2.301517677,1.076617589,0
-2.834992739,1.829252291,0.010462009,0.0028232,-0.096055086,-1.484050647,-1.194627603,-1.409356857,-1.086529598,-2.458741923,0.4138592,-1.17126821,0.253724503,0
1.824105444,2.017423916,-0.67048397,-0.139341826,0.222761924,1.338166291,-0.650897049,0.903768789,1.594699671,0.315940885,1.035487556,-1.063184435,-0.38783631,1
-2.525659316,0.906914331,0.308493187,-2.293662022,1.401069356,-1.746736792,0.794678323,0.15143376,-0.836307803,1.42977486,0.582828069,0.353976885,1.892653708,0
-3.077223443,-0.551215318,0.266338894,0.017641809,0.148202969,-1.298122177,-0.702727065,1.053069718,-2.501130929,-0.718137659,-0.615392326,-0.524228448,0.33632181,0
0.268772125,2.124826137,-0.800294897,0.006251174,0.027110953,1.146142815,0.642121789,2.007781718,0.025434396,-0.982756693,-1.405584083,-0.244299405,-0.327275154,0
-3.204592058,-2.847437971,1.414358758,-0.672024505,1.169470869,-3.131841426,-0.872622182,0.140827352,-1.750865308,0.555526536,0.39722441,-0.399664341,0.040927914,0
-0.764499006,0.206017948,-0.104887484,-0.240473105,-3.631538814,-0.055039915,-1.827179824,-0.205638142,-0.749125705,-0.342643897,0.347478658,-0.706587599,-1.143526941,0
-2.594879126,-1.726012772,0.924432886,1.414569372,-0.029205772,-2.238774816,-0.018994515,1.120606312,-1.480444782,-0.285623541,-0.426704193,-0.52593672,2.501168828,0
-2.280725672,1.873738049,-0.253842918,-0.66398028,0.849581867,-0.74039088,0.416621186,-0.111880099,-1.162315422,-1.958465365,0.292607242,-0.806368677,0.849942886,0
-2.041859993,1.958124963,-0.748760013,-1.803684856,-1.226876921,0.421247357,0.626843107,-0.010487429,-2.001153154,0.192784004,-1.824158165,-1.132023189,0.074474973,0
-1.787774746,-0.400897597,0.569263061,0.121957023,0.978559729,-1.665904309,-0.070094545,-0.974531101,-0.583236817,-0.525704805,-0.095532907,1.739140146,-0.938166728,0
-2.60270029,-2.957855211,1.34598512,0.267802236,0.846511587,-2.764368101,-0.053887428,-1.054637816,-1.461104063,0.247952446,-0.338832864,-0.570054262,1.266005919,0
-0.279008078,1.313758722,-0.612930473,-0.188833909,1.254807068,0.848083103,1.171822034,-0.432930473,-0.638047176,1.412448227,1.185619316,-0.712430404,0.430233798,0
-1.190923457,0.693032243,-0.139488784,0.591289589,-0.167136084,-0.270639268,0.146235279,0.033015877,-0.835546793,-0.80340946,0.503636636,-1.408903904,-1.047184355,0
-1.276344232,-0.276582229,0.251003758,1.396653166,-0.281125229,-0.840283089,1.051556184,0.150798891,-0.757887157,0.875243218,1.960962623,0.805669403,-0.164320937,0
-3.086217531,-0.507269605,0.708139686,-0.532701088,-0.480420219,-2.318063785,0.379123633,-1.547531082,-1.484924094,1.284979715,-0.155926097,0.673965152,-1.517949115,0
-2.251551742,1.195619684,0.195685203,-1.039968152,0.898627867,-1.513237737,0.117844326,0.912602314,-0.634508933,-0.292516194,0.670992652,-0.192303184,0.544612504,0
-2.04535937,-2.079530526,0.920362477,0.683650951,-1.954570518,-1.94685286,-1.454026237,-1.254437939,-1.273633042,-0.213659886,1.336572491,-0.336405147,-0.176595592,0
-1.95315152,-2.132646414,0.922009081,0.076897424,1.36417227,-1.905331041,1.506441295,0.914056754,-1.229072533,1.705619038,-2.287004849,2.045416454,-0.547941611,0
-0.303673162,0.208969953,-0.205737477,-0.165163522,-1.925289256,0.305569814,-0.780458683,-0.827721049,-0.570778844,0.517269601,-1.948699208,-1.107390163,1.767098321,0
-0.97538508,0.235438166,-0.073891587,0.271021641,-0.070690483,-0.196502064,1.022804963,1.102334358,-0.84177362,-0.614369829,-0.655762229,-0.424471709,-0.529972883,0
-2.587754327,-3.312124025,1.461270298,-2.409633103,0.375181813,-2.897070663,-1.014017522,-0.302763277,-1.453876147,0.292945092,-0.280488417,1.570950588,2.192772324,0
0.964692265,1.575163475,-0.935967234,1.161936588,-0.557103574,1.84763559,1.457464072,-1.075852229,-0.081615161,0.565904609,0.651872278,0.305382698,1.777521009,0
-0.687244996,-1.267073553,0.359903463,-0.173511844,-1.266887369,-0.569413927,1.811554719,-1.156301432,-0.738588106,0.174588278,-0.667688283,-0.879352106,1.323923674,0
-1.478259663,-1.260471809,1.408632517,-1.559087444,1.058467446,-3.178224681,0.56176349,0.929283218,0.928582121,0.920215405,-1.835816633,-3.203345609,1.24267438,0
-2.775651202,3.09762284,-0.588266873,-1.094433351,-1.555985703,-0.554624617,-0.128709177,2.119016728,-1.431134373,0.364902856,-1.298855904,0.633765367,0.574978939,0
-0.130837209,1.010729572,-0.519658455,-1.108761313,1.133851292,0.785738016,0.406377095,-0.964917434,-0.525616885,1.603676409,-0.338180767,0.502078733,0.566174836,0
-1.920957224,-1.409946695,0.694262231,-1.459431191,-2.236545107,-1.633392408,0.874600336,-1.532582009,-1.1724036,-1.168374456,1.50570036,0.426919298,-0.224635078,0
-0.242112488,-0.586796994,0.082707038,0.061152234,-1.414853867,-0.051308745,1.54462673,0.865136536,-0.46394048,-1.432266902,2.041028941,0.888220111,0.259179442,0
-2.212857998,-2.476921467,1.102702005,-0.625753755,-0.682551471,-2.269106991,-0.171716564,-0.394944231,-1.307471052,0.783239037,-0.202358246,0.788482236,-1.177983823,0
-2.690068113,-0.027215951,0.326624823,-0.506235335,0.405572369,-1.507193289,0.92034601,0.986468594,-1.636586036,-0.168743338,-0.119478176,2.233722038,-0.639531489,0
-1.987866994,0.176175524,0.53684793,-0.960484556,-0.236899154,-1.852799787,0.301896063,0.327962574,-0.399873306,-1.161760503,0.65231261,0.569940412,-0.485032075,0
0.016996704,-0.85300664,0.075961314,-0.086801546,-1.29530839,0.132237244,-0.95856949,0.238150504,-0.451551265,0.504854901,-0.672335976,0.257834129,0.532209685,0
-0.652378617,0.503074802,-0.256762428,-0.090183712,0.066245114,0.217391264,-0.002663064,-0.024687249,-0.770200454,-0.139883514,-0.584789296,1.064961616,-0.756214259,0
-3.405649131,2.246932229,-0.445638096,0.068823658,-2.086848529,-0.761034802,-1.083665833,-1.052523055,-2.29636571,0.143630834,-1.158793066,1.435065412,1.460818718,0
-1.165598625,-0.302081067,0.140243872,1.590760816,0.308818048,-0.548198821,-0.315364052,0.94545369,-0.928723007,0.671611217,-0.882413873,-1.074129479,1.131597367,0
-2.922783058,-1.771389514,0.976249936,-0.778801097,-0.715617479,-2.434941836,-0.082402803,-1.67469966,-1.684403783,-0.19591213,0.258665391,-1.720654366,-0.318516466,0
-2.32043938,-0.040821159,0.676454043,-0.23334087,-0.381586697,-2.189123414,-0.948105344,-1.653971579,-0.539065396,-1.086243287,-0.287614312,1.71794736,-1.341046515,0
-0.50423589,0.30063596,0.47386701,0.308762821,1.113737514,-1.325685653,-1.710808116,-2.265547792,0.847318472,0.481036813,1.169118043,-0.021818797,0.126218468,0
-1.590827926,-0.845496173,0.410469603,-1.468332856,-0.38091351,-1.092823568,1.576722201,1.839477207,-1.099453998,-0.530925697,0.525954583,-0.877026954,-0.159427647,0
-3.379941394,1.609050135,0.274371173,-0.734004994,0.730080093,-2.162408481,0.227709118,1.519378183,-1.134678225,-2.385008798,-0.181109562,-0.635306534,-0.963499061,0
-1.284254154,-1.51898748,0.586929308,0.085012561,-1.470422341,-1.168008575,-0.830372867,0.331093582,-0.938627293,0.815950951,0.120859536,0.112868386,0.446189512,0
-2.059936471,-1.578608854,0.757811365,0.468182186,-0.856194971,-1.758362958,-0.31112649,1.027470055,-1.277101764,0.820048087,1.230480968,1.485454565,0.394394733,0
-0.944721596,1.493159645,-0.275927334,-0.222047014,-1.082399111,-0.171226213,-1.871994885,-0.527928046,-0.329325608,1.137797472,-0.119591717,-0.457490604,-0.88316241,0
-1.049942482,0.392960792,-0.153363525,0.058370521,1.65077023,-0.093110818,1.907099084,-0.274140398,-0.967588304,-0.377983747,-2.107210173,-2.313025389,2.107535576,0
-3.104469752,1.329066603,0.291873526,-2.009215344,1.488134627,-2.024294059,-0.450706559,1.955326216,-1.063879055,1.904679882,-0.006461594,-0.566803452,2.072598541,0
2.117781764,0.967906778,-1.144840536,-1.623194699,-1.18298186,2.867246403,-0.818947923,-0.126288595,0.00332266,0.394944703,0.45579706,-0.219591525,-1.765748708,0
-0.535777853,-0.825639255,0.200932879,-0.724854684,-1.116730133,-0.320249667,-1.579726517,-1.03733636,-0.633436289,-0.124987785,-2.093044356,-1.569535156,0.028206424,0
-1.992446044,-0.684023951,0.461824269,-0.806622425,-0.354240702,-1.381857997,-0.432234901,0.474009233,-1.214395103,-0.44152075,0.312091072,0.258950411,0.493232395,0
-0.657086041,0.524633002,0.004212404,-1.518633049,0.428815888,-0.383375056,0.170106479,1.401516313,-0.172676748,0.401462499,1.426497273,1.066870247,-0.322938007,0
-3.270839186,-3.953346786,1.832575639,0.502440902,0.090688266,-3.710956854,-0.488839518,0.792191185,-1.696010819,0.788684545,-1.979577071,-0.125045546,-0.474049883,0
-2.195339267,2.585073429,-0.893079765,0.547530227,-0.689766225,0.484057678,1.472722741,-0.440535262,-1.990925999,-0.790528569,0.323095421,0.251945618,-0.138272667,0
-1.169881464,-1.056346149,0.412604471,0.775457981,-0.144458892,-0.902173607,2.264740195,-0.368541527,-0.884485583,-0.673659723,1.431010495,-0.561923687,-0.614964676,0
-1.264264376,-2.247381374,1.702456629,0.058670603,-0.363500244,-3.436194129,1.752424004,-0.097350994,1.037903647,0.483290496,0.987325735,-0.345406952,0.595963309,0
-2.988007457,-1.944369361,1.059002951,0.396448938,-1.686998706,-2.580669379,-0.522347376,1.007512693,-1.684831852,-2.004257899,-0.362406597,1.073352295,0.540563577,0
-3.214193469,2.117211019,-0.448764687,0.718751243,1.341033859,-0.653151393,-0.191947155,-0.666332952,-2.233037311,-1.115929615,0.232122049,0.04165092,-1.190902608,0
0.050860837,1.139931762,-0.649263173,-1.235973432,0.81580294,1.086691829,-1.811581903,1.602510486,-0.561280492,0.315223337,0.453253894,-1.592790577,-0.102015048,0
-3.670391462,1.961236772,-0.108931002,-0.011168617,-1.393804446,-1.500645811,-1.022778241,1.267128143,-1.985384895,-0.640775274,0.425938111,1.479127888,0.741155824,0
-0.81699421,0.171421419,-0.257379375,0.50189439,1.445635047,0.287787211,-0.323591071,-0.767729143,-1.162936335,-0.619623755,0.752436201,0.793225718,-0.745620467,0
-1.03736009,-0.499080893,0.190941337,0.088986299,-1.251455989,-0.556984107,1.064060623,0.504654587,-0.850063801,-0.417963637,0.895444756,1.02661339,-0.820380284,0
-2.263086328,1.251577745,0.218762347,1.740057269,-1.959958852,-1.58855335,-1.231416169,-1.256180027,-0.551027804,-1.298069751,1.825724547,0.596543387,-1.758354028,0
-1.576702261,3.812500282,-1.403441046,0.123354792,-1.161647386,1.388811388,-1.200320452,0.486635956,-1.679425532,-1.495139658,-1.138262135,-0.614740616,1.273946729,0
-1.597942475,-2.1263555,0.848777977,1.58825291,1.032016094,-1.638996417,-0.909502202,1.298344776,-1.078495394,0.339165655,-3.393914513,-0.972501718,-1.898721726,0
-2.364234179,0.289576008,0.819365064,-0.055393525,-0.001071134,-2.641894008,-1.519868037,0.177297213,-0.010001785,-0.903203609,-1.718909956,1.890729849,0.707058858,0
-3.149191382,-2.402790309,1.238327571,-0.954428376,-0.400813952,-2.872829302,-0.014348691,-3.26530128,-1.765482883,-0.595765864,0.437777807,-0.693732303,0.354945419,0
-1.237687731,-0.375781535,0.188913428,1.249676852,-0.949633581,-0.653482063,-0.958426671,0.175612697,-0.937498962,0.402487839,-0.387389479,0.390247928,2.425374576,0
-1.88736791,-2.844573196,1.187810978,-0.139452425,0.113556995,-2.239089501,-1.417881718,0.308691828,-1.106756743,-0.647585958,0.424503456,-1.130107669,-0.449453171,0
-2.19182185,2.601749094,-1.03050754,2.422555575,0.081905413,0.790872995,-0.981609264,0.378258982,-2.283746699,1.789374449,-0.398996144,0.0803794,1.3703165,0
-1.46028757,-0.897016895,1.084474277,0.172410341,-0.922672777,-2.56557171,0.6641055,-0.123825103,0.488316956,-0.736668791,-0.998365306,1.238902231,-2.365143294,0
-0.863062808,-1.126633859,0.818938046,0.404585474,0.706863633,-1.710454991,1.346013823,-1.234801386,0.242645705,0.317374216,0.489124362,0.678115697,1.252575371,0
-1.350604193,-0.995830556,0.734198764,-1.696082832,0.327820944,-1.704872273,-0.524908987,1.669992096,-0.275573417,-2.342731487,-1.441497471,-0.50814452,0.101286133,0
-2.157946035,3.743898023,-1.238493453,-0.102546331,1.261106279,0.871161407,0.358557848,0.650645628,-1.868126168,0.96261962,0.461232478,0.922037901,-0.806557183,0
-1.569497937,2.577629971,-0.862584028,-0.675552041,0.635311784,0.598057773,-0.595686226,2.694822332,-1.38154444,-0.61270201,-1.009296793,0.829116284,-1.066380571,0
-1.428801043,-0.988054302,0.403953853,0.081606465,-0.53065532,-0.981235249,-1.166349038,0.271961188,-1.079012039,0.129223829,0.111938157,-0.622960486,0.281060297,0
-2.969807753,1.781874,-0.467890879,-0.392612732,1.223920202,-0.42149718,2.551840095,-0.437066487,-2.312891106,-0.32906,0.384999189,0.002125542,0.46737957,0
-2.291925499,-1.966788189,0.950259008,0.851588817,0.313111893,-2.125379842,1.420359459,2.081908069,-1.337699781,-0.420740195,0.802828912,1.136066192,0.651405648,0
-1.376890652,1.55773233,-0.438835499,0.758065706,-0.223398416,0.050863073,-0.197107988,0.451700201,-1.024021014,1.722267391,1.486151325,-0.334053082,-1.298741687,0
-0.914706323,-2.565359604,1.267547,1.237262585,-1.276482527,-2.237386346,-2.341530409,0.909218921,0.129972776,0.478426201,-1.233319736,0.575246532,-0.777447757,0
-3.278999017,-1.324471521,0.948367662,0.567957433,-0.624238624,-2.631441799,1.530615071,-0.677746498,-1.724374535,-1.333441283,1.115664971,-0.724199376,-0.655839851,0
-1.595072052,-0.011038466,0.370469106,0.005143141,-0.493099461,-1.296418685,-0.306831744,-0.863598393,-0.569930536,-0.155809082,-0.323353669,0.244774841,-0.249121003,0
-3.333630219,2.433199978,-0.392046876,-0.917723358,0.581676885,-0.927214527,0.128899913,-1.391885421,-1.974173374,0.586319709,0.744960811,-1.105554194,-0.676074507,0
-0.485769844,0.767019713,-0.373736299,-1.820997246,0.362341866,0.438022774,-0.270614524,-1.030020246,-0.690107136,0.71101011,-0.2139463,0.20821197,-0.165399127,0
-1.182743574,-1.461617683,0.527837086,0.874031593,1.845778913,-1.024865583,-0.342447899,1.470661473,-0.939735892,-0.669841297,0.1755853,0.000525631,-2.452530609,0
-1.374273105,0.110286199,0.365392809,0.790601097,0.321021163,-1.263822685,0.201505746,-0.792298684,-0.29793039,-0.683285263,0.655485325,0.183496513,2.078144059,0
-1.978806176,2.359996365,-0.725885052,2.709276648,1.714784934,0.246413749,-0.212672857,-1.825635087,-1.594744313,0.711414969,0.004981304,-0.637915338,0.671191992,0
-2.941818717,-2.15995257,1.137364042,0.340719845,0.90178282,-2.669332883,0.877951467,-0.493668322,-1.62962852,-1.756794202,-1.42543145,1.059242691,-1.480844027,0
-2.965218397,-0.016342251,0.750586437,0.686288542,0.596793777,-2.55184477,1.457437949,0.149872198,-0.917515843,0.332612759,-1.228944906,1.219943199,0.720357498,0
-1.134539409,-0.701014274,0.918212186,-1.341722243,-0.083709857,-2.16339288,0.358048839,0.414874899,0.546069283,-1.960845141,0.038738609,0.375782134,0.440050661,0
1.034580034,0.435146934,-0.551318909,1.060645818,-0.36527539,1.395898601,0.094619898,0.239996672,-0.00866099,-0.801621775,0.833003195,0.555825174,0.676110294,0
-0.823046799,-0.017825298,-0.051179008,1.84058291,2.970935204,-0.115109852,0.455426297,-1.312224386,-0.846862472,-0.54742428,-1.148087509,0.598495736,0.540266258,0
-1.062471314,1.448520879,-0.616564878,0.170575581,-0.504350854,0.582978396,-0.674620524,2.123320513,-1.229752625,-1.292873732,-0.169730487,1.034668102,0.786954564,0
-1.677117838,1.589414817,-0.337551469,-0.491879455,-0.954709834,-0.276565745,-0.266572285,-0.856100827,-1.035294228,-0.027947771,0.829343925,1.164710785,0.240230626,0
-0.977665138,1.171109943,0.154634873,-0.088832141,-0.330823523,-1.044042789,0.893004368,-0.208492631,0.367512191,-0.735530666,0.997420938,1.178724087,0.487617675,0
-0.361213233,0.612426557,0.35350456,-0.64170103,1.243192019,-1.120978382,-1.392981618,-0.549375769,0.934932305,-0.697691144,-1.05324516,-0.395716111,0.404750859,0
0.345011428,1.532040406,-0.765874439,-1.008281475,0.262852043,1.298280013,0.468738948,0.255568521,-0.273315001,0.733071145,-1.496103662,0.855200853,-0.904646708,0
-0.468143811,0.417329924,0.324020336,0.422484622,-0.932131215,-1.016438733,-0.965492191,0.112991768,0.62974999,-0.113274753,0.973956694,0.564116926,0.351170143,0
-1.696022639,-1.661250447,1.018536611,-1.388292431,0.584488789,-2.215625091,-0.940977261,-1.76826351,-0.436031235,0.923982679,-0.55048826,1.091027909,0.250147716,0
-1.884285767,-0.625024599,0.848656795,0.955860607,0.931011855,-2.24863339,0.493117527,-0.240208871,-0.207974932,0.008537615,1.609541657,1.015856519,-1.467033951,0
-3.09370049,-2.324489725,1.227862459,1.617538092,-1.904554504,-2.860589738,1.757935074,1.190244148,-1.682049102,-1.767772132,0.806726194,-0.3594302,-0.124096827,0
-1.073145469,-1.937936087,0.715973589,-1.004979666,0.427596461,-1.252607321,0.820229108,-0.90152334,-0.777517034,-0.923012433,0.066339709,0.804015663,0.762660187,0
-0.347423888,0.77188668,-0.392517671,-0.95270394,0.991164254,0.51881587,-0.270453203,-1.554013517,-0.60780201,-1.608702263,-2.118981783,-0.214707983,-1.823397727,0
-1.540451692,0.022186326,0.099372816,0.415841356,1.592931153,-0.677541276,0.1251673,0.251779022,-1.105677794,-0.755000867,0.239476541,-1.426923804,1.828642224,0
-0.489878548,-0.784049552,0.184411438,-0.754004221,-0.108863819,-0.284148776,-0.603750999,2.6243809,-0.599373816,0.105752179,-0.429592946,1.084639913,-0.110892997,0
-2.885340549,-0.648709476,0.995351518,-1.575576749,-1.262571724,-2.861773604,0.828058224,-0.533974671,-0.770695377,-2.504466609,-0.100222349,0.237437657,-1.185942203,0
-1.416644633,2.18746892,-0.743650285,-0.432193903,0.478927241,0.509471063,0.067305305,-0.371396381,-1.272498589,-0.123669572,0.616055679,-0.369224883,0.349792767,0
-2.300098713,1.066394038,0.222281591,-0.316116281,-0.331052169,-1.542170254,1.390725929,1.755311071,-0.713704658,-0.600356694,1.016287943,-2.321485342,-0.025769356,0
-1.811649751,-0.853890283,0.722692497,-0.409301888,0.926170805,-1.861634803,0.029436691,0.064363827,-0.598030273,0.355048607,0.410770339,-1.010590827,0.084064811,0
-2.833685831,-2.841490635,1.312855286,0.104684725,-0.07378485,-2.79674194,-0.48529471,-0.050354951,-1.650270797,-0.759667667,0.889940857,1.719613567,0.537718986,0
-2.405579675,-3.672075665,1.565705836,-0.464748436,-1.347234182,-2.954930138,0.484334398,-2.178345315,-1.329201205,-0.27454989,-0.105345542,-1.016536916,2.041735883,0
-1.358258608,-0.68463335,0.299875204,-0.13298635,-0.977320345,-0.831425818,0.212107473,1.308310564,-1.02440472,0.622963275,1.566269044,-1.264264775,0.202918459,0
-1.899930763,-2.210206503,0.954109658,0.78524864,-0.293908399,-1.935534099,0.114249919,1.306974299,-1.168478242,-0.752081801,-0.774205939,0.626753433,0.512150903,0
-2.825541517,0.61520442,0.217679356,0.236646913,1.527308224,-1.524844252,-0.482124284,1.194148148,-1.519716436,0.694032611,-2.106006201,0.746277594,0.900791174,0
1.754908671,-0.130707568,-0.435457728,-0.467813584,1.729934625,1.539694207,0.60069378,-0.65911242,0.457872642,1.811164105,-0.467929962,0.689033631,2.283725357,1
0.114008228,1.241297049,-0.650300125,-1.394232608,0.614952051,1.071658119,-0.214527924,0.57828251,-0.432787732,-0.205058762,1.189002966,0.821585842,1.926630887,0
-1.398504014,-0.629214131,0.284787006,-1.480675392,-1.703252997,-0.828283682,0.514851681,0.404611999,-1.052027823,0.909096385,1.439312176,2.238721096,1.380584609,0
-1.911525357,0.779381409,0.129822307,0.832665758,0.489811255,-1.119589193,-1.986527142,1.958131615,-0.796103993,0.876205992,0.574081282,-0.088154869,1.777644819,0
-2.625835161,-2.646975516,1.2640487,0.926070746,1.960935373,-2.694416518,-0.702528058,0.239663224,-1.433052356,0.752424118,0.43928896,0.40848897,-0.883500719,0
-2.482603736,0.939296903,-0.194099372,0.155658298,0.063821225,-0.605914524,-1.308253255,0.988526105,-1.902182655,0.893761797,1.620158685,-0.181945438,0.5970561,0
-1.620930661,0.085747134,0.644913001,0.983926909,0.706928985,-1.960253609,0.650610896,1.106625309,0.095505118,-0.35432234,2.209628652,1.021397684,1.011905584,0
-4.648336841,-3.917135486,2.073897249,2.237225074,-0.590819212,-4.668325093,0.978252418,1.773990423,-2.330432908,-0.667971918,0.583991787,-2.107012102,-1.161880163,0
-1.632799473,-0.229969824,0.437244538,-0.603120088,-0.968083589,-1.381840646,0.473731661,-0.449285348,-0.616500989,-0.28146008,-0.006061826,-0.273606557,0.171244048,0
-0.424093637,-1.555220861,1.170470233,1.993869091,1.568836448,-2.230491097,1.281166218,0.059346795,1.094727734,0.759304571,-0.371985759,1.060599775,1.292394639,0
-1.108773863,-1.729467339,0.640524083,0.202932738,-0.289679351,-1.165001431,-0.393264115,0.369008636,-0.82227733,-1.633028019,-0.795477683,1.277359713,-0.103616646,0
-0.698464628,-0.849004119,0.235263107,0.856226445,-0.15999032,-0.436829257,0.133767347,-2.35262557,-0.715920534,-1.840378591,-0.091196647,-1.844012622,-1.673908715,1
-1.753724046,-2.338960294,0.965261105,0.790085565,-1.250542881,-1.873423575,1.105658698,0.540132358,-1.111906156,-0.788380667,-1.747679468,0.2605544,-1.02821484,0
-1.044117983,-0.625037954,0.706539547,0.221417062,0.051552217,-1.683963434,-0.2019136,-0.617486311,0.206828859,-0.812158364,1.785029792,-0.675880436,-0.515784068,0
0.981378765,0.672647548,-0.443765001,-0.7828368,0.388053329,1.053224694,0.701078671,-0.454780988,0.363505567,-0.757797485,0.818377098,-1.744373371,0.869024824,1
-2.826240466,0.570851928,0.787977693,0.057053837,0.490257444,-2.802785845,-0.008232365,0.574826484,-0.273880933,-0.977268862,-0.102038201,-0.442790938,-0.630498514,0
-1.3764536,1.813230421,-0.441173149,0.43371617,-0.621609226,-0.033447211,-0.164600158,0.394314144,-0.8381382,1.285077589,-0.035861653,1.42978982,0.401381391,0
-1.80127432,2.409699208,-0.787387104,1.297773814,-0.030212727,0.41964531,-0.033585405,-0.083910899,-1.540598008,0.08688514,1.125832179,0.237797363,-0.255021739,0
-0.754589659,-0.395127849,0.105508782,-0.810323435,0.481652284,-0.318177856,0.486231418,1.04943229,-0.71720852,-0.96265513,0.534996035,-0.054455543,-1.120500671,0
0.305600631,-0.37695198,-0.138851852,-0.365768418,-1.239780541,0.535442698,0.792880019,0.888107572,-0.326090282,-0.732719969,-0.354811111,1.330078208,0.352196737,0
-2.851715689,-3.43991588,1.565251656,1.053876792,-0.060054858,-3.16414284,1.591318174,-0.911206199,-1.546486346,0.209639217,0.474801617,-0.178369592,-0.157675585,0
0.003994626,0.517204357,-0.374435271,0.010008347,1.850044679,0.668637692,0.068126456,0.339616083,-0.450491737,-0.748398274,0.119058289,0.372440713,-0.128844489,0
-2.340523988,3.173283168,-0.883209271,0.812434901,-0.614981753,0.213195555,-0.217249328,0.667853913,-1.656425494,-0.327007663,-0.49009446,0.47859111,0.617620814,0
-0.695159829,-0.97738447,0.288030871,1.224786484,-1.831485604,-0.510451605,0.031584656,-0.060185852,-0.690485819,0.770842463,-1.001470512,1.050871449,-0.130546631,0
-2.726283818,-0.230938837,0.714650012,-0.471454213,-0.216787818,-2.326048232,0.025881762,-0.397923011,-0.94970572,-1.299089035,0.087268339,0.144862629,-0.080179917,0
-1.194743752,-0.47607835,0.230663113,-0.166191507,1.722819075,-0.700546208,0.10571252,0.978129458,-0.881203973,-1.104718373,-1.249282557,-0.106643323,0.039998573,0
-1.641431306,1.622835725,-0.892285408,-3.159088014,-0.699212847,0.980011775,-0.945267079,0.135541314,-2.223816663,1.099700038,0.291622251,0.776453433,0.073302029,0
-0.703363383,0.530712591,-0.235440989,0.299441053,0.341004367,0.144623396,-0.140270617,-0.092708873,-0.746251372,-0.807925753,0.771120586,0.254700295,-0.556857125,0
-0.698903185,0.203950149,-0.174257092,-0.493967101,-0.548429124,0.121925347,0.910695692,-0.713258268,-0.849029951,-0.209403068,-0.098906687,1.881244,0.565616044,0
-1.372761695,2.06527577,-0.257522438,-0.218680615,1.890382903,-0.53738866,-0.168795412,1.506012721,-0.234695376,-0.176754182,-0.897952052,1.306098713,2.070458315,0
-0.025213809,-0.746550708,0.060268239,0.481503195,-0.977364745,0.118258776,-0.233021199,-1.273391426,-0.444145288,1.114161367,-0.483406514,-0.221162795,-0.072118655,0
-2.520125148,2.437626906,-0.341911775,-0.616100153,-0.201107795,-0.807784064,0.412280598,-1.976216064,-1.147988161,0.756087881,2.587271456,-1.50807588,-0.741939454,0
-2.249531382,-0.297578706,0.348413746,-0.677753786,-0.029551731,-1.334560738,-0.044155652,0.362613385,-1.404843494,0.456473763,-0.675450517,-0.979946297,0.013687621,0
-2.323274762,0.143666252,0.533305507,0.091121029,-2.262809963,-1.930107178,-1.258146728,0.691514706,-0.724986691,1.905904555,-0.316207535,-0.380851771,1.064083273,0
-2.439850564,-0.204466896,0.339217591,-0.961687718,-0.889299849,-1.401312687,-0.655888779,1.083855221,-1.522158877,-1.072939723,-0.704617489,1.111425957,-1.290078092,0
-0.700994212,-0.501327627,0.07876762,0.456333362,-1.044637351,-0.204773013,0.473104921,0.292892594,-0.80968953,-1.853284482,0.360934032,-0.396037885,-0.489478927,0
-3.644839359,2.30793286,-0.57335334,-2.011981366,-1.754870852,-0.561830274,0.903167592,0.758244776,-2.746247892,-1.25440106,-0.665533867,-0.524536739,0.441625068,0
-1.935131492,2.024045444,-0.472005626,0.646614302,0.494440923,-0.198737689,-1.004689279,-1.306679331,-1.237794577,0.555856452,-0.066369839,0.323393855,0.050090149,0
0.193101249,1.566893327,-0.760421332,-0.528905574,-0.726142436,1.229848942,0.176837615,1.07272703,-0.367715747,-2.507826036,-0.271531917,-1.091585153,0.103576522,0
-2.053142631,0.298075154,0.08219552,-0.799501658,-0.008398017,-0.883388101,0.487009259,0.144337337,-1.385956534,0.782877553,-0.02127285,-0.783760169,1.164034397,0
-0.806533728,-0.884845575,0.273541506,-0.763849205,-0.626774048,-0.542224171,1.198882515,-0.409780031,-0.75116608,-0.498301075,-0.521320348,0.402203064,1.102125708,0
-1.97450468,2.620064648,-0.531799598,0.131817733,-0.031403017,-0.283833533,-1.092336298,-2.220256315,-0.961367458,0.880471105,-0.432694461,-1.388304508,-0.520689096,0
-2.094753056,2.095842141,-0.741456627,-0.494895445,-1.068672767,0.341056217,0.541594106,-1.063753029,-1.928140822,-1.32228682,-0.163737867,1.074013645,-1.890657955,0
-2.127716375,-2.040257235,0.914687473,-0.979611192,0.333230467,-1.971535434,1.846512849,-1.103624724,-1.328964075,0.155422225,0.167090846,-0.035218406,-0.281513457,0
-1.220037519,-1.441531179,0.535603478,-0.441901844,-0.459674644,-1.060291669,0.883383434,0.862151638,-0.939881791,0.474825528,0.591974872,1.109714739,-0.347446404,0
-1.899508314,-1.357950105,0.646302805,0.01001534,-0.15883598,-1.536705386,0.286496291,-1.520067045,-1.222459305,0.220245079,1.357599815,0.773936342,-0.752129886,0
-3.47581772,3.027154403,-0.687008169,0.538229312,0.210063613,-0.507934754,0.205654666,0.668797466,-2.316706897,0.311393501,1.164733042,1.11421807,0.401884663,0
-2.100861677,-1.872606549,0.892664197,0.93259245,-1.615505852,-1.972727491,-0.843934598,-0.476492678,-1.229763807,0.296693209,-0.107631288,-0.419695778,-0.69290223,0
0.480613273,-0.521870989,-0.111603618,-0.541185484,0.828934155,0.575036696,1.74759554,1.360270611,-0.220316013,0.910964922,0.716456749,0.944029205,0.555210788,0
-2.773723301,-2.306702967,1.151357514,0.177544492,-0.261421025,-2.60103211,1.290226486,0.889455402,-1.561001208,0.785081313,-0.045381351,0.224004767,-0.07872822,0
-2.023617276,-0.805598968,0.482520995,0.360155305,0.717722069,-1.395085833,-0.367828171,1.0087816,-1.285942614,-0.527928603,0.003342453,-1.362334074,-1.345339117,0
-1.374857335,1.85992154,-0.520991281,-0.097965732,-0.458905164,0.131625012,-2.447495142,-0.510038175,-0.980971359,-0.412793844,-0.297874123,2.022866118,0.26853593,0
-3.10547469,3.103404802,-0.740365919,-0.316079749,-0.636743623,-0.30687449,0.087961559,-0.284504105,-2.056095527,0.818286759,-1.230796606,1.220299783,-0.422321058,0
-1.209261654,-0.415217322,0.140633045,-2.293878573,-0.47314628,-0.521940931,-1.038885181,-0.776310927,-1.050442228,-0.16075184,-0.233309296,1.81440192,-0.25318781,0
-1.636803072,1.814865292,-0.728980874,0.102382198,-0.767507037,0.543560451,-2.143966832,-0.452424265,-1.710011885,-0.729996672,0.886842659,1.699742742,0.56340436,0
0.727183864,0.383990488,-0.484230861,1.178343994,-0.578666684,1.173046239,1.047339777,-0.236947901,-0.164763513,-1.904983247,-1.76563096,-0.810949681,0.571499968,0
-1.450002874,-1.051349041,0.463078721,-1.397379592,0.152894245,-1.099203682,0.228082126,1.690602804,-1.012123877,0.278389533,0.385673188,-2.183144891,0.617470856,0
1.187795189,1.023703847,-0.311778413,-1.725358108,0.043030402,0.690153747,-3.278558903,-0.213707083,1.101978947,-2.357766087,-0.270198203,0.060889925,-0.880953522,1
-2.174090599,-2.121978013,0.971284252,-0.036209802,-0.454994007,-2.084560749,0.17564127,-1.005607936,-1.30348615,-1.417710494,0.400540179,0.678615246,0.729418547,0
-1.326352542,-0.645151804,0.279660042,0.24667271,0.39780339,-0.79024469,2.255156295,-0.409816695,-1.0124232,-0.661457104,-0.272172556,-0.321424782,1.75471924,0
-1.137394353,-1.522158165,0.585889923,-1.835011648,-0.061579765,-1.122171483,-0.46881297,1.25439298,-0.81508102,0.052103721,-1.201818684,1.928712048,-1.464418246,0
-0.739503903,-0.296329458,0.038876434,1.950029923,-0.147921761,-0.197418221,-0.401726252,-1.721016271,-0.779776009,1.055256273,-0.655707423,-1.132629786,-1.371941626,0
-2.950662609,2.124244908,-0.853254805,-0.316521014,0.812321191,0.337701187,-0.406162263,-1.298192015,-2.905197492,1.04085354,-0.737560974,0.338847096,-0.396880145,0
-1.959364765,1.493638137,-0.690268471,0.316435683,-1.009010231,0.475539117,-2.022876157,0.111514224,-2.144648599,-0.926185876,0.661138013,1.120818649,0.684269956,0
-2.725783542,-1.681027397,0.91721915,0.758424255,-0.679370243,-2.275979136,-0.912392713,-1.77333806,-1.577357831,0.284905565,-3.421379621,1.098870237,-0.451329706,0
-0.433030883,-0.067803418,-0.102429519,2.326318858,0.164194066,0.131181684,0.673416227,0.191013825,-0.658581659,1.389483508,0.797409368,0.188003513,-2.05939596,0
-2.137324492,0.920914246,-0.234059526,-0.32807037,0.674505033,-0.409230033,-0.275182437,-0.491224415,-1.704048323,0.822156433,0.267210655,-0.271999972,-0.622064835,0
-2.244878545,1.143908175,0.203337192,0.258574901,-2.303844969,-1.510503311,0.842802691,0.100703214,-0.650119095,0.273088859,-1.335146612,0.981149519,0.503887871,0
-3.822032108,2.819049236,-0.923042263,0.539094104,0.252428757,0.000556889,2.303784309,-1.061497641,-3.30398422,-0.39613472,-0.933634217,1.299431215,1.411105009,0
-1.654433585,1.810504348,-0.926444407,-0.500754419,-0.323502669,0.987812174,0.694914811,-0.572638519,-2.171705314,-0.593699427,0.074512385,-0.92992661,-1.224974007,0
-2.07759211,-2.601084568,1.092832926,-0.6175958,1.179684494,-2.164094899,0.716674056,-0.18664781,-1.304188801,0.273185214,-0.570425813,0.07021065,0.721824992,0
-1.008664813,0.332304796,0.490171361,-1.297714025,0.901376716,-1.519301933,-0.095201116,-0.58063528,0.467049896,-0.688008815,-0.306099393,0.007437139,0.204254943,0
-0.546454835,-0.882795529,0.207466828,-2.109810031,0.349634258,-0.318072622,2.775622458,-0.215610038,-0.670770888,-0.180727301,-1.047154574,-0.785466067,1.33648999,0
-2.412951744,-0.167714327,0.483786238,-0.143321069,-0.001307534,-1.734312892,-1.394478578,0.994693151,-1.146867781,-1.016700953,-0.298044174,0.993987157,1.19100655,0
-2.173839143,2.317393823,-0.569372919,-0.051011568,-0.403758055,-0.14982343,-0.150842442,-0.978909077,-1.445701928,-1.980328787,1.184941368,0.442851669,-0.601161057,0
-1.703740869,-2.077075827,0.83192462,1.227975635,-0.69338262,-1.648605731,0.877596992,0.009685953,-1.171906688,-0.57227025,0.281301562,1.192519601,-0.335222863,0
-0.034531982,0.972399472,-0.500894699,1.767198063,0.36586891,0.784430562,-0.853724044,1.400706375,-0.428034641,0.332950345,1.658658272,0.078409481,-0.763444929,0
-4.27480016,-3.471235341,1.842665832,-1.006789348,0.657285009,-4.192793866,0.442127642,0.507291379,-2.190153699,0.2871389,0.845365229,0.401624712,0.862268431,0
0.62378784,1.630653879,-0.881964214,0.298175703,-1.720072732,1.607333642,0.224494982,1.089558824,-0.216718341,-0.477051692,0.667322519,0.933693902,0.492282374,0
-2.106332262,1.448208875,0.332398122,0.368824412,0.952818777,-1.870096966,-1.147662628,0.179666039,-0.012383675,-0.93539726,0.840567698,1.046800903,0.147318859,0
-1.667752289,2.556532704,-1.16192839,0.99578351,0.257861617,1.255973715,-1.193711854,0.12477858,-2.154723814,1.189283453,1.333439166,-0.94546834,1.610076123,0
-0.185264232,-1.067743188,0.248755282,-0.318070306,-1.052008158,-0.242550878,0.269277274,-0.654662974,-0.400799047,-0.497627683,-0.590805551,-0.236210781,-1.452981355,0
-1.290241427,-0.827380717,0.347142051,-0.824151992,0.205144441,-0.868858825,-0.590771298,0.58841811,-0.965527999,0.923522599,1.424764392,0.531350275,1.011942908,0
-2.440888704,0.299409004,-0.050038438,1.100927922,-1.917355009,-0.69583516,0.6219137,-0.692566395,-2.020248851,0.294528325,0.645612146,-0.098391827,1.028282471,0
-0.010912362,0.575275414,-0.404261086,1.68303941,-0.7253007,0.711579943,-0.765061898,-1.892504872,-0.487074539,0.483628508,0.086727129,1.195640664,-1.01673117,0
-0.948742447,-0.211531177,0.037748688,-0.012076494,0.691624236,-0.285005598,-0.001792216,0.553747409,-0.901716533,0.819179052,0.526281035,-0.59354405,-1.095136765,0
-2.209538417,-1.406533613,0.897434609,-0.230656169,0.066726456,-2.178594142,-0.868676915,-0.402943069,-0.966008675,1.702147324,1.160210768,1.391995698,0.83055029,0
-2.848198731,-1.201222941,0.694901937,-0.136626603,-0.860743805,-1.975644562,-1.056679125,-0.430587571,-1.824856682,0.777162386,0.774890631,-1.230998188,-0.325475976,0
-1.979919232,1.240065556,0.474135272,-1.547223993,-0.364241323,-2.08195401,-0.320490065,-0.599774369,0.260624529,0.801261546,1.225243208,-0.530179683,-1.039718358,0
-2.200333135,-1.071153126,0.579832356,-0.777105812,-0.358182605,-1.573477367,-0.143531034,-0.447600217,-1.420179431,1.975156589,0.491828718,0.501295789,-0.186859682,0
-3.153854433,-2.263406691,1.250027194,-0.222694608,0.008449539,-2.949662016,-1.181767219,-0.154578383,-1.639245871,0.526385289,1.277347081,-0.132404113,-0.448111226,0
-2.825009111,3.119612786,-0.369494135,-0.301845894,-0.177029456,-1.072717874,0.207325834,1.469643887,-0.96696673,0.098512221,0.892664419,-0.59385599,1.106853624,0
-1.259544615,-1.566730037,0.584887017,0.453359728,0.271649237,-1.13948039,-1.106203309,-0.806173606,-0.957274832,-1.225417512,0.796298761,-0.486168102,0.638843023,0
-0.119438096,2.012390338,-1.073125421,0.524337286,0.299411938,1.692364457,1.851154062,0.710514087,-1.009651198,0.591432599,-0.513649015,-1.36260028,-0.93760778,0
-0.485528805,-0.164608598,0.219107856,0.155575113,0.02316608,-0.579142198,1.319101027,-0.986912627,-0.055275051,-0.016073886,-0.072064211,-0.318403574,0.727279376,0
-2.827675648,-0.113625961,0.177967081,-2.954390599,-0.857166542,-1.179416297,2.34887597,-0.07078055,-2.154800686,-0.248594408,0.665255695,-1.065746313,0.549241478,0
-1.010223258,-0.952873166,0.331549607,0.548926713,1.692376449,-0.708642055,-1.030268092,-1.992438655,-0.849674467,-0.085994212,-0.312565884,0.937090828,-2.041268794,0
1.553957967,3.066649971,-1.574838731,-0.474078203,-0.644613306,2.942605888,0.240208875,1.789022741,0.11304085,-1.285965487,-1.092060935,2.464701984,-2.153745748,0
-2.264582517,-0.657024196,0.474933778,0.84184231,-0.879000475,-1.499577032,0.104849742,-2.10177638,-1.402468055,1.297338321,1.062757418,0.304781761,-1.933525739,0
-3.799319343,2.927675215,-0.651933957,-1.412258627,-0.591488257,-0.645860316,1.189172783,-0.131700254,-2.594777904,-0.37074422,0.020692583,0.107979813,0.470753242,0
-1.175544151,-0.83625992,0.347247727,-1.150811844,1.069206294,-0.832891807,0.516885116,-0.12954439,-0.871760324,0.727042769,-1.270724738,-0.597887462,-0.333135187,0
0.395197101,0.900334614,-0.589846495,0.114145919,1.492973408,1.135434717,1.073944993,-1.859895445,-0.306152493,1.655856278,1.145391267,2.539040319,-0.137138624,0
-3.238848734,1.91782125,-0.29269983,0.687140306,-0.145228646,-0.944155596,-0.082445959,1.160952691,-2.053267945,-0.326417626,0.429350714,1.240383435,-1.031997891,0
-1.205014833,-0.063803261,0.646872728,0.404049167,-0.316683488,-1.792187741,0.521003897,-1.849408006,0.351451723,1.210065933,-0.306381364,-0.252880066,-2.441706987,0
-2.559526266,-2.227340483,1.091805377,1.980289034,-1.060033195,-2.432062564,1.122481276,0.828986613,-1.448319192,0.36641779,-1.926195726,0.466424234,-0.441746859,0
-1.005522914,-0.119970516,0.015353424,-0.667843058,0.341211717,-0.282756451,-1.123320575,0.500004085,-0.933191536,1.54006724,-1.806164208,-0.79472802,-0.938012447,0
-1.624967718,-1.607812006,0.688041172,0.690187775,1.286665001,-1.464401292,0.094074532,-0.938365448,-1.075607928,0.814979024,1.32276283,-0.344133401,1.084442988,0
-2.357042316,0.414747056,0.07679966,0.635228479,0.05687195,-0.999799145,0.00174746,1.286300886,-1.576340435,1.004831257,0.244609172,0.829126772,0.552719745,0
-3.655095489,-4.234996974,1.981766239,0.633503956,-0.637825522,-4.061217941,-0.634836352,-1.578424976,-1.907099635,-0.008250969,-0.334586249,-1.203818447,-0.146366176,0
-1.006616406,-0.382271566,0.132303946,-0.267577168,-0.596197302,-0.456164256,-1.864855472,-0.318727423,-0.867573656,-1.671682913,0.708660067,-0.150362928,0.288012896,0
-0.165440461,0.694299529,-0.420745541,-0.490049781,1.35661393,0.662580323,0.13236395,0.613802896,-0.570142597,0.098648469,-0.080069666,-0.103966513,-0.713008914,0
-3.350195852,-2.234648622,1.274969266,-0.309970275,0.452022317,-3.072966921,-1.408506127,0.21392497,-1.733269745,0.467928342,1.074627915,0.620038336,1.991496007,0
-0.880496929,1.14611278,0.13357075,-0.437846179,0.232941772,-0.959462841,-0.091916822,-1.566797957,0.386441564,-0.373218179,-0.485453621,0.90827956,0.289447815,0
-2.299512411,1.818767193,-0.447026686,0.959423557,0.515767602,-0.288402786,-0.268394821,-0.216696086,-1.653199784,0.694595659,-1.098023309,0.101728445,0.400050757,0
-2.384308911,-2.408990903,1.090163579,-1.138578885,-0.637731963,-2.313991903,-0.785775152,0.572429446,-1.434608085,1.384203093,0.971769469,0.31752592,0.755858334,0
-2.55163817,-0.312037013,0.41315911,-1.665157152,-1.026016955,-1.563463845,0.477238862,-1.663559228,-1.534185692,0.476034809,-0.146744573,-0.091630784,0.886580565,0
-3.352095708,0.849974797,-0.035011887,0.278079596,0.06887464,-1.186151959,0.289811196,1.438028722,-2.371213074,-1.44371837,-0.482800689,0.826651797,-1.435368827,0
1.425003817,0.120795229,-0.176249882,-0.843795458,0.813753425,0.768358947,0.065689674,-1.424815602,0.939121637,-0.018588556,-0.430327042,1.046061968,1.101442634,1
-1.74148963,-2.637971907,1.080929169,0.226748097,1.363290165,-2.027184459,-1.16003737,-0.049209692,-1.064933913,-1.233652939,-0.480151257,0.472747223,-0.780348876,0
-3.651289972,-1.891171632,1.176024198,-0.651045066,-0.160065404,-3.056078437,-0.480380379,-0.238018379,-1.961771833,2.193608773,0.543436755,-1.219914977,0.775055073,0
-3.342929638,-1.449745442,1.009846272,-0.306185136,0.09295181,-2.745305775,-1.248075953,-0.488917423,-1.735789833,1.602557191,0.348079884,1.001868808,-0.228312865,0
-2.110356417,-2.058976992,1.680151341,0.751090543,1.698458702,-3.695864989,0.58645313,0.010067009,0.389663792,-0.879136093,-1.918589424,-1.125870827,1.60740455,0
1.074250309,-1.827836488,0.282738913,0.713004011,-0.855728342,0.310692962,-0.604772155,1.861562288,0.207861364,-0.043817676,-0.116579283,-1.049866617,-0.491543376,1
-2.417422645,-0.904401842,0.56690462,0.708430968,1.067701974,-1.665353742,0.578428889,0.830623923,-1.514267747,1.080908399,-0.661807347,0.511215374,-0.779914209,0
-1.167050849,-1.314477116,0.499030518,0.663309492,-0.01257765,-1.006690879,0.226031099,0.21319818,-0.880814399,0.142800539,1.218567701,0.486486398,-1.166014389,0
-1.474140173,-1.917288313,0.739111613,1.90078194,0.114626418,-1.428011185,-1.378111257,-0.4355109,-1.060357081,0.823120026,-0.413705636,-0.329597678,-0.284753379,0
-2.436583856,2.201999868,-0.643892881,0.749198817,-0.775904386,-0.016095317,0.630236199,1.499382622,-1.928490848,0.553351711,0.791023039,0.411965045,0.196451081,0
-2.472615428,0.277234477,-0.250661777,0.157410808,-0.566949883,-0.242227554,-0.655402523,0.122757821,-2.514640356,0.311985071,-0.205832134,-0.177508525,-1.302266238,0
-3.272703376,3.181662112,-0.722091647,0.5846506,0.535836152,-0.424045165,0.595736259,-0.295923952,-2.102702563,2.246337548,0.321242775,-0.847262107,0.383357937,0
-1.35203748,-1.731593867,1.112884502,0.813840571,0.393634877,-2.305646572,-0.00738887,-0.214328066,0.023523062,-0.164155433,0.375621232,-0.442225526,0.45014976,0
-1.305525906,-1.267980769,0.502599168,2.823730274,-0.307847417,-1.071062087,-0.10024759,0.38741859,-0.959018424,-0.406774351,-1.203952525,-0.268194547,-0.873930544,0
-1.767031784,-0.563160413,0.331216224,0.242164212,-0.102260795,-1.06308877,0.411109055,0.25077201,-1.22035997,0.13452574,0.363386956,-0.419889208,-0.705571198,0
0.784076829,1.576565287,-0.913247488,1.717332651,0.740742514,1.743515356,-0.33120808,-2.552305851,-0.1873157,1.289585711,-1.611942267,0.629904258,-0.06021039,1
-1.605919309,1.674206425,-0.441622089,-1.517073037,-1.42030178,-0.049796858,0.917366649,1.472983578,-1.143317085,0.683861114,-1.286469494,-0.096144288,0.754187961,0
-0.118107404,1.52257072,-0.710457372,0.091998985,0.143882373,1.042330385,-1.541246922,-0.90477708,-0.560466315,-2.024265413,0.472083953,0.730748709,-0.27829169,0
-2.70090836,3.272476114,-0.891029889,1.701325106,0.845843845,0.092127636,0.028076181,1.199537839,-1.914624221,-0.139870359,0.196511926,0.086859776,0.116414228,0
-1.476263988,-2.252010068,0.902889931,0.906650008,-2.403228592,-1.682475837,0.06117723,-1.646602811,-0.944639885,2.245422053,1.031462514,-0.262500531,1.756212083,0
-1.477078772,-2.130061394,0.824039096,0.530882696,-0.922427334,-1.546725225,1.017876693,-0.00761402,-1.031223509,-1.390390408,0.246168096,1.053590584,-0.543457865,0
-2.074149904,0.058404107,0.994663378,-1.196871086,-0.809554516,-2.874556379,1.543000865,-2.23228171,0.464040087,-0.082389288,0.130778682,0.129735741,0.123676442,0
-2.806726685,0.133685568,0.654011084,0.689784148,-0.295216388,-2.339803785,-0.520152486,-0.057921203,-0.883789898,1.365870433,-0.877342529,1.439735746,-1.609414143,0
-0.720096798,0.109903141,0.222364918,-0.757408656,0.410976165,-0.750612857,-0.130700327,-1.137832151,-0.047862977,-0.265446378,-0.188405816,1.128969201,-0.09771089,0
-3.015503857,-2.181934772,1.146219922,-0.666603626,0.41358829,-2.702952253,0.270436872,2.254382394,-1.690515655,-1.110789184,0.197285291,-0.126176001,-0.337503298,0
-1.488480056,0.234915246,0.221471063,0.271034253,0.357162586,-1.014157787,-0.895947004,-0.938179851,-0.627530002,-1.267336966,-0.669356096,1.634605512,-0.196811123,0
-0.909887689,2.530619722,-0.651288581,-1.233836586,0.574722941,0.325680436,-0.397912574,0.216701991,-0.366559533,0.528777159,-0.125879327,0.671850307,-0.095604147,0
-2.550039409,1.38565102,0.252645826,-0.739629048,1.636181301,-1.795264781,2.661318652,0.689506828,-0.625492164,-0.325621283,-0.605677213,-1.245766164,0.071777826,0
-1.443134165,0.371040108,-0.025603386,1.497982176,0.93348488,-0.488573634,0.547950191,-2.151534683,-1.040657617,-0.251730529,0.116262366,0.236450313,0.165483962,0
-1.691013889,-1.05803393,1.046925465,0.312515166,0.227947262,-2.490425711,-1.284415027,0.464961646,0.082378348,-0.262882473,0.231406351,1.740858077,-0.32674459,0
-2.332943615,-2.371419737,1.080027752,-0.36207269,-0.557115048,-2.289383998,-0.63071888,1.721414775,-1.384445361,-0.410605179,-0.220999276,0.236779597,0.720738843,0
-0.749468468,0.838721299,-0.374185473,0.770653717,-0.737293228,0.337785708,-2.006402631,-0.294365172,-0.867860016,0.220538493,0.553271538,0.1697543,-0.172943161,0
-2.073909312,1.974414635,-0.959966756,0.202780363,-0.434073822,0.885253212,2.18226781,-1.384435604,-2.490855923,0.481055724,-0.026296201,0.611583926,-0.943532117,0
-3.310402985,-1.326288705,0.893373299,2.306164003,-1.142698886,-2.515147277,0.879856738,-0.953184339,-1.876543595,0.209222134,-1.614278581,0.060754656,-0.3578036,0
-0.322104241,-0.101171906,-0.081325129,-1.665739537,0.029696584,0.12704152,-0.183382107,1.08225561,-0.539275488,1.194496702,-0.665843234,-1.770887746,-0.458471114,0
-3.161500722,1.676309316,0.150687875,1.929353344,1.177718035,-1.842527626,0.818957756,-0.13604263,-1.171215138,-0.823788875,-0.501392046,0.146903673,0.333913681,0
-1.266376281,-0.173857054,0.928797936,0.707913339,-0.238490857,-2.410583189,0.843184219,-0.001612672,0.848250895,1.596106515,0.245437623,0.212093044,-0.017860701,0
-2.064967099,2.488120554,-0.673097182,1.980196342,1.102526956,0.056845427,0.737606764,-0.492602871,-1.455893055,0.410695314,-1.18722041,-0.913059738,-0.913599826,0
-1.276206839,0.62214739,0.041365852,0.455902633,1.065414778,-0.680485935,-0.765884068,-0.321152187,-0.557163701,-1.234645417,-0.886238433,0.726514919,0.357065374,0
-1.056567464,-1.006778848,0.378812405,-1.253403856,-0.090760073,-0.810260582,-0.550435652,0.178613197,-0.824346859,1.316196739,1.239647928,1.493019604,-1.368809436,0
-1.708766721,2.907433715,-0.84308257,0.307961552,-1.374399248,0.397820273,0.069780702,-0.477406232,-1.213186191,0.210872359,1.045802916,0.983178481,0.012390076,0
-2.067149484,0.755458076,-0.220236492,-1.029129678,-0.42474439,-0.362221019,0.902916551,-1.177836355,-1.735277569,-1.115784711,0.024625989,-0.933027971,-1.043277594,0
-2.366311323,0.053890652,0.303762638,-0.364001235,1.650102214,-1.39043551,-1.462914887,-2.280415973,-1.344608857,-1.257629523,-0.840579748,-2.209079052,0.258738195,0
-2.62564894,1.903236365,-0.270926285,0.804314341,-0.807272746,-0.81151398,0.351618837,0.829833692,-1.47982683,0.151915782,1.844200689,-0.321165301,0.180964637,0
-0.762712739,0.417866822,0.38928211,-0.634044952,0.479227552,-1.249605129,1.537646034,1.842122108,0.519343788,-1.94581177,-0.499103491,0.015131077,0.570391655,0
0.60048871,1.345615114,-0.792039376,-0.14099181,1.146171241,1.496794619,-1.258847788,1.613773888,-0.248103299,0.136735712,0.5177246,-0.474431054,-1.038938432,0
-1.844017634,-0.515337148,0.342329723,0.390020956,-1.325197082,-1.127297664,-1.462739565,-0.560085156,-1.226949762,-0.468274174,-0.27394032,0.534547801,0.234039659,0
-2.41088665,0.747080113,0.337955113,1.024568164,0.898526993,-1.724302499,0.109948538,1.399271375,-0.789306533,-0.288347268,-0.657355342,-0.496073569,-0.363354095,0
-2.92031229,1.576132513,-0.153772617,-0.018819678,-1.039748109,-1.047311539,1.120450492,0.169400081,-1.718492784,0.549217085,0.195365576,-1.830152213,-0.726355302,0
-0.141491228,0.482862913,-0.344445201,0.179445389,-0.560488481,0.570718091,-1.22838294,0.923900167,-0.535887861,-0.392026682,1.000676428,0.287800426,0.051440997,0
-3.677862994,3.426790737,-0.978510096,0.757751315,-0.064449279,-0.045518332,-0.494668058,0.808892245,-2.848820789,1.898555449,1.42613282,-0.899412987,0.185126157,0
-1.837619372,-1.788373982,0.770114891,-0.397328974,-1.574428404,-1.648455343,-0.505880195,1.297710056,-1.211961623,-1.274428057,1.422079264,-0.132487787,0.775484767,0
-2.383801957,-1.286146255,0.67791167,1.209124235,-2.556121781,-1.773316931,-0.318956536,1.396746418,-1.520843128,1.432966863,-1.748532441,1.391892479,-0.905188606,0
1.501469995,3.695824586,-0.85378234,-1.317177713,1.113991956,1.071275794,-1.610797238,0.115778081,2.154734081,0.236695696,-1.563504267,0.844535765,0.4395205,1
-0.83363457,0.924449707,0.173803022,0.710342481,-1.124731058,-0.9593284,-0.884967627,-0.360918373,0.352145856,-0.678144546,-2.230767653,-1.405952664,1.541835745,0
-3.152631832,0.229717707,0.114624465,0.885236614,0.863842094,-1.250103695,-0.856612644,-0.604580088,-2.324359928,-0.37478385,0.47181174,-0.500215864,-1.272993332,0
-2.495394243,-1.64715695,0.852147509,-0.536364525,-0.116890914,-2.073843335,-0.331544749,-1.800541055,-1.496882604,-0.670909208,-2.778410696,-0.373131494,1.643407138,0
-0.217248115,-0.464438946,-0.016367535,0.728894936,1.690627969,0.137569272,0.587848091,0.157739073,-0.573169415,2.01220394,0.37110196,-0.711809282,-0.06826672,0
0.460314113,0.710523048,-0.544339774,-1.069496405,0.214373648,1.117686851,-0.390579249,0.469194862,-0.288893984,0.387767519,1.743547391,-0.048988788,-0.420757659,0
-3.248572812,-2.340541916,1.259610589,-0.044572766,-0.935782005,-2.971627745,0.338742658,-0.144542985,-1.758043343,-0.049534564,0.045803256,-1.128884007,-0.244450361,0
-1.301198654,0.847495192,0.09652929,-1.448530942,-1.133006566,-0.891942883,0.694211043,-0.532851541,-0.286982703,0.823294994,1.260951685,-0.209528382,-0.590025969,0
-2.770964815,-3.527144204,1.581027295,0.872735201,0.198431365,-3.145986666,-0.083885857,-0.71524039,-1.505697011,0.759753186,-1.348990868,0.196665326,-2.190647694,0
-0.322186817,0.780914504,0.107212274,-0.383813913,2.384644978,-0.610357833,-1.129258365,-0.619923662,0.542202278,0.064905516,-1.350991035,-1.445378337,-0.636659247,0
0.160970486,-0.258107759,-0.129950656,-0.149990366,0.143569998,0.431792276,-0.275184763,0.807658522,-0.343692374,-0.165153907,-0.865767751,0.947094243,-0.526288691,0
-1.801753825,0.101374767,-0.111215923,-0.114170268,1.127281123,-0.303163858,-0.717263906,0.6952675,-1.747231106,0.296583837,0.426567912,1.386780657,-0.682742845,0
-1.831972534,-0.85710175,0.449845018,0.50454734,0.122372503,-1.247608405,0.719976796,2.076485453,-1.230352821,-0.52884392,-0.226942179,0.225336018,-1.181249665,0
-1.839796404,-1.072905089,0.529232844,0.818146086,-0.8639629,-1.354104662,-0.746168772,-1.800970313,-1.220176732,-0.750379468,-0.704823883,-1.360995789,1.338093648,0
-1.577660557,-1.363181872,0.604828265,1.337899675,-1.020051855,-1.347965075,0.669384809,1.400164688,-1.038366311,0.606656219,0.872561817,0.382395011,-0.503852073,0
-1.257106104,-0.759900481,0.305407366,0.095848884,0.238436025,-0.788355167,1.097904757,-0.118411922,-0.979852753,0.201240941,0.850496754,-0.347054011,0.920747447,0
-0.818887191,-0.409215109,0.753543298,-0.926493843,0.110915098,-1.801385868,-0.936260372,0.305843644,0.670098328,0.798107713,-0.425557359,0.805231273,0.90492015,0
-1.311803799,-2.171066459,0.824462584,1.271215052,1.673467608,-1.485604753,0.468651688,-0.815578432,-0.916559821,-0.941116745,1.473581735,0.727275215,0.845194475,0
-2.211362019,-1.591241085,0.767689011,0.819447892,0.812890329,-1.820010117,1.027688738,-0.845851314,-1.396602902,1.238734877,-0.321771355,-0.530605184,-0.26609835,0
-2.881461506,1.3573829,0.382294167,0.388398869,-2.058526089,-2.174960866,1.080966171,-0.321486012,-0.645123426,-0.580531441,-1.988260922,0.507083363,-0.913206901,0
-0.263899181,0.29805308,-0.275013048,-0.89506156,1.675925127,0.442858084,-0.982669894,0.657972538,-0.624970909,0.160054962,-0.805908905,-1.594619613,-1.206684886,0
-1.293718666,-1.613256621,0.613002649,-1.192645163,-1.108749408,-1.196758007,0.212363746,1.442821475,-0.958770453,-0.110373336,-0.755792225,0.053888607,-0.409297123,0
-2.289728434,1.717188116,-0.008301964,0.353679596,-1.250428545,-1.244839235,-0.176407054,-1.823492735,-0.736140447,-0.284930819,1.100391824,0.626244266,-0.994717274,0
-3.558197436,0.20555179,0.954308599,-1.239583549,-1.794691659,-3.262842762,-0.842163764,-0.423959157,-0.812592684,-0.267067698,-0.663551644,-0.599122393,0.808576406,0
-1.063769277,-1.616335855,1.165035974,-1.619919803,0.378353969,-2.381236808,1.713529729,1.377366579,0.478311518,0.952590508,0.387827342,0.88883882,0.902491656,0
-1.102944131,0.318220606,0.07408333,-0.936431197,0.920258761,-0.597952143,-0.212304542,-0.297464175,-0.559356134,1.000000026,1.562684951,0.271452794,-0.614125968,0
-3.91297313,1.852706036,-0.355969945,0.821564125,0.104046481,-0.972274494,2.034749158,1.231304264,-2.832517221,-1.198361547,1.017147674,1.510731652,0.264824242,1
-1.721393711,-2.206583167,0.907835353,0.242574689,0.742428818,-1.780361573,0.454270768,0.939214136,-1.113689571,-0.056789833,-0.845957397,-0.267685104,-0.178669371,0
-2.260849047,-1.935494091,0.914925053,-1.392451368,-0.345069864,-2.047276127,-0.143995926,0.146317429,-1.366476679,-1.234719558,-1.874986789,0.495135471,-1.62912711,0
-1.521740368,-0.933031028,0.790235287,-0.278464714,-0.274243508,-1.903377919,-0.447210737,-0.507667849,-0.252407109,0.510439978,0.35485654,-1.508848684,-0.414386716,0
-0.502544111,1.487259916,-0.914733973,-0.488799798,0.038084506,1.40708628,0.564864132,1.586114131,-1.38086585,1.912178048,-0.937413788,-0.419874162,-2.074959681,0
-3.15169134,-0.472876176,0.583019823,-1.221671484,-0.144000911,-2.065285891,-0.563321155,-1.308018974,-1.797149145,-0.875418504,0.092981862,-0.673822078,0.773266215,0
-2.845685448,-2.542683495,1.229612193,0.397286023,-1.999931905,-2.716374579,-0.31063492,-0.611314338,-1.62443991,0.080084147,0.967025637,-0.512809846,0.220409215,0
-1.261964921,0.027842866,0.066663735,-0.045405666,0.071834598,-0.525012305,-1.245459984,-0.105927387,-0.931654234,1.918869254,0.135550964,-0.169119146,-0.862794293,0
-3.520335087,-2.294885561,1.306295259,-0.124198109,0.835486949,-3.171932985,0.062713293,-1.507392059,-1.85652977,-0.154116229,0.10787675,0.259442875,1.203067412,0
-0.652595559,0.441171248,-0.074298659,2.438399345,1.133942554,-0.174718945,-0.48095273,0.384258137,-0.40721755,-0.310777179,-0.326060322,0.035601968,-0.052197505,0
-2.626917083,-2.480204773,1.210229402,1.38095309,0.324623874,-2.631251969,0.972661304,1.999828596,-1.43024429,-0.173264124,0.561116896,-2.021602503,0.384128398,0
-1.086633984,1.767588205,-0.588738244,-1.572750406,0.095264064,0.400838046,-0.084129583,0.546524416,-0.95021442,0.488154265,-0.516048156,-0.618977568,-0.454900668,0
0.258980712,0.898990914,-0.569561229,0.658800925,1.215723919,1.050607979,-0.346622422,-0.021355288,-0.380593391,0.080031089,-0.332045636,1.152455659,0.181397737,0
-3.581851958,-2.042020526,1.186906082,0.382290441,-0.934358185,-3.00774258,-1.053315526,0.337046775,-1.989338322,-1.19136909,0.437956109,-1.019895651,0.805406113,0
-1.214164132,1.734876429,-0.508428683,0.35628005,-1.586597561,0.193411837,0.7998134,-0.294129141,-0.905814017,0.103360199,-1.067073216,0.144092883,-1.249777316,0
-2.179489434,-2.748796158,1.208923618,0.008761536,-0.070400852,-2.404879684,-1.109166457,0.562557552,-1.242978572,-1.529756528,-1.072559831,-0.725490115,0.420891331,0
-3.443078571,-2.696827048,1.413697877,-1.712121732,0.210499706,-3.252040192,-1.438819298,1.661270012,-1.848165708,-0.181786522,-0.555319886,1.419578908,0.272453301,0
-2.661700608,-2.359330204,1.144402268,0.777888376,-0.186383341,-2.534458498,1.518932315,0.130153855,-1.518072225,0.926955712,1.181832557,2.288399376,0.491734785,0
-2.420413252,1.040308868,-0.030207953,0.929189562,0.735443286,-0.995123345,-2.011491325,0.874114082,-1.40474543,-0.098445314,1.343008084,0.286278223,1.804448972,0
-1.645664443,1.864855422,-0.680208255,-0.011006322,-0.95891409,0.412840125,-0.733425167,-0.354850731,-1.570999804,-0.738715266,-0.540139039,-0.89083168,-1.948378507,0
-1.402515725,0.187858122,0.684830782,1.318607828,1.113000699,-2.023634189,1.031042739,-0.167631525,0.452030752,-1.463101251,0.243620021,1.240939187,0.846351426,0
-1.125428383,-0.2417473,0.07267172,2.034188926,-0.101765961,-0.404561702,-2.009216539,1.267073003,-1.000210417,0.087650225,0.793018676,-0.159189091,0.492460931,0
-3.559082002,1.339581644,-0.15535817,-0.129503714,0.334069362,-1.144906264,1.675975871,-0.386762789,-2.456457063,-1.281784195,0.06054782,-0.953763666,-1.264894208,0
-1.503738191,1.660379557,-0.248676058,-0.394599467,-2.518830955,-0.453024491,-0.002735556,0.84206886,-0.631503931,-0.233589732,0.976982808,2.198837038,0.343355348,0
1.63160172,1.180812397,-0.942114841,0.239196698,-1.438518153,2.192474711,0.791094752,1.012932794,0.192561934,2.045722269,1.002281802,-1.909194618,0.510966777,0
-3.07081304,1.811632309,-0.150180134,0.385990811,1.59680828,-1.181588983,2.012328582,-0.741227417,-1.666041328,-0.58653129,1.31740117,-0.603758369,2.624626679,0
-1.224326666,1.344537021,-0.06841241,0.16954041,0.696631501,-0.670287538,0.637333041,0.07166414,-0.218853677,-1.026068083,-0.179732514,1.086530558,0.523160033,0
-1.65535815,0.733477432,0.264383612,-0.356455787,-0.00639232,-1.334723956,-1.235922174,0.140362907,-0.30476575,-1.231868554,-1.277604824,0.027999545,-1.060884256,0
-0.710205151,-0.78291224,0.239880855,-1.186734822,0.179497703,-0.473901483,-0.350069162,-0.024434617,-0.666470364,-0.574894483,-0.89446698,1.151852376,1.686000245,0
-1.424789851,1.732242013,-0.051438302,-0.6999809,0.394971282,-0.902783444,-0.267212024,-0.910026447,-0.066376933,0.27755397,0.329625531,0.223030258,-0.471844621,0
-2.105882354,-2.869491193,1.221218606,-2.331637977,0.226492959,-2.369136583,-0.45602929,-0.59225575,-1.241222061,0.528159262,-0.284903597,0.539574454,0.288545179,0
-2.33553877,1.014629981,0.271471761,-0.370444935,1.198259733,-1.645766208,-1.589930672,0.55312078,-0.672931754,-0.878808929,-1.731803699,0.510841979,-0.456150807,0
-1.290380183,-1.681593566,0.627614441,-0.372492513,-0.143232684,-1.204929675,1.380377663,0.337446964,-0.974089173,-0.767774283,1.070431937,-0.975910493,0.001891028,0
-0.342464677,0.00901219,-0.114601334,-0.390197304,-0.264275603,0.157931842,-0.320177922,-0.308653657,-0.549456236,-0.851737106,-1.390023722,-0.013971394,0.747071903,0
-2.708737117,-1.485643533,0.881008581,-2.872951138,3.745379228,-2.257567503,1.472822306,-0.395467569,-1.497849528,-1.186158568,-1.120002574,1.658212243,-0.641613069,0
-4.661458649,-3.462020125,1.923355654,-1.328438248,-0.873410998,-4.490562061,-0.480963413,-0.881893458,-2.339882885,-0.575443073,-0.09673484,0.344834309,0.349083602,0
-1.241064852,1.192638125,0.27029874,-0.296902581,0.280897437,-1.389891569,-0.404309805,1.642034021,0.413081262,1.207953476,1.244450609,0.329269325,-0.872524793,1
0.614176724,1.210262324,-0.725431669,-0.094891553,0.501744345,1.397230437,-0.565155145,-0.084649761,-0.187754632,0.057062424,-0.146181923,-2.598272652,1.03983002,0
-0.910181533,-0.268917874,0.418868085,0.222377749,0.777549766,-1.118025093,-0.110399904,-0.43109999,-0.055782207,-0.165968408,0.22014519,0.731037525,0.852441265,0
-1.458816602,2.101273328,-0.503151849,0.427851671,1.29979733,-0.01782092,-0.545244569,-0.046162051,-0.834078241,-2.050293893,-0.697094851,-1.203475655,0.777535772,0
-1.823491924,-1.143271914,0.520111504,-1.908183275,-1.17925457,-1.304001136,0.762215944,1.616437901,-1.278937499,0.640187822,-0.94793529,-0.04700455,-1.082528146,0
-0.312467349,0.675460884,-0.006776253,0.87287895,-0.342964836,-0.31201364,-0.8652106,-0.391953668,0.216209812,1.238856034,-1.497627866,-0.747933622,-0.130785719,0
-2.522247313,0.523737131,0.24907922,2.942752646,-0.746121013,-1.476432065,1.402362653,0.016919799,-1.252700126,0.388182293,-2.588359164,-0.748157937,-0.1269292,0
-2.997647192,-2.780694372,1.349005292,1.793201646,-0.502316101,-2.94737571,2.021813005,0.599101013,-1.666953311,0.369647436,-0.893624719,-0.647638799,-2.340284455,0
-3.084566367,-2.713181256,1.353343831,1.02099247,-2.672894813,-3.006001583,-0.05806947,0.482169182,-1.682718358,1.852107018,-1.7800993,1.299469549,0.290458269,0
-1.876839566,-0.901799199,1.047703098,0.241452425,-0.350365844,-2.600670272,0.070098959,0.336517566,0.038490145,0.072806129,0.09109401,-1.489244251,0.558900524,0
-2.30687538,-1.232646237,0.6516324,-0.281568028,0.15385086,-1.710319737,2.080884048,-0.310647269,-1.472687527,0.646192961,0.562931935,0.928730687,-0.609708426,0
-2.135083279,-3.35260391,1.382926525,0.281353023,-0.015224626,-2.574598431,1.083168021,0.575440826,-1.264578821,-0.425110838,-0.433054324,-0.316788262,-1.456043831,0
-2.872691785,-1.596365038,0.926170215,0.242580209,-1.303236874,-2.368394269,0.084085202,-0.954673191,-1.622356382,-1.851103674,-1.397701488,0.046896037,0.289915402,0
-3.277813278,1.129367218,0.324073719,1.27081223,0.17695925,-2.077184116,2.35033912,-1.878856914,-1.292093668,-0.050879652,-0.919810613,2.565154059,0.386446184,0
-3.71234491,-3.258660702,1.657786565,0.107986711,0.831995007,-3.685930045,-0.352482047,-1.790682926,-1.955095325,0.036959024,-0.480015249,-0.394600077,0.542183638,0
-1.763824699,0.660592944,0.347949054,0.720727238,0.656385301,-1.529924607,1.492831891,2.346401324,-0.266404505,-0.682021815,1.205369556,-0.819731356,0.602535366,0
-1.778840248,-1.79220647,0.766757388,-1.308698935,0.88414743,-1.622538457,-0.11996847,0.330984006,-1.171027023,-0.627503668,0.929725836,1.238881066,-0.026062495,0
-2.217551027,-2.08826395,0.983218747,1.02730307,0.090182246,-2.136004498,0.134131682,0.161289746,-1.289491248,0.624750562,-0.854682717,0.14627208,-0.054161498,0
-1.256285645,-0.675604524,0.283561927,1.709117098,0.479579709,-0.768184541,-0.359705367,-0.059625084,-0.965217662,-0.378443259,0.305779072,-1.179647515,-0.1584518,0
0.003091029,-0.896912372,0.099287735,0.050261567,0.697043024,0.090747102,-0.060895322,0.113700183,-0.444136255,1.392311073,0.233478328,0.813533875,-0.042808178,0
-0.842427834,-0.776274502,0.233487261,1.194744949,0.729934089,-0.49987731,-1.664320692,-1.150760867,-0.791323489,-1.599037897,-0.060467301,-1.997574875,-0.817521801,0
0.179619314,0.43473186,-0.406703896,-2.026192355,-0.219794303,0.82144722,0.268546132,0.85038017,-0.431098427,1.487941082,-0.654728611,1.373472108,-0.29954058,0
-1.624682368,-0.818341432,0.403853369,-0.349142617,0.800652881,-1.097123175,-0.943791091,-1.26213943,-1.123589228,2.081751612,0.834453412,-0.783985323,0.964541573,0
-2.64443486,0.364680274,0.288058841,-2.013998322,-1.40808131,-1.544213617,1.711300515,0.214300232,-1.390689676,0.851943778,-0.836755691,1.155994454,0.397616834,0
1.361820175,2.811282239,-1.01174216,-0.384070067,0.460009666,1.699883924,-1.102775327,0.632094233,1.018007206,-0.702006677,0.821094563,0.822775965,-0.659733321,1
-1.328293421,-0.855965846,0.82030925,-0.828408107,1.190885933,-1.942840829,0.001353302,2.513643468,0.041530654,0.900205653,-1.474382869,-1.078660771,0.260054515,0
-1.386146393,2.702882033,-1.157071681,-0.420264031,-0.244095562,1.274796097,-0.748274655,-0.658113493,-1.788655077,0.858663439,0.542985202,-2.021993523,0.544322705,0
-2.995094985,0.123317942,0.03611018,0.396271564,1.659270664,-0.989232775,0.848836796,-0.666317217,-2.442384837,-0.22160339,1.730815193,-0.796224123,-0.693697968,0
-1.568438559,0.02179374,0.615423946,0.806543864,-0.726657797,-1.855773455,-1.880007602,0.223074273,0.027434954,0.029491195,1.558360779,-1.378218704,0.712036459,0
0.149018675,-0.543662998,-0.029545562,1.124831535,-0.447885802,0.300941109,0.657660794,1.978222966,-0.342039684,-1.479373521,-1.321118295,-1.426207284,0.853324244,0
-3.164557646,3.458545927,-0.638232411,0.21789739,-0.47120304,-0.680271269,2.200923818,0.79995243,-1.613400368,-0.260989334,-0.752921869,0.782416705,-1.137794331,0
-2.585795199,0.907179368,0.270112531,0.379672856,-1.490465994,-1.677138652,-1.129975871,-0.970348349,-0.974736939,-2.216877677,-0.077501189,0.654979794,1.678185379,0
0.799958099,1.712246741,-0.934978227,-0.694668188,1.390570158,1.74972269,1.028813324,-0.831666596,-0.120908757,-0.313376261,-1.05585564,-2.769028882,-1.365626806,0
-2.331161586,-1.859226761,0.89746876,2.167724121,0.047753309,-2.054759867,-0.850169089,-0.615393629,-1.410104656,-0.465384549,-0.385256011,-1.619452364,-0.843964791,0
-1.770220509,0.212769723,0.093712189,0.84034218,0.972052013,-0.797926153,-0.73121299,1.846603072,-1.17674114,0.843150373,0.20862728,-0.81260576,-0.952968259,0
-1.392859648,-0.370302113,0.180557667,-1.13584987,-1.160106701,-0.681221704,-0.388107633,1.962494849,-1.087659726,0.19944355,0.382657432,0.019732562,1.232274396,0
-2.201488481,0.366130432,0.164179979,-0.968667278,-2.399848713,-1.136009623,2.049507318,-0.938587873,-1.280746346,-0.004723763,0.017825379,0.435810557,0.524203261,0
-1.391541287,0.901884288,-0.188654015,0.110880503,1.141896537,-0.290371681,1.128545778,0.048716679,-0.965124995,-1.208192458,-1.489803065,0.999380946,-0.124128375,0
-1.629747721,-0.691287366,0.332786859,-0.352101499,0.220139358,-0.982045146,1.335375842,1.023575596,-1.192607748,-0.589979868,-0.107769003,-1.216327446,1.427816619,0
-3.05298652,1.777381829,-0.043767533,0.335493652,-4.465603864,-1.40573828,-0.743529162,0.033128122,-1.4372904,1.102082935,1.448860376,-1.490226176,-1.323734971,0
1.069014913,-0.226765957,-0.201699696,-1.341364321,1.264974092,0.845450213,-0.549582993,-0.727404783,0.311676046,1.174904461,-0.935612556,2.478006076,0.908425214,1
-1.235510794,-0.229622935,0.162965304,-0.45803192,-0.12212328,-0.645343876,-0.126907924,-1.370019247,-0.884699858,-1.416318846,-0.237138867,0.222286586,2.543497762,0
-0.953952191,-2.296119254,0.807018369,0.657412873,0.031060472,-1.298889453,-1.648063553,0.260920257,-0.736564705,0.477647982,-0.943697669,-2.060482203,-1.360128826,0
-2.12733506,0.287251633,0.780190722,0.310175827,0.142404867,-2.48389734,-0.502107825,-0.539726798,0.10724118,0.245518443,-0.465322518,-1.380571017,-0.232599238,0
-2.835801633,-0.07054048,0.776066479,-0.34840583,-1.068726954,-2.553257987,-0.138917137,0.020708684,-0.78779643,0.380177388,0.093832945,-1.505709662,0.168680859,0
-1.601857297,-1.566726167,0.646344102,-0.507616869,-1.144548197,-1.377604529,1.833552155,-1.144425111,-1.118307685,1.65977395,1.066642739,-0.358333056,-1.352937419,0
-1.723334802,0.952677256,-0.260625262,-0.55789226,-1.684224798,-0.240712066,-0.089000537,0.55038047,-1.378422946,1.263364085,0.807419182,0.633301236,0.11426523,0
-1.564743941,-0.685806758,0.35231178,1.357570923,-0.164762951,-1.009496134,-0.4763778,0.547889942,-1.087944151,1.322124424,-0.895954212,0.881059516,-1.20288505,0
-1.325319439,0.468890754,-0.405139605,-0.148882796,0.052939468,0.371755037,1.330451672,-0.5515274,-1.716275693,-1.111165299,-0.344345905,1.075594908,0.314289315,0
-1.509100508,-1.273951911,0.538674993,-1.169201023,-0.527404175,-1.209504848,0.633094524,-0.821889705,-1.060305909,-1.609594643,1.502649222,0.940300374,-1.468929337,0
-2.197090178,0.851253596,-0.461769194,0.344497787,-0.883034587,0.114393373,0.190835298,0.157379444,-2.319148996,0.580063047,-2.30221368,-0.709350038,-0.522783473,0
-2.521856073,-2.244103269,1.08453644,0.335466593,-0.575470707,-2.39882344,2.303044698,0.981408072,-1.444247238,0.614155291,0.755975361,-2.220489673,1.540116885,0
-2.019618507,2.073259138,-0.901478975,-0.780217148,-0.944880501,0.733560225,0.0820869,0.145148696,-2.238425611,2.354711398,-0.585206897,-0.461513135,0.384750534,0
-3.455595198,-3.705290167,1.76059102,-1.298627952,0.751666563,-3.688133488,-1.009115937,-0.659935743,-1.833667936,-0.19496618,-0.111792257,0.09288455,-0.33011031,0
-1.940198015,-1.44367641,0.699577584,1.134425276,0.680299495,-1.639150371,-0.074913332,0.030063752,-1.202461208,-0.693759539,-0.891001585,0.705573659,1.838255461,0
-0.275097659,-0.57333203,0.029784305,1.401046508,-0.268810612,0.054464113,0.137627864,-0.422531309,-0.601433164,1.234833967,1.229233956,-1.962364482,1.184085938,0
-1.65627761,-1.072917218,0.480395059,0.984889061,0.546821077,-1.190404686,-1.092576711,-2.12333281,-1.169503451,1.98357868,0.022686438,0.169287542,-0.847557879,0
-2.08188803,0.833293808,-0.128023549,0.048453495,-0.71834886,-0.60293051,-1.503339397,-0.355032411,-1.483143673,-0.371541338,0.292760021,-1.65057506,-0.531625588,0
-2.662538622,-0.297935264,0.433521391,0.725544313,0.360229036,-1.646586904,0.632348374,0.820200742,-1.574815593,-0.849818377,0.521268035,0.604441338,0.265752967,0
-2.137214351,-1.11445806,0.633391651,0.339485047,-1.089670436,-1.661520235,-0.190891685,-0.08756871,-1.27722181,-0.481668625,-0.594601847,-1.007300485,0.575546474,0
-2.375667348,-0.594339761,0.847323273,-0.238846457,-0.780913466,-2.398141125,-0.90379678,-0.757634872,-0.617157991,-0.179185247,1.608191506,-0.234760929,1.015875938,0
-1.601393734,-1.320453344,0.595775322,-1.22367897,0.005087358,-1.349288859,0.133176086,0.165311396,-1.047503443,0.597715315,0.178206805,0.110927778,0.501198706,0
-3.686371526,-3.045186744,1.591125713,-1.062057047,-0.207220215,-3.60224197,-1.655623588,-1.241556348,-1.922606318,1.089594566,-0.155405654,0.527658047,0.483966405,0
-1.482309709,-0.357471409,0.202074989,-0.946882319,-0.894495757,-0.760329688,0.384835296,1.691915391,-1.107915451,-0.439763044,-0.683727658,-0.353920887,-1.027705466,0
-4.134658723,0.806245257,0.295913863,1.156761982,1.230912091,-2.147018656,-3.29556118,1.662871099,-2.344747537,-0.740181925,-0.604701855,-0.450123473,0.507299986,0
-1.40853008,-0.685796308,0.529101774,0.66476309,0.193655317,-1.365357821,0.055739773,0.338594433,-0.55486512,0.377618406,0.443675727,0.130357203,0.084888242,0
-3.463961806,2.89111204,-0.847401009,-0.049628389,0.101131785,-0.092995356,1.019955043,-0.379079649,-2.767785901,2.518950207,0.126738434,0.190231534,-0.045043534,0
-0.724323636,-0.365330171,0.099738308,-0.722291765,0.841294984,-0.306826165,-0.090291569,0.433789272,-0.681479779,1.120872583,-1.735902537,0.486239834,-0.475564059,0
-1.930185848,1.964080259,-0.094695881,-1.992065065,-1.22173637,-1.031909442,0.305860271,0.148547528,-0.431687399,0.357755083,-0.099528328,0.112332068,1.51114116,0
-1.340598246,-0.140063314,0.133322944,1.085294722,1.192530828,-0.639892684,1.127758532,-0.040970121,-0.976112928,-0.598601814,0.519196981,-0.373769093,-1.566901408,0
-2.818565768,-1.739302173,0.965318022,1.362187227,0.413982152,-2.391355681,-1.452828838,0.263565525,-1.5939682,0.742332934,0.897351702,0.17598819,-0.808496399,0
-3.995558966,2.626593682,-0.254685668,-1.501836925,-0.561356738,-1.497600365,-0.392758952,-0.465245429,-2.099629657,2.647884214,0.453935888,0.636235828,0.347363404,0
-2.194747584,2.797304459,-0.357525563,-0.741571259,-2.783716224,-0.804838039,-0.023870968,-0.478692189,-0.630361213,-1.564854425,0.765643106,-0.352180448,-0.070519553,0
-1.180232158,0.671702802,-0.187385749,-1.645467889,-0.141136877,-0.151443233,1.799587017,1.068346538,-0.949599134,1.872324525,-0.34025038,-0.932903633,0.178052828,0
-2.081151029,1.552439938,0.123875271,-0.272305751,-0.781490867,-1.426554991,0.074435231,0.184758647,-0.380434064,-0.140373336,-0.775533444,0.558099372,-1.000090461,0
-2.152689333,-0.46231121,0.451867046,-0.841734069,1.325522569,-1.4833757,0.159036265,0.984676695,-1.211145253,-0.479956769,-0.860158779,1.110497279,-1.269652266,0
-2.503436123,-1.817974825,0.947810202,0.207853102,-1.558009074,-2.23311057,0.904357813,-1.535033917,-1.416796963,-0.918510115,0.818668918,-0.202044857,-0.540319955,0
-3.05348637,-1.269602781,1.176431433,-1.178996173,1.466311803,-3.102857974,0.633066547,1.673743754,-0.974783849,0.33542132,-0.488777045,-0.815706048,-0.974884305,0
-2.108205457,-0.671426676,0.445845773,0.110153518,-0.008896768,-1.383441061,-1.001759986,-1.151919565,-1.341927779,0.112951968,1.210153714,-0.652045247,0.308321839,0
-3.117820369,2.244358757,-0.140071276,1.309518906,-0.486820143,-1.370059457,0.004489631,-1.965548994,-1.361350996,-0.514127178,-0.042424035,0.474108001,-0.71791703,0
-1.670226933,-1.259990982,0.533451441,-0.695467234,-0.701940819,-1.249044383,2.111102914,0.549139792,-1.202306824,0.430686253,1.267668434,-0.280038775,0.268666846,0
-3.083156396,3.487665177,-1.11159485,-0.109316257,-0.204307209,0.406471366,0.676888204,0.428727993,-2.582643548,-0.441023821,0.255699538,0.132508097,-1.810799578,0
-2.440948438,1.016633969,0.191647301,-1.004109407,0.005721281,-1.495853582,0.237411949,-1.366939159,-0.94258399,-0.873782887,-0.377060817,-0.61441548,-0.169134961,0
-3.146475236,-3.063506164,1.496852771,-1.762819338,0.583451932,-3.226266164,-0.903425823,-0.963576816,-1.676334954,-0.644338463,0.010947875,-0.555603722,-1.424529446,0
-0.520923413,0.094700019,-0.078464673,-0.557070194,-0.70320688,-0.005596465,0.888052854,-1.71964714,-0.560245351,-0.664009778,-1.405728144,0.718479739,-0.305819463,0
-2.462915872,0.055406895,0.500465405,0.699185252,-0.73592599,-1.864917557,-0.525183357,-0.326145647,-0.986501939,0.219991474,0.236495498,0.743868719,-0.33109799,0
-0.423980922,0.52954962,-0.290652377,-0.270408787,-1.483124256,0.350836489,-0.440846904,-1.048502293,-0.627024478,-0.779695071,-0.190353626,-0.95306971,-0.465099203,0
-3.176785908,4.046185705,-1.559961339,-0.242820372,0.18356062,1.200095549,0.661638502,-0.019503066,-3.25341723,-0.646493116,-0.035041688,-1.05982769,0.679011931,0
-0.663037047,2.91358952,-1.289170901,-0.073181703,-1.033485467,1.708967326,0.951822053,0.332490981,-1.296278653,1.577304298,0.339725422,2.426472289,1.217912665,0
-2.058553167,1.50692766,-0.400249301,-0.917552918,0.116262677,-0.215445556,0.194159596,0.802591364,-1.570637846,0.272913185,-1.507530026,-1.700494439,0.030244828,0
-2.174445245,-1.906098909,0.869171566,-0.585871844,-0.102470841,-1.928915209,0.849807633,0.223218732,-1.371734524,0.751090624,0.242146607,-1.291413266,-1.659877321,0
-1.506359408,-0.033381169,0.108101944,2.039049226,-0.063949066,-0.66798535,1.516532101,-0.750822172,-1.097806226,-0.209322,-0.567095046,0.478879743,-0.326493086,0
-2.7157006,-2.418988901,1.1853738,-0.484199388,-0.574215452,-2.621997688,-0.519586262,-0.924277504,-1.517840527,1.474827769,1.66289331,0.616872925,0.320955077,0
-1.841598112,-1.154219073,0.600306455,1.343758714,-0.359115596,-1.487244937,1.481668169,-2.070399891,-1.12299098,0.135688305,-1.101839177,2.204998844,0.11613578,0
-0.691685869,0.420896977,0.17105576,-0.049818331,0.586624883,-0.73528759,0.445479175,0.187020108,0.094003639,-0.741592639,-0.374104528,-1.723685379,0.855001635,0
1.135405413,2.690399658,-1.403180658,1.060835635,1.397954343,2.564725475,0.125025858,-0.737387103,-0.148212917,1.320171076,0.865633915,-0.493678158,-0.511098967,0
-0.758620093,-0.785789419,0.267966621,1.958262119,1.113714057,-0.550550425,1.282419603,-0.80965005,-0.647881724,-0.918302231,-0.225258682,0.291638708,0.821945544,0
-1.683147229,1.488861442,-0.373153268,-1.910965936,0.132309021,-0.16225066,2.208348264,-1.179517457,-1.195507555,2.127918075,-0.744872785,1.334482351,-1.117197666,0
-2.065799602,1.247420203,0.038861017,7.19E-05,-1.747884595,-1.122200808,1.92794918,-2.0073039,-0.785489057,0.608092624,0.097436287,0.327639237,0.057375554,0
-2.444518868,1.093503937,-0.074157729,0.080041269,0.243826927,-0.921091957,-1.243358738,0.117041036,-1.484690607,0.125390972,-0.608153552,2.664614492,1.874424447,0
-1.132785012,1.092385506,-0.714373652,0.26652165,-0.240702572,0.909588228,0.451547491,-0.058607076,-1.776482527,0.59252101,0.630107996,-1.030095076,0.146632588,0
-2.248158045,0.135359055,0.211679253,-0.678638993,0.820664227,-1.176138393,0.523232452,-0.631118374,-1.387214107,0.148602073,3.013793283,-0.011316583,0.100261961,0
-0.419686034,0.455839958,-0.277595633,-0.858104692,-0.434889948,0.348354291,-0.695996495,-2.115141006,-0.649008108,-0.021648382,0.316010411,0.893080465,1.714737847,0
-0.983160431,-0.905906674,0.314603374,0.568788163,0.375476047,-0.678900273,-0.049309533,0.289337124,-0.828999928,-0.296967854,-0.626281415,-1.094769645,0.049926887,0
-3.439432771,3.430806334,-1.239341045,2.001575745,-0.46406253,0.613364236,-0.324432582,0.505354631,-3.222830553,0.87342482,-1.368754536,-0.537776556,0.023432127,0
-0.646241148,-0.22003076,0.00327933,-0.496439622,1.181935191,-0.116584935,-1.357314122,-1.490890782,-0.721240209,1.775244939,0.08109562,0.015923547,0.595479947,0
-3.038700646,1.88034057,-0.420506966,-1.612357631,-0.682468769,-0.583412406,-0.96791832,-0.104656065,-2.193226547,-0.529112667,-0.217713041,-0.977475333,0.33615317,0
-0.426378582,-1.660769377,0.48068236,-1.845186341,0.256131943,-0.629783759,-0.659523453,1.20773712,-0.533718761,-1.02500591,-0.676739474,-0.209831552,-1.899060383,0
-2.820070378,0.671464445,-0.136301529,-0.715825914,-0.120271939,-0.740271089,-0.922024325,1.651638949,-2.267151169,0.017752546,-0.64852163,0.843828774,-0.351334935,0
-1.401225792,-0.341948656,0.214498122,-0.557310443,0.784952924,-0.770563541,-0.530653217,-0.75123367,-0.997646774,1.831521142,-1.312442,-0.7728963,-1.055427785,0
0.007269306,1.417886769,0.374464943,-1.953615546,-0.9665206,-1.345110582,-0.45282463,-1.824483323,1.905066806,-1.877865606,0.957348261,0.334729697,-0.15646301,1
-2.170857175,0.337034008,0.591393166,-1.100016642,1.431749484,-2.085784061,-0.426980372,-1.160336856,-0.317197032,0.346782555,0.696757863,-0.523685533,0.731672327,0
0.094325482,-0.211576405,-0.147191927,-0.023415622,-0.463334156,0.435322986,-0.083936856,-0.88911686,-0.405835089,0.1740552,-0.812118933,0.696107554,-2.098182585,0
-1.975593547,-0.524806481,0.579993841,2.061934956,0.889950096,-1.700901688,1.453884489,-1.931061492,-0.815679552,-0.595489992,-0.334546029,0.651448051,-1.595032217,0
-2.265269786,-2.310307648,1.0135883,0.184627306,-0.081855637,-2.140654694,0.355579689,-0.005752169,-1.428792777,0.281338552,-0.852252605,0.60251556,-0.958058796,0
-0.575721117,-1.169982437,0.295483951,1.75623958,-0.69147518,-0.425252276,-0.020936949,0.173307736,-0.713250665,0.40233973,0.853549223,0.463020798,-0.198437554,0
-0.08472232,0.791922151,-0.45887112,1.426234258,-0.668896492,0.738039249,-0.332197716,-0.486821873,-0.512314733,0.926999629,-0.675718002,0.013652912,0.251653869,0
-1.650102548,1.597870213,-0.329206794,0.065553725,0.092062296,-0.290666071,-1.053636614,-0.15455882,-0.986667952,-0.973357419,1.068918415,-0.818685043,-1.769891336,0
-2.460177943,-2.062951643,0.982188313,0.679452672,-2.041150946,-2.212551447,-0.854478096,0.13486338,-1.484780031,0.620417484,-0.308106771,-1.855450901,-0.44192911,0
-3.179029906,1.851808961,0.196258481,-0.42491141,-0.095159351,-2.012569209,0.937206271,0.393572011,-0.953255402,-1.066859842,-1.094863492,-0.896084698,0.213862233,0
-0.726517649,0.473539658,-0.217672963,-0.317580311,0.63001982,0.11773028,0.728681459,-0.118825495,-0.769288709,-0.980342216,0.314254714,-0.794045682,0.296303248,0
-1.505893508,-2.062243049,0.835779712,-0.180610339,-0.526495574,-1.605482607,-0.615362719,0.617540871,-0.979413165,-1.012341784,-0.970478544,0.787348421,0.233784966,0
-3.792481966,1.844631103,0.111251309,-0.371672185,-1.784194772,-1.994239267,1.231762709,-1.175019137,-1.68503914,0.514316435,-0.771384031,-0.20658203,-0.180653284,0
-1.187044976,-1.128986402,0.969214944,-0.341103528,1.03594614,-2.143888296,0.848439646,0.616161231,0.295142594,-0.525144722,0.954783097,0.970604177,-1.290860607,0
0.187263385,0.562096219,0.507766718,-1.515956954,0.708068785,-1.294910019,0.38732562,0.524016212,1.722427481,-1.928796553,0.963082782,-0.531610593,-0.34501572,1
-0.700534295,-0.138426932,-0.029802964,0.706161848,-0.349338787,-0.085885181,-1.752384039,-2.103505397,-0.781954694,-0.509474751,-1.085521753,-1.404437614,0.097053328,0
-2.733782878,-2.593279965,1.240981352,0.303949667,0.734619707,-2.692104809,0.200124064,1.220342977,-1.538985914,0.208888116,-0.893406585,-1.18813364,-1.434862808,0
-0.50711548,-0.391914002,0.018184294,-0.155814214,-0.615866478,-0.049881158,-2.990406305,-0.228152206,-0.694628983,-0.006161173,-1.609454323,-0.928527661,0.873640133,0
-1.318529513,-0.176161609,0.279969652,-1.170461709,-0.39669618,-0.953411747,-0.014970418,0.654641993,-0.654765177,-1.825901094,0.363584274,-0.594413699,-1.145067916,0
-3.031597605,1.077162349,-0.490559871,0.15063434,-0.357135629,-0.140400554,0.147599176,-0.688516361,-2.943824141,0.174858296,0.303377809,2.074922501,1.29019255,0
-1.423666727,1.361089045,0.031514006,-0.815280329,-0.25471879,-0.96021927,-0.481657451,0.440918828,-0.156369049,0.314513744,0.151673186,0.784095596,-0.060406132,0
-0.934149279,-1.345909082,0.42648336,1.155645123,-0.584364658,-0.763941487,1.41378331,2.16414981,-0.86367041,0.840365381,0.693606126,-0.944543147,0.504989201,0
-2.37706619,-0.272225381,1.030144181,0.038573242,-0.500169097,-2.926279434,-0.156345173,-0.358706241,0.032288659,1.263189123,1.442591621,1.188599181,1.662412598,0
-0.505052417,-1.043280146,0.264455621,-0.724374211,0.288258395,-0.379001057,-1.314911061,-0.869062868,-0.626564762,0.92919986,1.141843241,0.06228758,0.66403989,0
-3.385390155,-0.120912116,0.861845315,-0.792644994,0.641803452,-2.88864085,-0.03025137,0.337238913,-1.112871838,-0.185978347,-0.248576667,0.643638952,-0.391598519,0
-2.295411696,-1.41292387,1.003022966,-0.707111081,0.248462421,-2.440574958,-1.038139285,-1.103292743,-0.808863519,1.219532936,-0.904395123,0.803316043,-1.646241349,0
-1.327129527,0.918526928,0.015559404,0.623599527,1.312549194,-0.740748864,0.344133705,0.196272338,-0.438266239,-1.54490937,-2.259386258,0.041385762,-0.152377497,0
-0.87218937,1.066377626,-0.172429857,1.358743566,0.70342318,-0.235115596,-2.015771201,-0.525571351,-0.352393945,-0.397449299,0.27345865,0.19898543,0.094750327,0
-1.18304015,1.008572156,-0.429830965,-0.303265711,-1.112293156,0.279244514,-0.776736208,-1.74639092,-1.244521807,0.706709602,-1.241211656,-0.741693999,1.115706622,0
0.380489462,0.616961422,0.084925333,-0.089206065,0.915318315,-0.299521848,-1.272958883,-0.196720425,0.983408725,0.746906903,0.619530859,-1.91327211,0.336421163,1
-1.541552288,-1.116442249,0.495670968,-1.004624066,0.792898148,-1.176663976,-1.148119466,-0.879835865,-1.067539757,1.131148711,-0.098425899,-1.504601813,1.325043146,0
-1.033849969,-1.967434601,0.719712486,-1.037753188,0.248605622,-1.239389672,0.892661317,-0.11289835,-0.756835954,0.922933772,-0.461406906,0.910833963,1.038431624,0
1.900183748,-0.621701512,1.512137018,-0.476848659,0.274044604,-2.662685402,-0.610581597,-1.4151251,4.587923477,-0.423073753,-0.086850146,-0.615347151,0.980082785,1
-3.864427646,-4.336909055,2.035867893,-0.828558681,-0.244231632,-4.208503485,1.52914095,0.425634758,-2.044597198,1.347090893,-1.473647181,0.164143665,-0.239163034,0
-1.705308508,-2.164153058,0.908456344,-0.54047844,0.451091285,-1.79203214,1.916299075,-1.136090794,-1.066573004,0.585586403,-0.935045932,2.196738267,0.072861552,0
-3.023315676,2.478856024,-0.819501703,0.095033332,-1.521097902,0.115648337,0.627073507,-0.817409612,-2.628170791,0.070742222,-3.339356663,1.093308541,0.30736382,0
-1.034761195,1.235052437,0.139219314,-0.570340512,1.231057903,-1.048012969,0.213948649,0.917138662,0.330802941,-1.458157791,-0.588247401,-1.56811859,-0.356958202,0
-1.622961467,-0.463955258,0.299042438,1.255845673,-1.004360538,-0.983407157,-0.281521701,-0.924184989,-1.092674485,2.047713566,-1.714061191,-0.913205887,1.102177082,0
-0.738738901,-0.883765332,0.235509711,-1.742503022,-0.51849468,-0.436797837,-1.54412558,0.660212319,-0.776488298,0.673087594,-0.81699073,-0.554507549,-0.282802036,0
-3.503531896,1.337611081,0.177377611,1.107311669,-1.284369408,-1.882764341,1.627118052,-0.494880658,-1.662871723,-1.231499577,1.082624921,-0.283292959,1.291330729,0
-1.53993175,0.831151406,0.274454203,0.930820125,-1.507680838,-1.358569235,-0.366343321,-0.559321977,-0.10845452,-0.441373614,-0.134265673,-1.652243567,-0.232641437,0
1.12679825,3.139670153,-0.638335777,-0.330982187,1.0363718,0.669938095,-0.866706486,-0.460881562,1.895735718,-2.020636439,-0.730751977,0.021074943,0.570314066,1
-1.649389822,-1.020092983,0.513800562,1.285284884,-0.179421026,-1.282727666,-1.057603578,0.171589424,-1.049101207,1.016766182,-1.377682313,2.168729979,0.316935933,0
-2.974111219,-2.655284101,1.313409923,-0.29250614,0.054671154,-2.903910533,-0.27465344,-0.524431143,-1.632637576,-1.218361756,0.111226258,-0.065408278,0.430129294,0
-0.963394917,-0.723395159,0.193539417,2.02920998,1.072639549,-0.46275333,0.752910954,1.267650441,-0.947109733,-0.072080679,0.107187044,-0.126738228,-0.169423313,0
-0.564817742,0.61935495,-0.314321061,-0.233657084,0.839825631,0.332341293,-1.254267884,-0.653786564,-0.736069351,0.004814951,-0.140852088,-0.216748092,0.460932635,0
-1.122537819,-0.096597904,0.041670569,-0.78775429,0.846964758,-0.384403977,1.700332444,0.439826053,-0.958878869,-0.281600755,3.001668638,-0.000156771,2.656728349,0
-2.034242499,-1.980063432,0.876638184,-0.496596064,1.733028623,-1.879423734,-1.154472841,-0.360711293,-1.287769152,0.574577901,0.134818365,-0.646130221,1.279779766,0
-1.54743175,1.376349344,-0.285273082,0.514146908,-1.074327973,-0.282875959,-0.091789847,-1.904731219,-0.963817947,0.012480705,0.342984341,0.599132101,-1.425011983,0
-2.681746292,-2.661580946,1.227158229,-0.529753735,1.359423067,-2.621756143,0.537639449,0.346262838,-1.575550528,0.355469825,0.36536677,0.630590208,1.652861833,0
-1.618730479,1.712363073,-0.446043252,-0.062088241,0.95950986,-0.05686799,0.8653647,0.243876299,-1.135937618,0.212852267,0.27761934,-1.069865808,-0.296516318,0
-1.570983553,-1.342571032,0.526580434,0.128459116,-1.086728552,-1.175828187,1.018131484,-0.776785532,-1.192710119,1.649000432,0.211784327,0.946750439,-0.193849134,0
-1.37490791,-0.611200811,0.297609253,0.439413517,-0.932480577,-0.856881575,-0.64231821,-1.477082036,-0.98920557,0.137624161,-0.257487313,-0.621009053,1.963119012,0
-3.258745135,3.10181899,-0.802782062,-1.336420927,0.597987067,-0.20898642,0.376678287,0.427697458,-2.331163828,-0.566093675,0.40934753,0.460255889,-0.577221509,0
-4.274327086,-3.417290035,1.824640792,1.974907943,-0.246668739,-4.170727374,-0.856785144,1.469243959,-2.189909017,-0.182953396,0.790502398,-0.24709199,0.150007143,0
-1.860656537,-2.778578312,1.151828988,1.564746191,-0.513849707,-2.172963254,0.131558963,1.203567675,-1.114893012,-0.528808529,0.712897773,0.968785034,0.888381924,0
-1.447783521,-0.302983351,0.561397439,1.601900785,0.62737267,-1.58437556,0.152782367,-0.001330078,-0.230887649,0.691841804,-0.487339926,1.568681919,0.60691371,0
-0.471259691,0.819503084,-0.199861323,1.266254696,-2.678142386,0.029462949,0.640485564,0.055035819,-0.248136819,-0.435621579,1.514144475,-0.187524703,2.156754489,0
0.165814183,0.596485857,0.746112138,-1.463072073,-0.112515156,-1.853693987,0.203126328,-1.066724818,2.264138129,0.345517271,-0.25512096,0.914097783,1.624487187,1
-3.109097506,0.98226203,-0.12304006,-1.455965042,-0.970350091,-0.962884663,1.435989124,0.49660241,-2.257759285,-0.002337898,-1.738711721,-0.055023548,0.02244892,0
-3.277522731,-2.401517871,1.279269161,-1.536663105,1.2967743,-3.003144444,-0.885339716,-0.495627155,-1.784739192,0.259048634,2.155469648,-0.398864451,-1.024731327,0
0.310601024,0.129057243,-0.312035096,0.741838252,-0.891416863,0.751904925,0.278046972,-0.043747946,-0.332519687,-0.791463143,0.270707595,-0.338205725,1.276067697,0
-0.48985761,0.927123718,0.460067133,0.432033477,-0.257219392,-1.510281563,0.851765802,-0.399492718,1.296626168,-1.892125293,0.438608744,-0.795270471,-0.051077104,1
-3.199864226,-2.724731438,1.378566895,0.944131256,0.908555482,-3.092406822,0.502714872,0.64472103,-1.73543318,1.434246468,0.815839033,-0.685899511,-1.13558251,1
-1.413450485,0.398787628,-0.114636054,1.685870152,0.820576812,-0.287848571,1.002809752,0.387857543,-1.193780379,0.277524684,-0.259677964,-1.066363075,-0.06695889,0
-0.396378722,2.173051881,-0.932467192,-1.34925526,0.670559991,1.237060064,1.219230138,-0.000708644,-0.815955619,1.481484247,0.033137462,0.769853958,0.00318485,0
-2.467231276,2.566584331,-0.648499544,0.116565657,-0.658632081,-0.142541264,0.216305411,0.860150796,-1.693403354,0.050471054,-0.735853576,-1.404316417,-0.583720646,0
-2.573159529,-2.501097828,1.193209432,-0.568314654,0.250430462,-2.569807967,-0.744814874,1.150925342,-1.437085597,0.371724947,-0.529079742,0.460413384,0.075056614,0
-2.432656625,0.528962929,0.449469961,0.317726701,-0.3001556,-1.906866654,-0.414727881,-1.28811073,-0.720954083,-0.054593266,-0.378402506,-1.367935386,0.589301806,0
-2.873637648,-0.179580079,0.490617727,-0.534469676,1.716540316,-1.878537145,-2.673003644,0.459626037,-1.542693074,-0.262228137,-1.132978095,-2.21823553,-0.011552679,0
-1.488001054,-1.606205306,0.674506168,0.743292387,2.039939024,-1.394758672,1.443621708,-0.332748794,-0.985170185,-0.551863269,0.908774792,1.12513857,1.503790114,0
-0.233547514,0.686668876,-0.354779099,-1.747505487,0.329541155,0.496014639,1.443177014,-0.157361389,-0.487307374,0.162317809,-0.665499532,-1.502409839,-2.048337378,0
-0.278794771,0.639001033,-0.105861417,-0.530873996,-0.816481307,-0.064789565,-1.995013485,1.823139132,-0.003919077,-0.269733184,0.90852396,-0.215542321,-0.904503586,1
-4.072787304,0.733575121,0.700420718,-0.323256953,-0.57934057,-3.020983428,-0.701727347,0.762510581,-1.437393785,0.35952316,-2.423747318,1.116564269,0.245602817,0
-1.284973513,1.634930521,-0.338119669,-0.879695679,-0.797774878,-0.178137065,-0.454566423,-1.114643469,-0.660148307,0.490659681,-1.83468835,-0.083629685,-0.164025442,0
-0.767731327,-0.444166927,0.103500937,0.339612064,2.040279143,-0.300191795,0.31887481,-0.968800403,-0.769800304,-0.295618789,0.428723672,-0.332941111,1.193975914,0
-0.653797976,0.40023237,-0.209839309,0.441339085,-1.001881559,0.146690929,0.079172483,-1.151385078,-0.742938805,0.036975667,-1.685617437,-1.31626482,-0.684703756,0
-0.250091667,0.52101757,-0.305954369,0.549847836,-1.681163358,0.438698754,-0.325459203,1.16272292,-0.515877825,0.153845322,0.321478335,1.066035454,-0.956593887,0
-0.929154074,-1.352105102,0.465608606,-0.286269689,0.555628603,-0.849052158,-0.811021761,0.794546018,-0.776150169,0.189494537,0.617109231,-1.610617853,1.162070744,0
-1.347400616,-0.710166838,0.319673073,-0.013012375,0.477537342,-0.864222891,-1.616241473,-0.139621647,-0.989565625,-1.346230816,0.078779692,-1.058274498,-0.587172721,0
-1.005787016,0.334652682,0.267392223,1.631152515,0.557786724,-1.014079743,-0.166921334,-0.268907676,-0.028525769,-0.277997122,1.723884876,1.072708741,0.379325364,0
-4.251944588,-3.729566117,1.945909485,0.746189624,-1.981983264,-4.329602951,-0.838675305,-0.706716187,-2.13141182,-1.108571212,-0.43256451,-0.602680081,-0.402236537,0
-1.237218059,-0.836685432,0.308043252,-0.058514098,2.731659,-0.761626571,0.730226573,-0.645996579,-1.013896455,0.734830246,-0.367628411,-1.356069243,-2.452827355,0
-0.760194176,0.482211739,-0.238093211,-0.068856292,1.130831823,0.151278221,0.444501694,-1.484326436,-0.83803866,1.044498644,-0.704315149,-1.792049386,-0.52961139,0
-1.050237356,-1.077547787,0.401214298,-0.898787219,-1.558373832,-0.834381366,-0.378608484,-0.829417489,-0.821390413,1.074961927,-0.360308448,0.052691471,1.466335783,0
-0.152022307,0.744078061,-0.417417321,1.585362405,0.383095028,0.641419972,3.009862196,-0.491653601,-0.513794842,-1.92046417,0.850603657,1.243376139,1.391720313,0
-1.925055329,-0.345996894,0.584708272,-0.667198798,-1.040034528,-1.759816329,0.496685619,-0.168688661,-0.627476351,-0.291125879,1.714941888,-0.079911098,-1.674548889,0
1.065850455,1.559130624,-0.970730071,0.059303837,1.002221681,1.961283898,0.593181382,0.299469318,-0.083244401,-0.0101897,-1.208506288,0.437767088,0.810414667,0
-2.36550021,-1.324102099,0.748424721,2.001587266,-0.476450062,-1.914615018,-0.711104863,0.767651305,-1.374990037,0.336074202,-0.841277963,2.163755502,-0.45069618,0
-2.721362431,1.015773267,0.225016947,0.109347018,0.49450463,-1.652120969,-0.276880425,1.576458002,-1.113228006,0.483053572,-0.853120969,-0.050794035,-1.085766323,0
-0.318775454,0.900105986,-0.381738359,-0.127675044,-1.247428615,0.457601183,0.135524298,-1.55613518,-0.462875479,-0.783884202,-0.002970312,-0.964694307,-0.822871073,0
-0.636480115,1.417196524,0.08822664,0.385685927,1.315749187,-0.881449244,0.872405747,-1.182376938,0.70017424,0.588053762,-0.923968011,-0.474645197,-1.403487861,0
-2.058969606,-1.765852891,0.808698537,-0.74957015,1.165732278,-1.807720487,0.077969695,0.637512974,-1.301873665,-2.121257064,-0.008640706,-0.973921102,-0.480681897,0
-2.322878095,1.473354856,-0.031903555,-0.692563966,-0.000102775,-1.115238144,0.066472988,1.232635972,-1.000079954,-1.071698631,0.766014655,-0.379712318,-0.639927852,0
0.055832325,0.503953046,-0.419518596,-0.269981014,1.432037229,0.790485709,-0.369019782,-0.482011918,-0.516269239,0.581880063,0.651847399,-1.083325261,-1.305044003,0
-3.8000575,1.196057467,0.512078598,0.78374148,0.719270642,-2.677621226,0.983140228,1.680785653,-1.276535378,-1.065261504,-0.964907255,-1.170930815,0.084013548,0
-1.955579027,1.169694036,-0.229461618,-1.479864906,0.385956736,-0.454604923,-0.590056674,-0.037741796,-1.349292397,0.510678883,-1.609287087,-1.17051493,1.031761904,0
-2.611859118,1.945672728,-0.384892184,-0.340819592,2.485031976,-0.563989741,-0.280974485,0.73049883,-1.69180453,-1.905573579,-2.152850902,2.851407645,0.223371195,0
-2.250443523,0.465488825,0.22126751,-0.122243932,0.730410795,-1.31449216,0.633697147,1.212853739,-1.121233581,0.943220381,-0.525396452,-0.506984509,2.423506123,0
-2.492480589,-0.308830046,0.636162583,-0.172603248,1.232909374,-2.053249723,0.177660996,0.47458382,-0.979787195,1.136534856,1.344105694,-0.22252208,-0.106199372,0
-0.067659664,0.585491347,-0.075378143,0.134907116,-0.189751557,-0.05421666,2.519707646,-0.516060177,0.20890055,1.891455115,0.300586925,-0.297735649,0.726127521,0
-3.549998625,0.539466963,0.302118779,-0.121218051,1.754572598,-1.898726836,-1.439122489,-0.941685976,-2.019438404,0.14556948,1.515026384,-0.732410036,-0.754717837,0
-1.03594811,0.313842856,-0.087871654,0.350113792,0.073414199,-0.209807304,0.319654025,1.445597389,-0.867492668,-0.163677058,0.194918054,-1.471636369,-0.599489629,0
-0.82717152,2.241198162,-1.004324606,-0.428470088,-0.567345152,1.251807114,1.084924836,-2.397584707,-1.30249398,0.300600001,-1.186192416,-0.130058853,0.8319089,0
-1.602478373,-0.292888368,0.213741314,-1.061500988,1.435190712,-0.844136199,2.500261468,0.428282513,-1.138462041,-0.349305515,0.273927308,0.508504512,0.34146765,0
-1.193795548,-0.699749702,0.286928024,1.261461031,0.33254681,-0.749310478,-0.369869243,-1.205382079,-0.921121705,0.810791283,-0.338619868,0.06459336,-2.008517924,0
-3.40597318,1.864415672,0.050003449,-0.421759615,0.743197345,-1.750790067,-0.308961471,1.000548326,-1.470169208,0.598916004,-0.543693043,-1.3726791,0.686838133,0
-0.50117516,-0.040720044,-0.158657346,-0.233135933,-0.32781531,0.229523905,-0.516730438,0.951277389,-0.824025543,0.068761751,1.054183165,2.099249519,-0.706223354,0
-0.834671428,-0.219928207,0.049058391,-0.081331569,0.01849742,-0.274796995,-0.944551089,-0.27616924,-0.782997691,-0.457645301,-0.272254613,1.662626701,0.740997033,0
-3.449701545,0.468473241,0.17034383,-1.462877837,0.676188272,-1.546019994,-0.168006806,0.440479797,-2.28051409,1.819636572,0.90772552,0.297001294,1.080355801,0
-2.491713126,0.990613602,-0.338391707,-1.139311672,-2.217646521,-0.299341262,-0.778008912,-0.305373736,-2.195569691,0.918242821,-0.127707207,-0.243180948,0.622064905,0
-2.40674031,-2.636019742,1.216240297,-0.203576008,-0.854277361,-2.526640144,-0.451343621,0.050966004,-1.340814414,-1.508764322,1.317239729,-0.723866959,1.054324808,0
-2.578700494,-2.312895591,1.106925771,0.609075456,0.424291407,-2.441834667,1.010354824,-1.404055007,-1.495010506,0.034372702,-1.998107375,-0.375343092,1.065415025,0
-2.723066311,2.360290367,-0.376585913,-1.042174807,0.566270708,-0.760532515,-0.514425818,0.881696427,-1.460740589,-0.067116388,-0.83260722,0.789907747,-0.300442809,0
-2.750032665,0.887360212,0.047397938,0.368796308,0.519464441,-1.212486872,0.442853494,0.091671383,-1.632650459,0.964576495,-1.168208736,-2.077961258,-0.306985242,0
-0.820479149,-0.695585638,0.21126652,0.842930563,-0.262739023,-0.471493565,1.728473827,0.260377859,-0.761773142,1.66897664,0.464532135,-0.190394307,-0.184762932,0
-1.8265488,-1.799807293,0.777349659,1.372503824,-1.465812913,-1.657652951,-2.216979534,0.327900749,-1.194597565,-1.082110065,-0.889606049,0.128530579,-0.918236034,0
-1.182861688,0.657265517,-0.070056475,-1.892113486,0.440884801,-0.413209379,0.81234295,1.122149743,-0.699426273,-0.676791042,1.793671433,-0.654625414,-0.951591596,0
0.717649747,-0.070264607,-0.305114337,-1.328951272,-0.569062758,0.923643258,1.304891878,-0.134830184,-0.110343051,-0.034516744,-1.749697266,-0.680189652,0.824845545,0
-2.128957029,-1.918667014,0.890808606,-0.868554438,-0.429881636,-1.960446739,-1.334238148,-3.21121861,-1.292848572,-0.820477376,0.889808052,0.370567328,-0.609979975,0
0.725050042,1.85088936,-0.657196967,0.682530201,0.632756327,1.049468164,-0.897627778,-0.486983885,0.540431363,-1.824680335,0.041972084,-0.28277799,-0.126617779,1
-1.028326987,-0.729944101,0.291519176,1.101415234,-0.221273597,-0.701382543,-1.079070693,0.357576628,-0.788867258,-1.09044417,0.13484522,0.285879816,-1.109960718,0
-4.17659102,0.205444493,0.890708573,0.170566027,-2.34224687,-3.296968672,1.592852064,0.576356018,-1.495382529,-1.437545781,-0.480543426,-1.724985434,-2.424264871,0
-3.652845107,-3.449827447,1.715384915,1.498387532,-0.149247155,-3.732243691,-0.038234646,-0.691783371,-1.916624224,0.204958182,0.414304578,-0.477130382,0.457010904,0
-3.098110478,0.580011504,0.628914231,-1.010329788,0.428454682,-2.523709666,0.501716324,0.944499854,-0.861338374,0.237041224,0.788180009,-0.142488852,0.848087159,0
-0.794199969,-0.115989296,-0.016931704,1.24380868,0.91034778,-0.149976033,-0.603832957,-1.281407682,-0.818118361,-0.512259539,-1.524480908,-1.017734428,0.151124817,0
1.603696413,-0.115407123,-0.179020143,-0.847060304,0.242263621,0.90915135,0.353818961,0.273711213,0.912609015,2.579613135,-0.08518267,0.204942451,-1.109654882,1
-2.357333145,2.561383053,-0.189312852,1.517641571,2.361845687,-1.150350524,-0.904983687,-1.152272448,-0.571057133,0.501063248,-0.677362423,1.084617991,1.547033064,1
-3.521552608,0.006695243,0.623328312,1.271918303,-1.30073507,-2.431833455,1.447004618,0.257581749,-1.671660583,0.185877884,0.636180489,-0.845230105,0.150867629,0
-1.800964206,1.475449028,-0.306805264,-0.813542573,2.076796585,-0.341991341,-0.334701468,-0.788585712,-1.159541926,1.770882208,0.174056039,1.348870471,1.174933243,0
-3.628749226,-3.129157454,1.611274605,0.38145776,-0.55192213,-3.601819752,-0.376012193,-2.220471442,-1.889769893,0.865101562,0.751262619,1.445483441,-0.589258132,0
1.289815468,-0.00927002,0.026285099,0.611305345,0.451526088,0.315734828,-1.58209319,2.181078603,1.17838655,0.351228072,-1.405151933,0.609450331,0.226383765,1
-2.670107971,1.426951345,-0.440953068,-1.760636443,-2.159268935,-0.27147044,-0.499008264,1.078849567,-2.255711659,-0.34513723,-0.23603419,1.200800819,-1.284944662,0
-3.053799998,2.492805377,-0.684053424,-0.109369066,1.364869374,-0.205213667,2.073256707,-0.254436728,-2.340476701,0.460238943,1.695612533,-0.20230001,2.421955481,0
-2.583141765,-0.253980562,0.405395484,2.082519814,1.55872011,-1.575336727,-0.415182914,-0.525688899,-1.535772254,-0.293682115,-0.055271434,0.31029993,-0.715242488,0
1.11515654,1.443096068,-0.385295135,-0.907350235,-1.150890973,0.688617819,-1.38425014,-0.610395623,1.186704124,0.185942639,0.940503949,0.359139376,0.149005235,1
-3.192793301,-3.222438304,1.539551481,-0.875631161,0.37904745,-3.280638687,-0.648007985,-1.771503859,-1.739633927,0.31429207,1.623674284,0.118925017,1.127283639,0
-1.549454511,0.247205585,1.022771261,1.886909286,1.175523971,-2.853246272,0.088703583,-1.194937826,1.126248037,0.985316074,-0.49206749,1.327193104,-0.557523061,0
-4.210535569,0.959620691,0.464133871,0.32984899,0.692651317,-2.604265134,-0.822819266,-0.486296611,-1.919073051,0.500427179,1.493241559,-0.237991327,-0.129609945,0
-1.772538111,1.7205012,0.215751224,0.52814547,0.079445099,-1.604908884,-1.281156343,0.761628464,0.220669905,1.290885896,-1.155290343,0.746057939,-1.527161033,0
-3.130022214,-2.080023085,1.153158436,1.591552851,0.537731991,-2.787517871,-0.453957095,-0.808866302,-1.698867451,0.925654881,-0.486609205,2.720464346,-1.455252844,0
-0.186463437,-2.154798458,1.310538734,-1.140578489,1.285759037,-2.268997838,-0.661689871,0.179429521,1.1688812,0.212380086,0.880806853,-0.884276036,-0.487220942,0
0.029974758,0.394175614,-0.376536637,-0.92070334,1.217545767,0.724108884,0.204009351,0.283482533,-0.524368344,-0.614766062,-0.976059186,-0.829278198,-1.153859901,0
-0.811073585,-0.537549289,0.13287949,0.12617916,0.409308231,-0.346521327,-0.009413162,-0.213757577,-0.811449406,-0.911062518,0.94604447,-0.528362279,-0.078082098,0
-1.610002103,-0.505362833,0.851028437,0.542774674,-1.357698727,-2.216914346,1.591215291,-1.224225008,0.12619999,-1.138782937,-0.653897094,-0.909632173,1.391042475,0
-0.328732801,-0.582955654,0.039867168,-0.312363842,-0.092238603,0.019505598,-1.296193632,-1.241564302,-0.632832198,-0.169455655,1.418630386,0.996398938,1.963922748,0
-2.763919778,1.131313785,-0.304591043,0.084021761,-0.158246372,-0.503938356,-0.49611398,1.389775295,-2.25239511,1.284494378,0.991059424,0.917462154,-1.264187596,0
-1.512646213,-1.845254049,0.729115024,0.140206524,2.151728299,-1.441749625,-0.708703293,1.473447477,-1.062633201,-0.389653174,1.159218557,-0.845899508,-0.724211364,0
-2.500659494,-2.993729206,1.325991719,2.157515217,-0.930512067,-2.676990448,-0.080555651,-0.570272263,-1.443637626,-0.761557336,1.565280458,0.053761965,-0.220977374,0
-3.800607793,-3.30794629,1.67939517,1.376026013,1.273273827,-3.743085678,-0.39213921,-1.039777605,-2.02048342,0.954874089,-1.379679092,-0.878383594,-0.816925432,0
-0.026567049,0.588563953,-0.387982054,-2.234539613,-0.400001632,0.665479118,0.720762245,-0.278522558,-0.454299562,-2.160531287,-0.745026228,0.004567553,-0.643041664,0
-2.121489872,-0.725360994,1.152142587,-2.624411166,-0.721622191,-2.970064131,0.066669755,1.47675373,0.190898896,-0.94660991,-0.301331861,0.397266336,0.78609632,0
-2.067673579,0.493768735,0.31181389,1.725518557,-1.337152211,-1.477039351,2.331486093,1.553751886,-0.737361126,0.819999136,-1.120849268,-0.772164687,-0.410136262,0
0.052496489,1.080314603,-0.572016283,0.335881338,-1.795533599,0.932922961,0.013287852,-2.701183263,-0.431044197,0.565223671,-0.454835663,0.616370904,0.637156673,0
-0.7286548,-0.229560438,0.018762982,0.457306454,-0.918180677,-0.17212638,1.573837635,-1.252585449,-0.765582405,-1.202078449,0.177474475,-0.070315396,0.884266308,0
-4.184382934,-2.949896951,1.683968345,0.701507184,0.053550559,-3.989925136,-0.073605322,1.213083502,-2.078047393,-0.708903754,2.088529918,-0.043860311,0.466580288,0
-1.195096696,-0.360776322,0.144058756,-0.555225908,0.068076287,-0.544744514,-0.172496619,0.756003202,-0.989742752,1.168732271,-0.663970327,-0.040599899,-0.590667075,0
-0.772577502,-0.601414204,0.176412369,1.200996334,1.089602467,-0.411708364,-0.735745554,1.295623783,-0.727838857,0.197956487,-0.099787813,-0.694594407,1.20794557,0
-2.3527558,2.703089912,-0.614567663,-0.319510427,0.243078295,-0.234411983,-0.986021024,1.598922114,-1.415395461,-0.290415577,0.110875799,0.684728359,0.396045964,0
-0.315046589,-0.996441844,0.717535749,-1.096625044,-1.73376709,-1.368129977,0.859695051,1.478183936,0.590885439,0.335126133,0.364601804,-1.525105641,0.133166489,0
-1.068671692,0.312658491,0.132294883,0.674160462,-2.348966072,-0.718123278,1.161917671,-1.112332174,-0.402973012,-0.073254114,0.609555969,0.551518008,0.394255693,0
-2.200005271,3.002857496,-0.95674753,0.592031809,1.50997961,0.480360054,1.257676978,-1.078344792,-1.825946499,-1.238965945,-0.725471709,1.379111403,-2.314163983,0
-0.965866068,-0.208492669,0.076712194,-0.725125354,-1.614522524,-0.379373761,0.549398834,0.518768045,-0.826980282,-2.02116176,-0.827356898,0.082640448,0.597075692,0
-4.071585752,0.863858158,0.014699132,-0.012548945,0.151918864,-1.511322052,0.010051572,-0.359200088,-2.877608613,0.380824696,0.698001588,0.961715961,0.50662217,0
-1.838791634,1.751034346,-0.421214553,-0.097167106,-0.798472797,-0.190240277,0.319778041,-0.405050953,-1.243528281,-0.727464806,1.217548022,-0.617796273,-0.497134024,0
-3.636080718,2.530835204,0.034396426,-0.70254163,0.570891586,-2.015842507,-0.325659681,-0.289821909,-1.208601875,-1.52435907,1.69560986,0.17165377,1.8540238,0
-4.714616721,-5.1157087,2.503571403,-1.04776295,0.749842224,-5.240886494,1.009714768,1.025045649,-2.319080791,1.466945107,-0.099357821,0.611692047,-1.47719621,0
1.921258105,0.247022409,-0.314599857,-0.981808915,-0.044746765,1.18093378,-0.074071069,0.443881389,1.156302039,1.253700308,-1.884738125,0.542979187,0.159725642,1
-0.212349635,0.525157802,-0.41961923,0.343844228,-0.311901974,0.705900685,0.257162944,1.159203191,-0.734854381,0.656074965,0.273145561,-0.274984386,-0.033359499,0
-1.596802467,0.599953165,-0.499566586,0.418826686,0.538132549,0.461545299,0.826834718,0.078463893,-2.067364198,1.534946274,0.495505098,-0.302288443,2.325055016,0
-2.871564439,-2.838307539,1.350984744,-0.431358137,-0.902395485,-2.895256871,1.244047392,-0.264915917,-1.595422233,0.606492108,-0.953698433,-1.544427423,0.170165068,0
0.488848986,1.210062631,-0.701003776,-1.269240316,-0.457291015,1.305748456,0.195854006,1.871209451,-0.242538269,0.455699724,0.876560697,-0.734175451,0.297748304,0
-2.584437092,-2.248175874,1.561616437,-0.090746757,0.021981553,-3.497364473,0.281165143,0.270463509,-0.431529366,-0.328109288,-0.047597245,0.410151568,-1.038048581,0
-3.505991613,-1.762269943,1.124234766,1.034365919,0.626884103,-2.941988568,-0.427522074,0.28190466,-1.854854472,0.791422538,-0.27973159,-0.757631319,1.710314578,0
-2.528194057,1.264432612,-0.120183656,0.936820044,-0.432479573,-0.900888163,-0.853648047,-0.327116156,-1.533417297,0.618376921,0.881663648,-1.001814796,-0.900530853,0
-1.383486404,1.238813807,0.395409854,0.241914984,-0.162956311,-1.730921609,0.063183669,-2.626684756,0.603892022,-1.256155275,-0.044544864,0.002118421,-0.214694547,0
-3.057249299,-2.688499799,1.349058337,1.047347187,-0.505796007,-2.997071284,-1.167184416,0.36154034,-1.650052592,2.382618724,-0.802319884,-0.805989093,-1.489333618,0
-2.035313232,1.701565099,-0.400241481,-0.768065037,-0.147873148,-0.277120797,0.216255836,0.696290548,-1.405016416,0.028348207,1.312123209,1.603965048,0.35125263,0
-2.617562489,-0.532159928,0.883851539,-2.009929264,-0.717921951,-2.572601121,-0.416154797,-0.437721852,-0.700014619,-0.429274223,0.908311041,0.739722486,-2.179781192,0
-2.203413316,-1.737136237,0.82569052,-1.183132176,-1.323189945,-1.898010165,-1.581342872,0.333875981,-1.368446074,0.438054302,-0.025509619,-0.45515546,-0.143582555,0
-0.360816889,-0.170877743,-0.050824589,0.886953808,-1.348249458,0.071187294,1.025316063,0.296775019,-0.556688341,-0.325940801,-0.228098236,-1.588340046,-0.496841755,0
-2.515000328,-0.165856365,0.541474637,0.809779273,-0.425192953,-1.895229861,-0.378984074,0.781428919,-1.105161302,0.462547923,0.37706091,-0.980970919,0.951021336,0
-2.12824352,0.532817084,0.123482727,-0.871123565,-0.619276169,-1.081131665,-0.693210828,-0.312413564,-1.18365359,-0.666611312,-0.442080986,-0.96532447,1.055633757,0
-3.374358826,-2.418363799,1.294820399,-0.434657335,0.650440427,-3.060430111,-1.026224085,1.508294175,-1.846986216,-0.675709102,0.565235833,1.393390849,-1.402824783,0
-1.878807312,-1.596094615,0.737019727,-0.526366143,0.495112455,-1.652817962,-0.080426576,0.212873872,-1.178634311,-0.36012244,0.926464087,1.631464967,-0.443505958,0
-1.938503194,-0.404257703,0.332606004,0.25788347,-1.225502061,-1.171517678,0.978207814,-0.856406325,-1.248348024,1.666307413,1.687853785,0.698244294,-0.53348926,0
-0.306560021,0.585111802,-0.35541089,-1.834847964,1.76298756,0.512054165,0.419984609,-0.592861288,-0.628302133,-1.667222853,1.044892934,-0.474348758,0.229355968,0
-1.199532035,1.143578367,-0.266435106,-0.492270794,-0.445859835,-0.143478577,0.558064769,0.789705241,-0.791526956,0.217476514,-0.079022281,-0.533365918,-1.082669548,0
-3.226178352,0.114324683,0.760535244,-0.074117272,-1.595710553,-2.69558242,-0.500851141,-0.442123094,-1.025526106,1.317089404,-3.43606239,0.420450852,-2.102957901,0
-1.951343769,0.11967437,0.228751902,0.577786631,1.772811724,-1.123721259,-0.575493435,1.553131204,-1.101425179,-0.882537059,-0.361597382,-2.081437162,0.552811979,0
-3.324356495,-3.337472795,1.63500398,-1.404541384,0.043126762,-3.494655472,-0.545921932,-1.862588653,-1.726239018,-0.935176596,0.905623185,0.399858884,1.059244834,0
-0.728123838,-1.108012619,0.297795298,1.884079318,-1.326460956,-0.496224749,-0.518284291,-0.267152135,-0.79488604,0.153865654,-0.479242827,-0.405680878,-0.46665149,0
-1.880625293,1.245908586,-0.479430714,-0.270011987,-0.196569034,0.107127087,0.385527127,-0.100601675,-1.787786527,-0.134615433,1.253931797,-1.851656964,-0.546687822,0
-1.516841484,-0.644073429,0.358864377,-0.403112099,0.920974916,-1.025194925,0.725448277,0.194389839,-1.000254806,-0.135884146,0.876024338,-0.095065936,1.552278058,0
2.200014484,5.376345248,-1.922063611,0.511037686,0.292556657,3.105189065,-1.763987335,-0.322921499,1.622492968,-0.956036261,-0.378550765,0.675300926,0.1182856,1
0.14149422,0.861903557,-0.547754911,-0.395745389,-0.800162291,0.980289158,-2.268902938,-1.11348777,-0.461950643,0.282098674,-0.215819122,0.696879722,-0.33377151,0
-0.991727772,0.091488778,-0.06879774,-0.230208906,-0.289555095,-0.162209591,-0.8188296,-0.96827313,-0.952083652,0.151443211,-0.269814701,2.235582513,0.813188827,0
-2.657813331,2.658055791,-1.085252411,0.425425639,0.6051996,0.760816566,-0.630744867,-1.266692737,-2.771466563,0.663586959,-0.679691329,1.252645007,-0.859254504,0
-1.801201332,-0.011822488,0.332441848,-1.134974165,-0.653599285,-1.269369938,-0.557775363,-1.094980618,-0.835838795,-0.257430524,-1.011570276,0.062656145,0.448967556,0
-1.267842055,0.799973389,-0.190822356,-1.650489184,-0.403693119,-0.213975583,1.65515226,-0.63139942,-0.938052739,-1.245668869,0.172878961,-0.210845343,0.980278991,0
-3.192163348,3.460538519,-1.099977584,-0.683668204,-1.609538077,0.358206924,1.883204368,-1.054409048,-2.672020534,-1.013264309,-0.493935971,-2.354651288,-0.205845036,0
-3.849831756,1.846376369,-0.210737209,0.74718659,1.312724069,-1.281193785,-1.136871182,-1.594825855,-2.456251007,-0.591045721,-1.051163606,-0.352700795,0.828740454,0
-2.501471596,2.44152349,-0.704006635,-0.917206696,0.401498151,0.017384208,0.560843286,1.17212631,-1.941209114,-0.749775875,2.114543462,-0.336435578,1.599704201,0
-1.13432511,-0.727154934,0.264034963,-0.231232158,1.508035229,-0.670612219,1.673616756,-0.014777498,-0.941013241,-0.484162118,-0.530711658,-0.075520629,-1.844204747,0
-0.258743331,0.4032577,-0.254023485,1.2764931,-0.509969773,0.359794862,0.794462455,-2.018592492,-0.49483289,1.204689284,-0.126426599,-1.255820479,-0.408422611,0
-2.306871535,2.815592378,-1.054800547,-0.798520392,-1.75928702,0.737667347,0.419341872,2.10098719,-2.279071251,1.353891859,-0.095150512,0.256577396,0.709029775,0
-2.092431128,-2.504136807,1.077396791,0.263179524,0.247719221,-2.167420358,1.053547423,0.512622991,-1.279402632,-0.758393174,0.861225723,-0.877156527,-0.31348275,0
-2.386076603,-2.916857982,1.314464237,0.958394148,1.537842666,-2.644792663,1.195241458,0.62816388,-1.312052428,0.612158702,0.732586938,0.227260637,0.237242066,0
-0.654214882,-0.76596128,0.208255743,1.263531291,0.142049166,-0.391983783,0.161220666,-0.181575621,-0.675877947,0.150997504,-0.106327119,0.896423561,-0.09918595,0
-2.69076683,0.81212547,0.035325598,-0.339335844,0.20688253,-1.141587792,1.330803916,-0.618396853,-1.664150463,0.128728681,-1.235333979,0.275985849,2.087272162,0
-2.983782025,-1.145186788,0.888618393,0.406806188,1.113741732,-2.473747762,0.652102619,1.459310813,-1.466785576,-0.04080688,-1.600992445,1.139388358,-0.550493116,0
-1.416831984,0.031132062,0.707340783,-1.962991908,0.245822327,-2.023765828,0.794426689,0.510592671,0.373027681,0.969767778,1.048083665,-0.330553187,0.663094021,0
-3.874315636,0.970132494,-0.04604593,0.806411762,-0.665397764,-1.35398246,-0.912242252,-0.375472612,-2.762293102,-0.742779971,-0.949086028,-0.88340616,0.457468686,0
-3.476009283,-1.795254247,1.389622233,0.274805464,-2.997073439,-3.523597703,0.894249007,-1.91987041,-1.257856992,-0.48999837,0.896795983,-0.151107772,-0.746232638,0
-0.118151899,-0.177989627,-0.119787437,-0.722825964,1.208767941,0.300082929,3.193007285,-0.589444422,-0.504819915,-1.31085835,-1.096136756,-0.341284328,-0.639295179,0
0.115460879,0.066010545,-0.259123202,0.553645784,-0.115184124,0.597761094,-0.522785509,0.773312174,-0.431277932,-1.227101013,0.164519032,0.880524198,0.29616756,0
-0.766137974,-0.593210566,0.250694368,1.430705998,1.433282173,-0.581188098,0.856743176,-1.182457947,-0.549427128,-0.309576274,-0.060740657,-1.925967946,0.243308225,0
-1.469107975,1.966073079,-0.530280713,-1.679745327,0.159835352,0.088218708,1.730116769,-0.377869454,-1.004869088,2.231496335,-0.352478946,-0.143524669,-1.415233931,0
-3.094339888,-2.580667062,1.297005123,0.483349447,-0.458542422,-2.927599102,-1.101281119,-0.358445372,-1.718727704,-0.166105194,-0.064135982,0.622589231,0.015796693,0
-2.563154683,2.913585793,-0.609932274,-0.87996994,0.791408307,-0.379551998,0.805880089,-1.505933995,-1.431577223,-1.466511585,0.021087636,0.97218707,-0.356779829,0
1.004745801,1.941821903,-1.085740207,-0.480297247,0.199080445,2.070064068,-1.605860437,-0.083113586,-0.108944095,0.735976718,0.565323789,0.24402469,-0.363330891,0
-2.148444171,2.196050251,-0.330969468,0.063107121,-0.72144075,-0.640527706,0.368915129,0.908889036,-0.979219409,0.725923612,1.492609947,-0.573934633,0.009290068,0
0.559892067,0.820380454,-0.599642825,0.906286226,1.263312786,1.233244233,-2.06734499,-1.496991773,-0.244003185,0.542068097,1.589181392,-0.628686106,0.164103861,0
-2.579271243,0.641300632,0.109641483,0.620013575,0.904688403,-1.217958107,0.150941354,0.319267521,-1.527578907,-0.551957015,1.69395794,-0.022347951,-0.659382335,0
-2.522767428,1.710620642,0.032051953,-0.168242204,0.139563153,-1.401274306,-1.247189992,-2.102305391,-0.854004332,-0.69985656,-0.861663703,-1.05352262,-0.133084428,0
-1.961571526,-0.930701058,0.482309632,0.894027054,-1.71715964,-1.332768291,-0.311328612,-0.929750725,-1.325632251,-0.011272619,-0.672229474,-2.656238375,-0.460058574,0
-1.287507612,-1.567896725,0.58719236,-0.499895484,1.145253443,-1.152365467,1.061609183,-0.273170673,-0.977392133,1.43401932,-0.214020992,-0.179375655,0.498119761,0
-2.998039304,-3.092014233,1.459149774,-0.82792586,-0.649340182,-3.087929802,0.262193188,0.960709953,-1.65258917,1.515127059,-0.937132687,0.405653785,-0.454153134,0
-0.604006286,-0.087646998,-0.053810704,-0.605106895,-2.16366025,-0.021429328,-0.311540359,-0.203225875,-0.713616295,0.739155072,-0.882947963,0.879807521,1.648638343,0
-1.864218671,-1.111021621,0.553012371,-1.716948637,1.074435669,-1.401689515,-0.8797227,-0.804327579,-1.216606711,-0.515330409,-1.803442556,0.170456422,-0.069902006,0
-1.701859893,-0.502790056,0.299361702,-0.722690457,-0.679391435,-0.993252123,-1.87656171,0.744788783,-1.189848992,-1.48610305,-1.026073159,-1.234032252,0.189303859,0
1.27661347,1.882622819,-0.695915537,-1.185964718,1.377450801,1.285244102,-1.212614359,-0.989124593,0.958904167,-0.229297914,0.997877719,-1.660787899,-0.216645867,1
-1.447643242,-0.35645935,0.201628522,-1.843095772,1.20649462,-0.749672016,-0.837789624,-0.44311421,-1.077889088,-0.21070807,-0.810906847,0.949616624,0.178508869,0
-2.078364277,-2.807977806,1.175796125,0.625371372,-1.524102549,-2.279794532,-0.703864615,-1.013721788,-1.273180897,1.092237309,-0.159631978,-1.740899368,1.185501636,0
-0.488011983,-0.741645183,0.18205072,0.219755807,-0.964946862,-0.293150224,-0.015301295,-1.751811798,-0.571382855,-0.762909701,0.104812505,2.204708759,1.316958339,0
-1.442233092,-1.580005909,0.719530291,-1.582659672,-1.145022238,-1.492862699,1.707381105,-0.681009673,-0.824624705,1.241907531,0.786570643,0.030323872,0.31727494,0
-2.648896568,0.239129559,0.338357583,-0.98241624,-0.274111475,-1.615471076,-1.721047126,0.749555037,-1.375464215,0.691356381,-0.590361692,0.32183519,-0.781357696,0
-1.053864154,-0.723171876,0.260426172,0.811561325,-1.6905066,-0.64061568,-0.614771114,-1.176728683,-0.875873954,1.602190378,0.361720777,0.292829752,-0.542500902,0
-2.348896696,0.310340393,0.685910971,-0.567748216,0.193594823,-2.342116367,1.105089087,-0.70185839,-0.2805325,-0.051121789,0.19860295,-0.385672597,0.417588382,0
-3.340544896,1.945165668,-0.260126718,0.28367845,0.885527372,-1.056966179,0.463269569,-1.542192894,-2.048576671,0.04672012,-0.699569279,1.798414979,-0.852767863,0
-2.309489043,-1.589281674,0.787673748,0.91885475,-1.588213752,-1.894327374,0.206681787,-1.143753114,-1.435990532,0.238497621,-1.127552502,0.215543583,-0.01081697,0
-2.337113241,2.288118004,-0.90324787,0.880481301,-1.244436048,0.570516207,-0.09138126,1.954662543,-2.359240708,-1.887862237,0.702503019,-0.651176294,0.242244232,0
-0.868148994,1.394532345,-0.446515624,1.744168136,0.3004161,0.272362759,0.205960716,-0.553045008,-0.718833087,-0.951928848,0.780222475,1.756493282,0.487866834,0
-0.108491843,0.835075333,-0.456825277,1.077372414,-1.451555499,0.711386099,-0.488337447,-0.181940611,-0.496264627,-0.154533126,-1.704398668,1.276315028,-0.514898993,0
-1.483624359,0.353391905,-0.172679434,0.282331665,0.991613243,-0.160517986,0.309405325,-0.153644204,-1.419180495,-0.607046302,-0.859555774,-1.156435797,0.910426816,0
-0.794840772,-1.28889028,0.40710173,-1.528619542,2.609913608,-0.699826554,2.191933589,0.897453015,-0.742936751,-0.574231527,0.166616239,0.772539809,0.257560672,0
-0.878807435,1.107568998,0.336028681,-0.500108108,-0.930649565,-1.404570238,-1.369435612,0.57583416,0.81338905,0.0962061,-0.056323896,-1.104576629,0.279539169,0
-2.717847557,-1.741011489,0.954800711,0.650251688,0.526295254,-2.337848902,0.042749513,-1.127863682,-1.530889378,-0.286536893,0.318141562,-1.378397711,-1.762930987,0
-0.672952457,1.23556343,-0.474066081,0.403170167,-0.0644222,0.446986144,-1.359968214,0.848805458,-0.728872248,-0.61729907,0.698575481,-0.306772685,-0.306996357,0
-1.331126162,-1.521707622,0.58950785,0.383626668,2.400784056,-1.186422498,0.019410974,0.890908553,-0.975803691,0.681714895,2.353245639,-0.802788681,0.502384183,0
-4.801123165,-5.581546764,2.706284271,-1.156970982,-0.358337672,-5.561937921,-0.099138923,0.737624918,-2.287581647,-0.75533685,-0.42063916,-0.221375233,-0.638322594,0
-2.277746461,-2.820882916,1.241284404,2.058938845,-1.194465249,-2.481293777,1.112756301,1.242516124,-1.309992344,0.125406783,1.017817286,-0.553833023,-1.540640969,0
-0.311120051,1.168072212,0.552467043,0.359443244,1.078663716,-1.752890257,-1.249494886,-2.509185261,1.839907064,1.308549718,-0.792153006,-0.185959201,0.533833246,1
-2.631960632,2.734365406,-0.517471243,0.320476789,-0.25134928,-0.546136664,-0.016335762,-1.508342062,-1.418010329,-0.744860279,2.018565712,-0.119290306,-1.571052205,0
-2.306032469,-0.263781418,0.794532222,0.06236948,-0.698034409,-2.374434452,-0.020081029,-0.402240449,-0.428011215,-2.248130866,0.03700668,-0.463572846,-0.645888054,0
-0.755705305,2.455472049,-1.298612235,-0.585404338,-1.517895363,1.864548152,1.569365946,-0.484365934,-1.740399155,-0.951478681,-0.309260222,0.455460841,1.875910723,0
-1.992879263,2.645612685,-0.695300909,0.271211475,0.326563016,0.072679476,-0.283079074,0.333002129,-1.325181814,-1.502388982,0.107186465,-2.1471321,0.998304569,0
-2.239975579,0.87111136,0.071056956,0.746019595,0.219752955,-1.113291465,0.806774036,1.400646687,-1.146290679,2.158019011,-1.05762893,0.158566695,-0.610458266,0
-1.827983257,-2.598569133,1.042790514,2.466114475,0.14767061,-1.979485058,-1.436799382,-1.602135003,-1.196618116,0.002528292,-0.258428612,1.23902355,0.636726981,0
-2.170290719,2.518610653,-0.698930091,1.854662134,-0.917028029,0.074336221,-1.560241978,-0.054351274,-1.583064497,1.15083465,-0.086384984,0.871705131,0.19028291,0
0.252043186,-0.011749097,-0.236939667,0.592407994,-0.440695583,0.614166186,0.188055712,-1.58562414,-0.320287598,1.047669515,-0.582199255,-1.276279862,0.447959882,0
-1.143745679,-1.868999977,0.690826918,0.704810017,-0.267175694,-1.240158957,1.578870507,0.559476837,-0.844124081,-0.124784582,-1.286694402,0.850335553,-0.426958836,0
1.361206639,1.428896333,-0.928603131,-1.153965398,-1.313538924,1.996695333,-1.427413676,0.013779228,0.171965878,0.625084334,0.313912161,1.418292339,2.110287486,0
-2.532279031,-1.361168034,0.77475605,2.217959567,1.009743896,-2.009423075,0.490849511,-0.798453205,-1.489223255,-0.759221167,-0.279837079,-1.055499748,-0.088646288,0
-0.665717891,-0.357696483,0.035949886,-0.199173208,0.950678385,-0.147941793,-0.020039783,1.364817715,-0.767723015,-0.783554804,-0.727903339,0.993819967,-0.154278306,0
-3.490834902,-0.990911683,1.253817512,1.256281236,-0.991935503,-3.50240415,1.440729825,-0.915239429,-0.97500925,0.615179328,-1.598252359,0.151847657,1.65131176,0
-0.79643726,0.098262591,-0.086498387,0.780012002,0.592077721,-0.068109629,-0.688261448,-0.011891411,-0.816203283,1.307287922,-1.298715992,0.887513852,2.846985449,0
-3.164781817,1.905289937,-0.519451409,-0.072707563,-0.709650205,-0.404162017,-0.589160439,-0.631931718,-2.506698779,-0.914416402,0.157299072,-0.956746077,-1.950696894,0
-1.014541916,-0.155825618,0.669925371,0.863459476,1.281605441,-1.75719771,0.774474795,0.760829212,0.500804006,0.578592535,0.39218431,-1.11295525,-1.464452055,0
-3.4884557,-0.53805393,0.993190906,-1.094545975,0.597200371,-3.069726578,1.359137683,0.413348779,-1.219602196,-1.380348354,-0.415013802,0.872985641,-0.438181119,0
-3.625297328,3.967129546,-0.802978469,0.745635833,0.654297393,-0.618204476,0.898123833,-1.465340383,-2.005685466,0.279767708,-0.959320765,-0.11915927,-0.058826409,0
-1.454086406,0.842759915,0.132188493,1.48654414,0.70967374,-1.015252675,1.150085262,0.972789814,-0.344019966,-0.116758955,-2.111440297,0.767666557,-0.610778898,0
-1.798176466,-0.193453039,0.58296828,-0.924408568,0.661185475,-1.772845593,-0.568828588,1.12277124,-0.40669927,1.30898941,-1.510924562,0.49294981,-0.325421271,0
-2.783839081,3.225011901,-1.114470985,-0.539110661,-0.564360425,0.591592147,-1.497858675,0.717169975,-2.523805439,-0.183316842,-1.0937684,-0.725887584,0.299195622,0
2.16312072,1.465032606,-0.419075994,2.041936732,1.312138883,1.059839494,0.254480014,-0.072254167,2.042423768,0.291198403,-0.307112718,1.743596503,-0.763259104,1
-1.973807221,1.563071383,-0.187626721,-0.474763242,1.376718095,-0.692900746,-0.843590023,1.769062053,-0.977664771,0.674299246,-0.897426675,1.765592694,0.680550538,0
-3.264912785,-3.536105402,1.674932453,0.019720122,0.771016191,-3.498291495,0.546647279,0.142060706,-1.733035924,-0.459957641,0.543960569,0.047291419,-0.388793935,0
-1.883929338,3.989941062,-1.40970137,0.010888797,-0.494806053,1.252057247,-0.899080936,0.941824029,-1.829286702,-2.186278347,1.938200243,-0.807669267,-0.606312257,0
-3.474848438,1.898847806,0.109906003,-0.983948066,-1.323594392,-1.918599291,0.645384672,0.863629911,-1.370207524,0.526764217,1.922238975,-1.086923817,1.813463857,0
-2.508001561,-0.762526388,1.023734942,-1.315326085,-1.368840093,-2.777310422,1.168365276,-0.153507127,-0.462472741,-0.433576817,0.917248922,-0.750284953,0.763890554,0
-1.39221305,-1.479783958,0.57734888,-0.523797597,1.847825003,-1.191195631,0.528099262,-1.682468896,-1.025129744,-0.690992813,-0.934891526,-1.337442865,-1.302576314,0
-1.004613326,2.193051857,-0.157055882,-1.571866188,1.156851962,-0.703900151,2.510228148,-1.262515809,0.407596878,0.623520355,-0.094384576,-0.457905765,0.96673332,0
-2.471819928,2.051924477,-0.166598782,-0.605569655,0.759912843,-1.055953346,-0.996867095,-1.15502984,-1.000414249,-0.322676465,0.148531016,0.274930781,0.204445171,0
-2.35298112,-2.063870955,1.017150321,-0.688980137,-0.067624849,-2.260590791,0.761629983,-0.598347852,-1.313413652,-1.345547716,-0.65003618,-1.20983201,-2.496091867,0
-1.607082544,1.214463424,0.14399579,-1.254186634,-0.170766269,-1.216717814,1.855935914,-0.311303108,-0.173631333,-1.345413674,0.658827777,-1.065126897,1.258183108,0
1.400038406,0.861085447,-0.75625049,-1.513473298,-1.394223018,1.816467888,-0.378395661,-0.078079568,0.168669165,-1.264891258,0.91168614,0.092810657,2.664895486,0
-1.617429433,-1.817890824,0.761557474,1.482663085,-1.069458756,-1.55516106,-0.530267365,-0.018919977,-1.060916822,-1.031823164,-1.617085435,0.005265199,0.037897689,0
0.622852318,1.079250785,-0.311231209,-0.134806612,1.967969447,0.506427608,-1.382318975,0.581612751,0.651339343,-1.838766032,0.362054991,1.080870778,-1.199875813,0
-3.607349776,1.088612258,0.702036144,-0.409468059,0.274482908,-3.015075105,0.04180145,-0.685947254,-0.762267176,-0.555720462,0.697481091,1.450976323,-0.395459097,0
-1.216703566,-1.217722714,0.477227739,0.971674822,-1.439754335,-1.005553315,-0.046567188,0.38172399,-0.900858288,2.353605232,0.201848637,1.016725856,-1.406969011,0
-1.498599687,0.80882102,0.068298405,-0.113626935,-0.231408002,-0.871284307,0.930291709,0.431705785,-0.551576723,0.073638893,-0.784441919,-0.040244275,0.083981577,0
1.612493813,1.561071348,-1.09000954,-2.10687789,-0.482475445,2.388799802,0.188986646,-1.303342587,0.127938123,0.792547854,-0.091328903,-1.489860842,-0.022610054,0
-1.610892259,1.512528082,-0.419830886,0.1607515,0.416148181,-0.043863669,-0.170886262,0.305209042,-1.21947105,-1.778278101,0.00200893,0.498834328,0.775414363,0
-1.269773754,-0.380606579,0.587708904,0.302743793,0.213596575,-1.565428601,-1.209324468,0.793935121,-0.074357225,1.120129406,0.19267993,1.529101007,1.117520549,0
-2.064760431,0.641742667,0.130035599,0.163776871,-0.182450003,-1.115936043,0.201436544,0.856413506,-1.032194413,-0.493375927,-0.982393811,-0.575840212,-0.361813988,0
-1.974100335,-0.391252332,0.306085138,0.754106753,1.625545687,-1.126210833,-0.777038686,-0.347057155,-1.329227807,-0.369261444,0.565333333,-0.398671183,-0.600890716,0
-3.226933199,-1.604646104,0.964837587,-0.829130184,-0.032372786,-2.555367422,1.316698065,-0.572560593,-1.851123716,-0.406216257,0.38069653,0.711827369,-0.526087688,0
0.835455996,0.508863258,-0.549788774,0.261599957,0.061972574,1.309093828,-0.392177265,-0.710803483,-0.124079028,-1.346094649,-0.781110665,-0.447506227,0.281634804,0
-1.378000392,-0.822643303,0.895443377,-0.676315864,-0.556052557,-2.139272668,-0.973967044,0.455837678,0.191577209,2.448812306,-0.340720772,-0.611913053,0.595157324,0
-2.760729712,-2.007738066,1.064430025,-1.603608788,-0.943766282,-2.505154634,-0.098705515,-1.44727941,-1.521493754,-1.199856774,0.005570194,-0.892557801,-1.104812788,0
1.428420224,2.371719166,-1.114127256,-0.0344963,-0.319873544,2.10567101,-0.608491494,-0.570421448,0.518285362,0.201942212,-1.060152448,-1.316497046,-2.709875282,1
0.057238488,0.23701406,-0.308625917,-1.966463062,0.330559893,0.633165897,-0.927273418,-0.250271225,-0.465522819,0.811718399,-0.877745293,0.225613467,-1.296344984,0
-3.984352389,2.328480262,0.036672989,0.07379217,0.677211913,-2.050402865,-0.912316247,-0.731224569,-1.65869374,-0.649572088,-0.256273937,0.166006885,-0.006961346,0
0.000140369,-0.420342373,-0.030499219,0.32344683,-0.410845172,0.21684169,-1.737620017,-0.01845881,-0.382120535,-1.427098691,0.167320084,2.047308951,-2.18044112,0
-2.164529594,3.555345321,-1.422072327,-1.003472089,-1.134194423,1.351805464,-0.217529384,-1.039327299,-2.426531535,2.013320946,-0.523553743,-0.534262023,0.200151665,0
-1.008657091,-0.165154301,0.067291533,-1.001171112,0.888746722,-0.385575668,0.815240683,-0.913554912,-0.853129445,1.539366303,0.081212137,-0.277571473,-0.227940786,0
-0.177404608,0.103058935,-0.159019085,-0.673273998,-0.15167495,0.273247143,0.405962939,-1.19745021,-0.43476387,-0.512418073,0.092516451,-0.986615268,-0.249902243,0
-0.7669234,1.13737884,-0.412182349,-1.395890234,1.165325599,0.314022868,1.292293747,-0.495483681,-0.74538736,-0.704851511,-0.601652429,0.05237284,1.163495,0
-1.230857613,-1.207487601,0.457682868,1.535171494,0.48264811,-0.968907647,0.618824291,0.946677888,-0.949429262,0.415148566,-0.544527737,0.737996637,1.138166884,0
-2.258639587,0.175177694,0.017487023,-0.821912776,0.335486743,-0.752759992,-2.020151449,0.385469629,-1.802342033,0.133729724,1.237953531,0.553447017,-1.38321073,0
-2.908004299,0.60079744,0.414643446,0.663383049,1.069691682,-1.990246629,-1.077166826,-0.034313331,-1.160561618,-1.4072111,-0.318566668,-1.353782761,0.62493949,0
-1.18899035,1.955428659,-0.59506108,-1.547840461,0.526285869,0.319674465,-0.421711852,-0.702297213,-0.913548308,-1.208351949,-0.664280974,1.914904505,-1.082441044,0
0.959910539,1.511951241,-0.911469127,-0.415585675,0.215863806,1.812901357,0.664235206,-0.107934101,-0.078017358,-0.351346374,0.099548022,-0.7658147,-0.90180498,0
-0.399320899,-0.64567595,0.089113192,-1.979459576,0.116748293,-0.090508463,0.112739751,-0.37906468,-0.630806579,0.891227871,0.814638713,0.391850603,-2.157802093,0
-2.89484304,-1.394808447,1.289960224,-0.270786497,-0.053233668,-3.270576382,-0.898490487,-1.1218288,-0.675002205,0.492715419,-0.304065258,-0.559654181,-0.180135604,0
0.05036898,0.910246729,-0.559124931,0.059065115,0.369446448,0.962806638,0.240289347,-0.595795111,-0.530944987,0.901231086,0.432511286,0.229093936,0.735168714,0
-2.81028076,-0.443792915,1.020824032,0.452287166,-0.200453913,-2.969858685,-0.246683368,-1.007673065,-0.495013963,0.478940189,0.971218413,0.181600139,-0.577255821,0
-2.269757746,1.690309974,-0.668800153,1.476922022,-1.291807454,0.268234436,0.477814153,-1.217499326,-2.220703395,-0.431751175,-1.332244587,0.09808045,1.028849154,0
-1.504532386,1.672243387,-0.289191574,0.401466858,-0.672987219,-0.365539748,-0.779544475,0.517757816,-0.714243545,0.306619787,0.148463682,-0.736065219,-2.123378538,0
1.908551409,2.025789483,-0.911810318,-0.48388965,0.734777691,1.906867033,-0.194217364,0.625761276,1.133232355,-2.449427475,-1.612420665,2.035426984,0.263756406,1
-2.47416126,-1.827226297,0.942639924,0.677828655,1.95863012,-2.209690836,-0.289885907,-1.200641691,-1.409739864,0.060685506,-0.509491813,1.146526305,1.285813584,0
-1.459457599,-1.34983739,0.5656592,-0.647382371,0.459586834,-1.229725354,-0.385691564,0.702079381,-1.013065186,2.530139211,-0.934804901,0.783062582,1.287934632,0
-1.723233951,-0.484147187,0.328495339,0.513140399,-0.911224273,-1.072035029,1.264022009,-1.156642304,-1.129229684,0.065153159,-0.980951855,0.046956338,1.812846459,1
-2.923527246,-1.38774154,1.001068604,0.539050329,-1.764631094,-2.626187372,-0.746172407,-1.757214759,-1.342950553,-0.015355738,-0.436038842,-1.471007246,-0.096438221,0
-2.089915779,-1.596398525,1.169491009,0.12148281,-1.008489744,-2.694366836,-0.523818564,1.107355044,-0.392891535,0.875409425,1.342271592,0.873603744,0.566323966,0
-0.979701865,-1.57231254,0.548835633,1.360930666,-1.214386151,-0.975033152,-1.462732403,-0.346674291,-0.797956846,0.27793037,-0.681161217,2.225771172,-0.374802502,0
-2.793659256,-2.720469738,1.308689384,1.727334962,-0.066190447,-2.818253341,-0.996658013,0.040680389,-1.534314421,1.162708382,1.104028312,-0.021310499,-1.437360958,0
-0.846592983,-0.506063161,0.130768429,-1.577068268,0.932959153,-0.363039332,-0.814691767,-1.509238594,-0.823696802,1.331746057,-0.88973875,0.081910913,0.874634111,0
0.614898957,-0.865906184,0.545364398,0.710242538,0.082294837,-0.755256603,-0.035581339,-0.413018479,1.114119803,-0.165164985,0.004248152,-1.590671245,-0.438933075,1
-2.626566338,1.951653461,-0.025316057,-1.402816287,-0.660075733,-1.385776781,-0.821824459,0.088367082,-0.893414566,0.094761076,0.393136384,0.505978015,0.972395902,0
-1.49157906,1.891359305,-0.159744736,1.310144388,-1.140161139,-0.73232068,-0.59083531,2.310459275,-0.248912438,-0.029943447,-1.447466417,-0.609299395,1.316255216,0
-0.174245305,0.291559598,0.750593089,1.424089097,1.229381794,-1.854858624,0.114033888,0.092366561,1.74958726,0.062252459,0.688969336,-0.656929195,0.84036882,1
-2.345387702,0.095881,0.389026119,0.774914555,0.554632201,-1.592507345,-0.12652605,0.685558363,-1.103686134,0.793945804,1.323760538,-1.998605567,-0.831321409,0
-0.493063551,-0.605833351,0.164680568,-1.457755815,0.107809212,-0.302916323,1.474875963,0.402661456,-0.513374499,-0.311440549,-1.240119017,-0.298020504,-1.133264029,0
-1.308057203,-1.972818695,0.716694428,-1.072518869,1.068294012,-1.309758063,1.249043652,1.572574147,-1.007078707,-0.364512637,-1.407940016,0.169295053,0.182202078,0
-0.93421254,-1.365562653,0.47801217,-0.331820052,0.314490672,-0.873913482,0.775273012,-0.39547628,-0.76278499,0.107777656,0.02063654,1.993957655,0.157747397,0
-2.06072569,1.51220003,-0.143697274,0.603509636,-0.738645025,-0.799730593,-0.150054407,-1.146236307,-0.992982261,-0.575553689,-1.217522832,0.759153974,-0.001063885,0
-2.21147168,1.0135295,0.101726677,2.15265909,0.256167217,-1.224642153,-1.202648265,0.914945263,-0.946262609,-1.434045861,-0.302674911,-0.741471203,-1.054149756,0
-0.496980762,0.170683129,-0.141325993,0.977811541,-0.412278863,0.117179646,-0.265961126,0.798048154,-0.623650732,-0.530157353,1.086583343,-0.745615558,0.88967764,0
-2.664631906,2.42018972,-0.751917751,1.277374039,-1.193591564,0.08646086,1.733883138,0.607880333,-2.207112481,0.921691298,-0.221132792,-0.186613222,-0.851223392,0
-3.056768393,0.392168619,0.697117847,-0.222565071,-1.473145877,-2.600479442,-0.843596613,-1.09211991,-0.812447378,-0.306994046,0.584725347,-1.344986669,1.082841434,0
-1.954878858,-2.255290251,0.96695028,-1.109611654,1.385828072,-1.964670868,1.995213201,0.101182885,-1.221309632,0.54385869,0.926744184,2.414247892,-0.636562542,0
-2.86845851,0.200332442,0.473073987,-0.01738411,-1.096951797,-1.97069281,-0.388569247,-0.859540821,-1.293903071,0.713429026,0.787629359,0.154972019,0.767224627,0
-0.168962393,1.007905987,-0.489286158,-0.178751819,-0.800986645,0.706853282,1.328379328,-0.854680523,-0.492872489,1.001110684,-1.156010534,0.583821883,-0.706694441,0
-4.037853811,-3.817138866,1.91976484,-2.260264902,-1.551226568,-4.17779323,-0.175547129,0.175521895,-2.068495488,0.220133908,-0.188316318,-0.605731532,-0.704228094,0
-1.600630333,0.072427893,0.059418806,-1.701435223,-0.334619705,-0.621940506,-0.666793602,2.927368898,-1.210363595,1.164371303,1.050905169,-0.638888766,-1.982903767,0
-1.128899615,-1.158203296,1.271344268,0.357192879,-0.080987909,-2.802018996,-1.259562729,-0.549544591,1.001982464,-0.136096459,-0.197529337,-1.831651229,-0.901103287,0
-0.145105963,0.580057772,-0.347899273,0.014941586,0.680894217,0.543371022,0.041512943,-0.667393819,-0.474231879,-0.672721232,0.845018343,0.303411572,0.413935232,0
-4.9013187,1.794806048,0.337153095,-0.024367842,-0.138557416,-2.808916581,-0.361335387,1.648785966,-2.183681564,-2.036578299,0.051743348,-0.610078244,-1.471152762,0
-1.055451326,-0.546240514,0.193306638,0.676837227,-0.002606231,-0.551003401,0.065350362,-0.450393922,-0.895762793,-0.121029047,-1.902124319,-0.094301822,1.640696432,0
-1.675196707,-1.111812429,0.554309616,2.602934042,-0.670055859,-1.349824278,0.825212647,1.858598453,-1.049222952,-1.485985692,0.929790961,0.501010006,-0.723592942,0
-3.455929186,-2.717316466,1.440054524,0.388522185,-1.263745182,-3.308322315,-2.052028961,-0.913868192,-1.815548746,0.347789437,-1.248030348,-0.874408027,1.326115628,0
-0.772173174,-0.749620597,0.197746319,0.83638305,-1.311823906,-0.40791868,-0.172661381,-0.402449316,-0.790265338,-0.503706837,-0.209509615,0.983757294,-0.647096531,0
-2.175921711,-0.769449224,0.519865002,0.45451704,0.214868474,-1.53640803,0.453256552,1.259157882,-1.308167015,1.458487056,-0.48520508,1.439436355,-2.231862284,0
-3.607472639,2.012632447,0.080735084,0.441082662,1.694175758,-1.930669543,-0.690337062,-0.560557345,-1.466523761,0.826583965,1.37479797,1.322404325,-1.799356681,0
-2.851401696,-0.151321851,0.795495459,0.912659138,0.054777767,-2.573446646,1.924037844,-0.304491454,-0.818135676,1.763519333,-1.56143226,0.937013937,-1.091880572,0
-1.898675159,2.580385762,-0.705559197,-0.816009165,0.242757736,0.146028704,0.017657445,0.463152964,-1.314630334,1.275927953,-0.192614414,0.475229582,0.900842355,0
-2.1674603,1.392343737,-0.211115009,1.540566611,0.550742692,-0.635535509,0.962684917,0.998967835,-1.326931662,-0.08117361,2.091665435,-0.076964536,-0.941582966,0
-1.856166017,1.790790754,-0.828945489,-1.351547454,1.551377721,0.715432788,0.225841834,-0.107346822,-2.143830975,-2.23979163,-1.443115289,-0.539312924,0.936506606,0
-0.398722897,0.68186208,0.379779727,1.034699696,0.991047047,-1.215773417,1.16190113,-0.736197084,1.012967776,0.73111084,-0.639139218,0.845460533,-1.804602909,0
-1.586413549,-1.322941759,0.569308799,-0.017950295,-0.012036893,-1.284072798,-0.396383873,-0.447448285,-1.095661738,1.821976832,2.113830288,-1.208574633,0.531410002,0
-4.081486517,1.326775933,-0.177593688,-1.284588831,-0.764960353,-1.24068715,-0.096845661,-0.4344502,-2.972096521,0.205412697,-0.039820576,0.668629758,0.69679296,0
-2.257892622,3.481278569,-1.169923941,-0.930793624,-1.128898129,0.779066173,0.140735726,-1.12845629,-1.997620267,0.903802446,-0.707211446,2.36697266,-1.103258723,0
-3.225518878,2.85404507,-0.871878574,-0.340604078,1.041666733,0.044319964,-1.796276567,-1.697096143,-2.642157796,0.305172635,-0.766479773,1.082378711,1.61598168,0
-1.058322529,-0.757117514,0.277447272,-1.084166203,-1.909119651,-0.668579543,-1.392093803,0.159181821,-0.866920244,-0.046245801,0.744529924,-0.386049082,0.029018735,0
0.536426789,1.15634807,-0.500221882,2.218743358,-0.367863294,0.883008274,-1.009203152,0.703795884,0.209394772,1.484520766,2.89064299,-1.950077927,-0.00335762,0
-0.2313398,2.751576325,-0.870125775,-0.011837146,-1.198158412,0.940100383,1.901384666,-1.377040189,-0.100055675,-0.614529339,1.061131757,-0.265228752,1.44139911,0
-2.350258914,-1.12189785,0.864954115,0.090478847,-1.036248655,-2.245502019,-0.610887792,-0.311753339,-0.949269032,0.423103052,-0.952092902,0.33687469,-0.873256677,0
-2.914999707,0.021084825,0.399391142,-0.668778239,0.834100572,-1.754065269,0.911813594,-0.507531344,-1.633684845,0.517275427,0.62923818,-0.85553267,1.179538268,0
-2.358016923,-0.145978121,1.178769684,0.789185736,1.206735196,-3.302177092,0.921799412,1.512498268,0.476640999,1.325412235,0.230234114,1.372880195,0.386092957,0
-2.006956067,-2.332093241,0.996734864,0.345738394,1.30407114,-2.020264177,-0.308914457,0.868466965,-1.257297954,0.752351675,-2.649686284,-0.732464387,0.376996025,0
-3.674744771,1.302386566,-0.143589139,-0.320845894,0.772622986,-1.191898664,-0.06928112,-0.803192295,-2.55882247,-0.95650029,-0.579759877,0.359692104,0.848660952,0
-0.393691722,0.448123145,-0.274791795,-0.825640632,1.135133005,0.352205,-0.552583508,1.408615401,-0.625778792,0.704197206,-1.608848674,0.7863296,-0.875503307,0
-2.293029195,0.389177657,0.107508476,1.645998558,-2.102285369,-1.041993079,0.764167798,1.087972867,-1.470629895,1.380319575,1.857725829,0.953378339,-2.067266069,0
-5.430118703,-4.312737784,2.358778852,-0.656303778,1.547238005,-5.400960921,-1.497901773,-0.976085745,-2.669288888,-0.709700175,0.051578082,-0.152761069,-0.377764591,0
-0.037205414,-0.042793633,-0.062014839,-0.714905847,0.291009627,0.144933899,-0.82364313,-1.274287223,-0.203578372,-0.055424062,-0.386840958,0.141166249,-1.647693535,0
-3.030925697,1.892919131,0.5357123,-0.848705924,-1.21358989,-2.754093329,-0.879920603,0.054085413,-0.031611512,0.422519744,1.441448903,-1.939646815,-0.890196076,0
-2.136785769,-2.048437995,0.963438345,0.670931121,1.043009891,-2.081835302,-1.429197923,0.051399175,-1.233610822,-0.268004853,0.344173729,-1.022881016,0.10579429,0
-2.932129783,-2.498507834,1.238025952,1.680061525,0.863766385,-2.775908489,1.032815997,-1.021627589,-1.648069817,-0.824703457,-0.369865583,-0.09178429,-0.134074611,0
-1.792519564,-1.338018226,0.621616695,0.066767455,-0.126801572,-1.456858749,1.239429794,-0.355332683,-1.169538187,1.325297834,2.376409193,0.902761989,-1.47678108,0
-2.072106033,-0.250847726,0.904881931,0.63695254,-0.182923298,-2.561743759,-1.243673114,0.274513987,0.033508745,-0.851114787,-1.22222572,-0.693696492,0.879263905,0
-1.50997837,-1.587708919,0.667025399,-1.315907401,-1.817591839,-1.39063032,2.227971465,-0.048774117,-1.00733746,1.732988549,-0.339577173,-0.286436086,-0.047203521,0
-2.466455776,1.401398246,-0.11121165,-0.01419807,0.147305214,-0.951530385,0.145525878,-1.26285024,-1.357120315,1.39286469,2.473759157,0.332807125,0.081447234,0
-1.947916833,1.560822522,-0.456707475,-2.025539331,0.622823015,-0.074422936,-0.699982906,-0.102312586,-1.56046172,-0.386574876,1.564830405,0.613679503,0.110767629,0
-2.879193523,-0.659061028,0.532244815,0.430309565,-1.182062074,-1.806135115,0.522045536,1.213238837,-1.812111475,0.421222239,0.028680696,-0.894722999,1.450847336,0
-2.316875833,2.669417109,-0.923234526,-0.870766376,0.934717746,0.487757596,1.016643207,0.14171179,-2.101746966,-0.731260973,-2.421379752,-0.958449381,-0.575058196,0
-2.064227931,1.443084478,0.203072524,-1.75482906,-0.814318399,-1.562867322,1.090568147,-1.211218198,-0.269604938,-2.25529182,-0.324714995,-1.98429845,-1.030117423,0
-2.86801858,-3.339223697,1.542369092,0.20267829,0.670917809,-3.15231879,-0.133434836,0.773407213,-1.536890336,0.047319738,-0.35040785,0.639936514,0.056486244,0
-2.376369572,-2.325630568,1.097505289,-0.826849731,-1.261828406,-2.357629364,1.326358729,0.260543566,-1.348968773,-1.423563261,0.514105301,-0.666097914,-0.048275811,0
-0.497814336,-0.716915891,0.154368331,-0.442756618,-0.516298447,-0.241885716,0.741416351,1.315857672,-0.623590713,0.929878854,-0.045879011,-0.400201783,-0.182345676,0
-2.502105179,2.10375623,-0.191953895,0.713820208,-1.577409087,-1.025394654,-0.025788507,0.098485097,-1.045053423,1.044697168,-2.388974074,1.097232786,0.232013839,0
-3.322381634,2.555411349,-0.345800749,-1.055844637,-0.7308349,-1.071769948,0.710424534,-2.21728371,-1.769350971,1.867231287,-1.563929265,0.422014359,-0.216715011,0
-0.608053913,0.13375994,0.485717797,-0.271339165,0.661180991,-1.323899101,0.667536095,0.445210879,0.658664616,-0.491016137,-1.162817003,-0.942870835,1.376933732,0
-0.028993353,-0.521195942,0.146266198,-0.308378469,0.67796329,-0.157007532,-0.052297138,-1.170003686,-0.086253154,-0.553623314,-0.366372847,-0.084436786,-0.652736286,0
-2.107123064,1.13799093,-0.393345342,-2.119301368,0.651933401,-0.115533511,0.17281228,-1.089803044,-1.872996808,1.577327297,-0.505449521,-1.257053075,-0.275322528,0
-1.143883022,0.61433384,0.160501821,0.02887248,0.766503767,-0.909744158,0.784170174,0.746316523,-0.180144062,-0.346874392,-1.679635498,-0.186971513,-1.404765222,0
-1.165276442,0.130133056,0.042609497,0.635851545,0.746880094,-0.478496471,0.258558571,-1.126594173,-0.824824253,-1.536079677,1.580183666,0.953451298,1.489165063,0
-2.271436732,-2.309447696,1.076256607,-0.87660875,0.344366287,-2.284854438,1.714482819,-1.274728819,-1.292929425,0.986712637,-1.275694385,-1.862760159,0.589117544,0
-1.729243107,-1.89339584,0.817679504,0.217285355,-0.207411336,-1.68817096,0.202980961,1.401924164,-1.089008652,-1.192121543,0.077302676,1.054714287,1.645369378,0
-0.58444524,-0.229406969,-0.031487255,0.595839475,1.195905009,-0.016621411,-0.18075231,-0.619596457,-0.752281381,-0.228926972,-1.244104631,0.102930648,-1.056035184,0
-0.12526734,0.236027934,-0.290737006,0.318570522,-0.695283689,0.540294351,0.374038838,-0.134420334,-0.585495668,1.165954037,0.138408111,-0.634409311,0.281825578,0
-3.77814581,-0.798102455,0.72599653,1.61231214,-0.136843175,-2.456019817,-1.047532781,0.745932225,-2.266211978,1.167247093,-0.359948665,-0.171994985,-0.426171908,0
-3.529426733,0.618120402,0.100701903,-1.522205305,0.147651841,-1.463645906,1.217129921,0.893067827,-2.394665853,0.728238107,-0.142151174,-1.311961545,0.466469691,0
-2.008820155,-0.071816869,0.568593207,0.508368677,0.569783351,-1.843734592,0.298427899,1.172251513,-0.532087493,-0.071317891,1.242950203,-1.523470509,0.424902532,0
-0.30835828,0.407567483,-0.042256351,-1.239606811,0.571608711,-0.136275556,1.228517606,-0.524901963,-0.059807331,-0.662238079,-0.803312858,0.509494862,1.342256783,0
-3.861030995,1.837256596,-0.421158784,-0.613375628,-0.725340041,-0.804029197,1.344959666,-0.906507781,-2.944954589,-0.600446966,0.372767224,0.572725319,-1.131089745,0
0.607887124,0.249415868,-0.403943282,0.304881921,0.560518865,1.003821985,-0.844316181,1.777794163,-0.189269885,1.021138403,0.964183435,2.380326134,0.135891414,0
-1.831712755,0.694087524,0.392761747,0.10550075,-0.075304421,-1.662899091,0.990386237,-2.848527089,-0.20013727,-2.600535927,-1.235706024,0.66234632,2.128467769,0
-2.481480892,-1.366370797,1.672579505,-1.017294598,-0.624697366,-4.029017803,-0.753142876,-0.595337275,0.565666304,-0.39845657,-0.582302131,-0.368149667,-0.198681116,0
0.267190004,0.370200931,-0.346024603,2.066548794,-0.48174411,0.731766734,-0.295444886,1.539654611,-0.266659873,-0.252713057,-1.363156598,1.15208955,1.005167112,0
-2.411432797,0.512277219,0.198766052,-0.181298786,0.127481588,-1.326339313,0.026905183,2.158500606,-1.277372694,0.740828976,0.583162712,-0.370839525,0.326226736,0
-2.474244156,0.565792207,0.388428,-0.385715369,-0.989580404,-1.793368865,1.422141812,0.281143253,-0.866732614,-1.643634142,-0.024047825,-0.146518279,0.618608548,0
-2.757303639,-1.022993455,0.688922818,1.849515576,-0.22796627,-1.998462499,-2.120166091,0.313267486,-1.625837626,-2.031747837,-0.425478131,1.782412325,0.415822012,0
-2.035833486,1.391039119,-0.430721913,0.796935926,0.019259309,-0.099082703,-0.176675093,-0.59044077,-1.70568656,0.066274737,0.784888687,1.118912272,2.221203394,0
-2.634550407,-3.780037889,1.656457031,0.478424375,-0.326947301,-3.188869599,0.403218917,0.233331765,-1.406135736,-0.458634057,0.156268678,0.861877013,1.974573286,0
1.890387245,2.96555281,-0.745204321,1.342308894,0.097810495,1.193729675,1.793550081,0.175558194,2.192773249,1.613368528,-0.162893681,0.111743704,0.508554687,1
-0.863392448,-0.529374861,0.174614198,0.32720234,0.629406158,-0.459131048,0.477997881,-0.848399107,-0.757395479,0.296612531,-0.6830568,-2.735028008,1.831450031,0
-1.811323509,1.907759039,-0.763926751,0.457609742,-0.487869088,0.539837741,0.036279293,0.251592807,-1.871467529,1.576849826,-0.837979215,-0.308761791,-0.911427438,0
-1.760182627,-1.902805126,0.793685751,-0.659658457,1.245668263,-1.639378825,-0.218484168,-1.020382449,-1.17688518,-0.917064896,0.650038335,-0.287934956,-0.25274359,0
2.689362882,-1.256442151,0.525982386,0.433066686,-0.467285601,0.024309037,-1.548230666,-0.038664775,2.590599532,-2.006472615,0.682357013,-0.839560861,-0.123996448,1
-3.373938134,1.825862117,-0.495009942,-0.772853425,1.641312447,-0.492030781,0.657133908,0.022491238,-2.693804312,-0.693922219,-0.394000313,-0.932659639,0.590780842,0
-3.315320708,-2.072591358,1.182266426,-1.909277915,-0.708891952,-2.909594154,-2.257269999,0.772652424,-1.789822672,-0.946875872,0.126708688,0.323131871,1.860709096,0
-0.540133448,0.115399413,-0.118335184,-1.141728839,0.300781339,0.072009626,2.052155417,-0.227041636,-0.651023109,2.070620271,1.743597926,2.114770443,0.748359573,0
-3.646701809,0.630976303,0.74687935,0.354590279,-0.54555378,-2.967388669,1.871714624,-0.303041821,-1.03767349,0.86018412,-0.11481704,-0.64835637,-1.667783461,0
1.698633296,-1.320629363,0.043447271,-0.618925116,-1.15044888,0.855335021,-1.115891643,0.216908614,0.594877533,-0.102088302,-0.420128449,-0.051427956,3.168239988,1
-1.334928062,3.950617717,-1.680590935,0.756540787,-0.268407624,2.038566484,0.706902281,-0.927635151,-1.987013582,-1.142282509,1.843387164,1.146979301,0.592317302,0
-1.960771333,1.718211572,-0.204374373,0.241079999,0.23026773,-0.705649274,0.625691371,-0.473932539,-0.888034967,-1.37162607,-0.073907398,-1.355633485,-0.038113142,0
-0.127301936,0.431962991,-0.301653039,0.164269156,1.525355084,0.495645134,-1.288414315,1.080336648,-0.465485937,0.115199345,-0.573597424,0.238137692,0.266257207,0
-1.446944078,3.025357107,-1.157729995,-0.003671088,-0.215062036,1.145488248,0.926067593,-1.435954978,-1.602474972,-1.17410438,-0.580917177,0.958707845,0.153547976,0
-3.206130399,3.77216476,-0.83040336,-0.973212698,0.171379947,-0.366611803,0.178081567,-1.563374531,-1.846733867,-2.550536229,-0.526075908,-0.01653359,-1.27596657,0
1.961902713,5.153301069,-1.686429228,-0.175871825,0.316162613,2.580467539,-0.213023269,-1.921179827,1.776729007,-1.783199722,-0.328651588,-0.303006403,1.526378479,1
-2.868660651,-3.232121871,1.507815762,1.254313833,1.71385816,-3.111761252,-0.07959596,1.179068426,-1.535018564,-1.35740297,1.464532792,0.965908004,-0.958269062,1
-0.732587767,-0.379337487,0.053713845,0.127909162,-2.604459978,-0.199916589,-0.401469214,-2.020851991,-0.802417252,0.637834883,-0.747684783,0.137008258,-0.166522994,0
-1.227540383,-1.745200925,0.670246664,0.655585607,-0.381807115,-1.261141957,0.25207929,-2.219313713,-0.871048943,-0.863368022,-1.88008499,-0.763884257,-0.533116657,0
-1.47500799,-1.405416296,0.557072149,0.203818334,0.369415816,-1.195216937,2.097085551,-0.371289238,-1.087404328,0.999937522,0.393184232,0.989054018,0.278167972,0
-1.196692354,1.190242203,-0.372771991,-0.766714919,0.510783543,0.082100935,0.813635044,-0.643745283,-0.992793845,0.252209859,-0.318677181,-1.415072999,1.055873536,0
-2.71182651,1.021011587,0.311982451,-0.003175857,0.934328747,-1.848429498,-0.478186697,-0.924555219,-0.905868629,-0.800840916,1.564581241,0.369265535,-1.185596008,0
-2.725674677,1.376163157,-0.297607244,0.573767761,0.65940179,-0.594740704,0.301001234,0.332346371,-2.020532157,-2.299455524,1.801045197,-1.795613221,-1.229171034,0
-3.584909331,2.547130347,-0.67939211,-0.586694081,1.666589343,-0.388080205,0.865374971,1.971350649,-2.753252743,0.11687697,-0.205429329,-0.359279035,-1.722228561,0
-1.934090352,-0.691772337,0.405467961,1.164250994,1.803622059,-1.234497658,0.572076324,0.545494517,-1.295665254,1.22392129,-0.336988334,0.158960686,0.352192465,0
-2.551775363,1.229496277,0.931891068,1.185743514,-2.171094029,-3.281306499,0.01904516,-0.143786756,0.780410333,-1.264686035,-1.00371077,1.254656045,1.796147378,0
0.199517576,0.164477138,-0.307945103,0.230814502,-0.222393228,0.698143737,2.31820569,0.640626249,-0.393903548,0.661357018,1.744357236,1.164973778,-0.593839059,0
-0.537947584,-0.608928134,0.124885713,1.939507429,-1.108028302,-0.224531138,-0.891746023,-1.04783316,-0.64416626,-1.511672642,1.395791905,2.082897138,0.58440649,0
-1.912050503,-1.435565261,0.679498462,0.026094801,0.229004552,-1.588343917,-0.153829113,0.539131098,-1.216876674,-0.873178447,-1.277214447,-0.954062922,-1.676259421,1
-1.123543943,2.105494204,-0.444361047,-0.582643119,-1.301690728,-0.05590868,0.113627361,-0.611105082,-0.406243175,1.705342743,1.197679225,2.170937373,0.068677826,0
-2.576224957,0.708863969,0.420534316,-0.858087049,-2.058680686,-1.945849462,1.821895316,-1.054105437,-0.776939191,-1.749162802,0.78949876,-0.7936165,0.317258581,0
-1.86477605,-0.802455822,0.446230954,-0.60775521,0.050120372,-1.268068764,-0.596204297,0.60351611,-1.226310496,0.418892868,0.667151779,-0.23902329,0.730195544,0
-2.327735158,2.246567931,-0.036264944,1.465379427,0.286015808,-1.378321422,-0.849023432,1.924838362,-0.436852678,-0.007171211,-2.482543986,-2.875773428,-0.118208446,0
-2.437253564,-2.112610373,1.042384924,0.343098437,-2.49924446,-2.325010093,0.541306732,0.616016719,-1.36677382,-1.466605636,-0.951782213,-0.347734564,-1.950571107,0
-0.820480978,1.053847685,0.048576534,0.332922725,0.13374243,-0.716994247,0.174709649,-0.020650512,0.17927013,-0.665384439,0.041410289,-1.746093665,-0.546014497,0
-2.362889807,2.016702974,0.14989655,1.318779685,-1.322117941,-1.729903712,0.525639923,-0.411206811,-0.221476887,0.875281427,-0.192915371,-0.465753393,0.597462858,0
-1.124905088,-0.623734077,0.223271032,-1.349487704,0.662573141,-0.611774753,0.839110923,-1.666282442,-0.947037325,0.148030755,-2.227241208,-0.690678305,0.907608756,0
0.534976679,0.613055856,-0.512051055,-0.818597499,-0.174721661,1.100234595,-0.107426253,0.372077783,-0.224015445,0.613778335,-0.465677939,0.070712666,-0.068592009,0
-3.931334992,-3.336827654,1.738756101,-0.472146334,0.985079552,-3.905272392,0.077141756,-0.278300009,-2.023016882,0.341138477,0.804691505,-1.30893275,0.862987455,0
-0.144100557,-0.980881948,0.21567365,0.328807074,-0.875407262,-0.186161627,-0.894193998,0.18290814,-0.374229305,0.379444642,0.189244689,0.536650009,-0.204174758,0
-0.210034112,0.859715447,-0.412855627,0.911643716,0.097381923,0.57372476,-0.410116744,0.419686331,-0.467887901,1.223491684,-0.131121756,0.358624443,-1.230381157,0
-2.079224992,1.795124512,-0.288395011,0.078417698,-0.21443169,-0.576293543,0.008772775,-0.709913897,-1.122568252,-0.419372187,0.136540952,-1.118436504,-0.118941421,0
-1.41505485,1.120475581,0.056723787,-0.931159402,-0.522200848,-0.930395635,1.298370004,0.727169222,-0.271920149,0.074792263,-0.622002019,-1.022298514,-0.453654057,0
-0.315536472,-0.330482769,-0.003600768,-1.60552523,0.683829154,0.033213579,-1.556348961,1.472624682,-0.530348399,-0.98427428,-0.839754886,1.996161142,0.247370609,0
-0.624818127,0.808280922,-0.353858281,-0.686270739,0.772488104,0.338338673,-0.791695863,-1.712881908,-0.73612736,0.558091863,-0.469428861,-1.437894963,-0.259868043,0
-1.458971144,2.517386066,-1.374289173,-0.85610784,-0.582966219,1.811542554,-0.959859605,0.287810497,-2.47809732,-1.295628339,1.878042035,-1.359679088,-1.221287006,0
-1.998377305,1.622780642,-0.30031149,-0.044109433,-0.468607621,-0.465414668,0.267592022,0.125513043,-1.207370513,-1.614022673,0.213004316,1.271388557,-0.028974245,0
-3.268449051,-3.083631207,1.51598337,0.589429157,0.967746405,-3.297769135,-0.392654782,-0.577300439,-1.754950699,-0.593582721,1.039479085,0.546343406,0.386655361,0
0.318245261,0.228624393,-0.32843859,0.425645772,1.179037127,0.756339242,3.183433918,1.070315427,-0.288314884,-0.751559783,-0.596257915,0.389314723,-0.711386541,0
-5.281510021,-3.664566443,2.120971511,-0.930379016,-0.334261502,-5.046447446,0.693989062,-0.755613157,-2.589173687,-2.022813958,0.565623021,0.883340807,-0.993464412,0
-2.915478391,0.175471598,0.48534553,-1.260644116,-0.219743748,-2.0033547,-0.29592754,-1.331349441,-1.325990244,-0.234366022,-0.566009729,0.935268755,-0.533137268,0
-2.242352791,-1.416125852,0.744047436,-0.93197783,-0.752968732,-1.83684131,0.268540991,0.982110786,-1.34597438,-1.838528157,-0.07147858,0.448191312,1.088162345,0
1.425106159,1.376183572,-0.98117942,-1.020678657,0.363003094,2.152875346,-0.499523968,0.454533472,0.070449119,0.058709479,0.063189498,-2.263555123,-0.968721509,0
-1.265538771,-0.164856404,0.384773293,0.15769422,0.474041957,-1.179768384,-1.428856614,0.164638531,-0.364906732,0.43562488,-0.254108712,-1.193718782,1.670718296,0
-2.037251488,-2.335208082,1.003013238,-1.458150843,1.481574791,-2.042147879,-0.006227679,0.01348002,-1.271992323,0.547503678,0.433790159,-0.213380476,-0.880427637,0
-1.618706176,-0.863026148,0.673312893,-0.957806435,0.035646791,-1.690782721,2.011491113,-1.044785538,-0.547153922,1.378858373,-0.229147843,-0.166333028,0.696676575,0
-2.767913788,2.316743195,-0.134032625,-0.686061527,0.712662032,-1.308235559,0.15184755,-0.676051088,-0.988206393,1.208439989,-0.77402565,-0.490190906,0.908090298,0
-2.603152207,2.007415882,0.279425528,-1.761582427,-1.666189238,-2.089697845,0.336356737,0.226226281,-0.147600108,-1.04912873,-0.551432812,1.46921344,0.777508667,0
-1.379100384,-2.522866826,0.97551808,0.003806834,-0.234300915,-1.724019384,-0.386003935,-0.985717379,-0.899050835,1.447407633,-0.76822206,0.021317308,-1.070380548,0
-0.667667475,-0.056926788,-0.058908444,-0.057380629,-0.241236613,-0.039023548,-1.538794057,2.613487555,-0.757711443,-0.535393603,-0.02607077,0.093425959,1.867922939,0
-1.980902173,-0.049805975,0.541267267,1.130164692,1.421893089,-1.781442038,-0.965382021,1.721964288,-0.552585752,0.277479241,1.03746667,-1.617151714,-0.526955144,0
-1.075434307,-0.52366911,0.212010743,0.197979913,-0.363873138,-0.607112809,1.189689767,1.806034209,-0.854396184,0.727492287,1.408973539,-0.652494433,0.195161703,0
-0.969249768,-1.016433326,0.31778321,-0.907675571,-0.308406724,-0.643278634,1.961309388,-0.712872493,-0.892233331,0.038260064,-0.607164742,0.436605991,0.035571828,0
-2.427333616,0.382555717,0.465407211,-0.074593585,-0.579172534,-1.890051351,1.646018839,0.228711325,-0.789850497,0.979598242,1.581110218,-1.407017381,-0.615333044,0
-2.539126416,-1.191236543,0.724154916,1.995535439,-0.110187194,-1.95633002,-2.278827718,0.283472507,-1.481869699,-0.816292166,-1.103913533,-1.756398712,-0.776925035,0
-3.729002009,-2.036794987,1.246137096,0.808287605,1.240680832,-3.186351606,0.800072213,-2.160437989,-1.981041504,-0.829787618,2.301694951,-0.170544806,-0.113542486,0
-0.937530808,3.149977616,-1.016718427,1.26176116,-0.359692666,0.928889777,1.520600902,-0.165840906,-0.748209501,0.447386296,-0.406356851,-1.201535395,-1.336722084,0
-2.657687694,2.533139808,-0.5709621,0.798504905,-0.931991125,-0.361576601,1.211265496,0.345086186,-1.710720107,0.354818118,0.590362208,-0.315567693,0.946548528,0
-0.277799999,0.085929344,-0.175175714,-0.213795565,1.352956123,0.286941146,0.043845473,0.698166268,-0.571472628,-0.603048801,0.263334389,0.371027878,0.875025223,0
-0.923597536,-0.910286501,0.307647371,1.124007567,1.488079396,-0.644404395,0.954371547,0.578920075,-0.795863349,1.336299766,0.452284684,-0.698095279,-0.260357434,0
-1.66531342,0.166587649,0.803446662,-0.404153906,0.331673962,-2.360971831,0.042249604,-0.029954646,0.472796864,-0.266939687,1.676021459,0.916627689,0.284511983,0
-0.62825613,0.095152119,-0.116124345,1.40449401,0.700137646,0.048685513,-0.498557397,1.419357803,-0.738131857,0.800529016,0.370308978,0.952487901,0.027701688,0
-3.022742326,2.343549143,-0.341961235,0.39720831,0.234235411,-0.919625134,-0.431932969,0.614216915,-1.657245158,-0.855881506,1.501362505,-2.815810494,-0.047101708,0
-1.490563402,2.355405751,-1.158124231,-0.189567737,2.151024373,1.369103506,-0.287305514,-2.741417061,-2.141612677,-1.430940989,1.534367014,1.280655561,0.805301981,0
-2.551417432,-0.287565112,0.841061607,-1.762527111,-0.182408701,-2.542388991,0.70405123,1.335345357,-0.555653587,1.252275478,0.254540646,0.175753652,-1.293450523,0
-1.93298797,0.875505027,-0.115601734,0.437021621,-1.049559266,-0.602971356,-0.023871069,0.24722547,-1.293732769,-0.246964768,0.898667392,0.576233454,-0.797563529,0
-2.139845898,1.611302477,-0.196119648,-1.489159978,-0.611657408,-0.738479699,-0.042000208,-1.20328713,-1.105705771,1.586652,0.627241221,-0.444429997,0.128715201,0
-1.927087492,-0.796417472,0.45576127,1.035774012,-0.414497854,-1.309778068,1.360761009,-0.967651833,-1.254833157,-0.751587073,-2.033064697,0.198445411,1.535577507,0
-2.50843156,1.010487895,0.132457726,1.512796069,-0.885748062,-1.378932944,-1.903803867,-0.855968452,-1.138903647,-0.473211188,-1.280987924,-0.130763669,-1.181150391,0
-1.945438525,2.842153586,-0.676178953,-2.710566622,0.552178555,-0.026029699,-0.337905326,-0.566569304,-1.094120255,-1.24590235,-0.209660013,1.19465991,-0.312592355,0
-0.306469693,-0.388966955,-0.008418094,-0.301265796,0.028068276,0.067295057,0.992494656,-0.877541989,-0.576901564,-1.148016173,-0.314144012,-0.091435922,-0.698776301,0
-1.817951648,-0.978768443,0.509807048,0.189690995,0.974984434,-1.336812469,-0.24438025,-1.31089144,-1.174406572,-0.087994248,-2.246750944,-0.130300625,0.378927566,0
-2.204578923,1.385099852,0.228677316,1.307309119,0.249675028,-1.641056607,1.056024745,0.183235599,-0.378007311,-1.109262478,-0.289839893,0.269799075,-0.563869903,0
-0.112356835,-0.584672771,0.022905352,-0.206241574,-0.390972111,0.120995051,0.286756363,2.29221164,-0.483220288,0.824820164,-1.18387309,0.497428797,0.213996002,0
-0.418904543,-0.172673156,-0.058232495,-0.269189289,-0.790077184,0.071860256,-0.455925048,-0.665668512,-0.625374675,-0.374745114,-1.049010334,0.13783133,1.335402684,0
-1.584860968,0.58698271,0.409604079,0.951056862,0.049661356,-1.592263745,-0.111916685,1.0499436,-0.026745991,-0.313161523,2.783235142,-1.087067513,-0.01602499,0
-1.665447138,-1.666862379,0.729315199,0.2452034,-1.937878665,-1.5489397,0.017757957,1.30925297,-1.062436529,1.670357185,-1.014430411,0.456544667,0.556852422,0
-2.570207734,-2.070705461,1.034487694,0.08604625,-0.845881792,-2.360173769,-1.05255647,-1.781901881,-1.469310115,-1.409048039,-0.562985716,1.652054456,-1.022240547,0
0.754950954,0.300577501,-0.153060194,-0.552996708,-0.623354026,0.459327349,0.366887009,1.192334877,0.540246597,0.444536703,0.404482632,0.967396925,0.846890575,1
-2.694201605,1.52941017,-0.014250625,-1.588644169,-0.149153989,-1.282079427,-1.034805163,1.308338367,-1.242882271,-0.883444106,0.058244361,0.943040642,0.281072225,0
-2.922455577,1.525274552,-0.217887719,-0.606663941,1.017174214,-0.884667497,-0.990860754,-1.023734445,-1.902185962,0.642121004,-0.759651761,-1.47623048,0.444874917,0
-0.138478116,0.126098494,0.379023442,0.617689388,-2.045622891,-0.943783653,2.170094992,-2.01603022,0.823615957,-1.019170621,0.149588286,-2.259370884,-0.599274478,0
-1.473548162,-0.507111911,0.290125187,-0.072780082,0.041520414,-0.904923942,0.251421786,-1.682097942,-1.014425791,0.640581856,-0.64699517,-0.053609491,1.518041567,0
-2.199570671,2.735150977,-0.924694199,-0.299326973,0.668638571,0.501820746,-0.172486884,-0.069133565,-1.953510526,0.933440408,-0.322790201,-0.658802826,0.453579852,0
-1.236277304,0.645133596,0.135312389,-0.79734485,0.08695329,-0.890091519,0.06767149,-2.429159763,-0.294350026,-0.73996784,-0.812584553,-0.606845771,-0.440401331,0
-1.611386299,2.495402831,-0.453416532,-0.476341266,-0.91147365,-0.313052482,0.164003494,0.513436186,-0.561477009,0.769291761,0.166304828,0.404801364,0.534178855,0
-2.639452528,1.273934733,-0.111477139,0.858573362,-0.103295593,-0.956066151,-1.492086257,-0.597377459,-1.603945381,-0.889540918,0.996431943,-0.106779759,-1.241516285,0
-1.182868521,-0.995308903,0.391058361,-1.320558239,0.313973274,-0.878495938,0.730485703,-0.235332639,-0.898600473,0.390837813,1.372233868,0.717870974,-1.273242873,0
-0.843608837,0.229058948,0.59897677,-0.890668133,0.46733113,-1.682171633,-0.664112715,-1.983575678,0.77822815,0.695719701,-0.768070355,0.646080938,0.483320679,0
-1.882785048,2.536855241,-0.88051592,0.2684619,0.945154736,0.562667147,-0.404449682,-0.532465394,-1.725796786,1.327128556,-0.076759013,-2.571136853,-2.33936732,0
-0.481077354,-0.77609216,0.166844195,-0.377012958,-0.15452473,-0.244565796,0.503365671,-0.785269245,-0.625162444,0.182136194,-0.367880817,-0.431847344,1.346675927,0
-0.674686987,0.951973393,0.436846381,-0.279910573,0.783431187,-1.519669479,0.1767637,-0.403901083,1.101676122,-0.370862028,0.169313724,-0.179929153,2.089714963,0
-2.644313691,-2.287042636,1.109853418,-1.493946102,0.084574222,-2.476482404,-1.550972565,0.390964103,-1.526437697,0.769624286,-1.457316907,-0.055238895,-1.193593105,0
-2.093491852,-1.887313842,0.899676893,-0.810912007,-0.70698789,-1.981339173,0.383584556,-1.701257443,-1.218573927,1.168325001,-0.20184335,-2.44092028,-0.783256133,0
0.119264373,1.041029507,-0.562607112,-0.23735408,1.200106824,0.944644194,0.336173927,-0.400133377,-0.380956972,1.456117917,2.075437811,-0.583478157,0.713734606,0
-0.919778056,-0.158651509,0.029206128,0.415850936,-0.341179203,-0.275849893,1.494196473,-0.858596019,-0.856111856,1.26406046,0.427831343,0.392293351,-1.278426341,0
-2.613971592,0.812087832,-0.168666855,-1.155645109,-0.881710192,-0.656808204,-0.527735571,-3.009341143,-2.054807607,0.040302599,-0.781348802,-0.022295121,-1.165670086,0
-3.172253641,1.358946479,0.507977181,0.360633348,0.875024502,-2.544421099,-0.790802122,-0.79895121,-0.615900089,-0.666724313,0.16994852,1.286319013,-0.926739339,0
-1.018623203,-1.960317913,0.670795737,-2.123931406,-1.505986521,-1.126563611,-0.350748286,1.445067886,-0.847978849,-1.909317186,-0.237647169,-1.144382587,-0.142181559,0
-0.190734612,-0.770060184,0.062973929,-1.124845326,-0.599538585,0.072630273,0.460587117,-0.4456829,-0.600167156,0.35676879,0.658150383,-0.446940158,-0.814486667,0
-1.844540849,-0.323188599,0.856504864,-0.212311448,-1.898621346,-2.360978257,0.746996038,-0.509929245,0.069681118,0.86540327,-1.362164572,0.486984708,0.67394439,0
-2.375565581,-1.857121338,0.914794041,0.292255957,-0.50359259,-2.10759921,1.311573922,-1.575322447,-1.40843653,0.479609169,-0.108242463,-1.260278725,-0.744108766,0
0.066685888,0.360586564,-0.114954892,1.114791505,-1.016912402,0.153283871,-0.166474422,-1.610151166,0.069514821,0.309939727,0.322142468,-1.881037048,0.24944153,1
-1.412134808,2.37181069,-0.386741272,0.642042123,-0.70194921,-0.363368854,-0.344615286,0.297216693,-0.33015324,0.861415841,-0.010919962,0.921472929,-0.423913996,1
0.077552881,0.215730602,-0.309571161,0.124105772,0.266205312,0.648645155,-0.332200086,-1.444070175,-0.465793567,1.58997385,-1.393631091,-0.327979625,0.524730894,1
1.696725341,1.857044483,-1.180539865,-1.082239137,-1.987435305,2.514449381,0.414584064,-0.385229755,0.219337057,0.188062177,-0.369364873,0.415318262,-0.83819154,0
-0.908086123,0.090025455,0.161520656,0.398212878,1.494195951,-0.659880657,0.816259719,0.677527827,-0.363378872,1.261250581,-1.850835763,-1.315318604,-0.751584081,0
-2.13821016,0.343995168,0.365045806,0.831364254,-0.790331382,-1.565502319,1.56102293,-1.909582767,-0.791338486,-1.743694507,0.709601021,-0.968186751,1.8384369,0
-2.789510496,2.455344518,-0.478016144,1.140516335,-0.632000605,-0.583063351,-1.166692196,-0.492932982,-1.675374239,0.797577063,2.300030685,-1.458576408,0.11939225,0
-2.544443883,-2.378077253,1.155187537,-0.563494122,-0.032560027,-2.518506369,0.582198925,1.557139154,-1.405475084,-0.711897827,1.146333725,-1.060970994,-1.272727083,0
0.694854313,-0.343938805,-0.472348576,-0.913149864,0.128812728,1.392441176,-0.437296837,0.125428089,-0.709782349,-0.762199093,-0.224974966,0.905736144,1.497293861,1
1.429874288,1.517629136,-1.001481297,-0.143886016,0.441662512,2.150611876,1.022522816,-1.097820158,0.134660675,-0.081238648,0.079791357,1.101489152,-0.465372226,0
-3.795408424,-3.494109425,1.774106217,0.241369567,-0.597106299,-3.89098526,0.341893261,-0.569812202,-1.942426264,-0.405151875,0.360264998,0.339850054,1.398580796,0
-2.827152965,0.449728417,0.562404598,-0.799269725,0.631217378,-2.248954564,0.837890095,-0.000235485,-0.87121466,0.750741793,-2.534336192,2.300449977,-1.44392653,0
-1.973245041,0.97186294,-0.282077296,0.357821063,0.900864441,-0.270896358,-0.120442863,-1.212715076,-1.630465033,-0.64636767,0.057982947,0.028906593,1.31199279,0
-2.783878132,-1.892586334,1.038223082,-1.365634897,-1.40673726,-2.492844971,-1.399703406,0.237595993,-1.514539396,0.355469958,-1.400275387,-0.489834775,-0.680524596,0
-1.871042591,-0.517997464,0.846461518,-1.208515167,0.146055848,-2.277425297,-0.304651084,0.447786951,-0.121433019,0.183152039,-0.789948857,-1.531007065,1.790309165,0
-0.691552871,0.957890058,-0.364582087,-0.750093657,0.11665065,0.290859605,1.156417771,0.461998024,-0.706771124,-0.037281218,-2.348001134,-0.729646402,0.583050731,0
1.060710084,2.885340855,-0.629891228,1.441197456,1.833861588,0.721049552,0.528130428,1.197471549,1.667097434,0.922939793,0.484307081,-0.495114043,2.388355617,1
-1.517269373,-0.343471935,0.194723311,-0.750608284,0.789466865,-0.758659819,0.964471227,0.95703649,-1.144487176,-1.093209544,0.624775112,0.521062587,0.226115905,0
-0.703078622,-0.985295584,0.294699585,-0.509147935,0.361888147,-0.525080692,0.119936102,1.096413714,-0.688344723,-1.337932219,1.163785716,-0.653166184,0.093993107,0
-2.518779199,0.069592108,0.636380718,-1.97659432,1.492722629,-2.194242914,-0.852298999,1.810526088,-0.719746132,-1.2978411,-1.299678552,0.122248553,-1.361295934,0
-2.852453207,-1.944327453,1.046226381,-0.297194216,-1.147589568,-2.512604589,-1.596087459,0.284264758,-1.59509405,-0.374148824,1.523110871,0.896387616,0.7492788,0
0.353540492,0.670743918,-0.478427255,0.075569264,-0.998047173,0.95138025,-0.153843397,-2.233935558,-0.263946299,0.684908283,-2.155761512,-0.477058621,0.373059622,0
-2.10512844,-1.2594113,0.689433687,1.370757393,-0.871173034,-1.728444292,1.7841287,0.979887595,-1.231680348,0.346063998,-1.664232188,-0.235583517,-1.007579659,0
-0.110189134,1.705279134,-0.145130391,0.663803579,-0.369417171,-0.30160108,2.06449439,-1.737328063,0.851255966,-1.443413063,-0.143126397,-0.046179213,-0.363263539,0
-1.326366642,-1.349537245,0.533389532,-1.461305675,1.417871289,-1.118255596,0.602785451,-0.072641156,-0.969021629,-0.588613374,-0.296075868,-0.541182697,0.514316681,0
-3.045085657,1.362677366,-0.071583712,-1.002942803,-0.832604412,-1.194722588,-0.525972059,-0.290115365,-1.802405169,0.622483335,2.007988106,1.960691436,1.32925563,0
-1.806492103,1.740512801,-0.5892707,-0.071514009,-1.046350036,0.203889292,0.522971574,-0.586227694,-1.600239259,0.802949927,0.448098213,-0.231549494,2.166884035,0
-1.014611974,-0.019596962,0.014874769,0.471312555,-1.923450466,-0.319546827,-0.249941883,-0.571040358,-0.867267074,-0.076752775,-1.584811529,0.058310529,0.760475092,0
-0.582840657,-0.022709308,-0.077272965,-0.591294784,-0.276244035,0.015076256,-1.14815233,-0.722991728,-0.69929459,1.283177226,-0.941062017,-0.073934517,-0.377802666,0
-0.84198577,-0.03263941,-0.0156178,1.68793949,-0.378033671,-0.196015696,0.692036195,0.031760494,-0.79467324,0.377070563,-0.363131933,-0.976302593,0.917291979,0
-1.418981143,1.442086488,-0.437633706,-0.647293453,-2.026023448,0.076613193,-0.807594928,-0.177480802,-1.144417339,0.798730512,0.545004259,-0.230599912,1.724278249,0
-0.452068686,0.662386929,-0.370097661,0.032156317,1.972626102,0.476243058,1.207796582,-0.138358479,-0.730628918,-0.927679032,0.134101691,-0.311618762,1.380337056,0
-2.624571243,-0.838320168,1.13167038,0.746457622,-0.595307223,-3.02909293,-0.849959924,-1.355462331,-0.378681453,-0.962430372,1.548317705,0.756835912,-0.240078461,0
1.661741324,-0.562102416,0.875996168,-0.110336108,-0.231937418,-1.30976962,0.130453425,0.335824512,2.996911701,-0.397799853,0.589637909,-1.205358315,0.309410321,1
-1.546887971,2.917604675,-0.962300686,-0.3586146,-1.23638346,0.71130884,-0.468805325,-0.384393191,-1.331717573,-0.328652688,1.32298057,-0.66691833,0.55136915,0
-2.285075481,-0.948627658,0.588895952,1.01280801,-1.825666267,-1.661512499,-1.07673902,-1.613185982,-1.382371794,-0.482334983,0.299339716,-0.267131294,1.290081157,0
-2.423373321,-1.952745407,0.949030763,0.100299531,0.006465216,-2.165446918,0.535112686,0.124170891,-1.444758599,-0.121452151,0.974539496,-0.444144473,0.521460069,0
-2.812125875,-3.11583127,1.43604603,-0.957252934,0.120779191,-2.973537545,2.202951552,-0.54564064,-1.559858152,-0.476220935,1.11311176,0.486411602,0.068087168,0
-2.293678888,-2.915226394,1.295925183,-0.144818009,0.071000656,-2.576667967,-0.722428052,-0.949997878,-1.271743378,1.549767453,1.446594777,1.299378255,0.075951105,0
-0.583644337,-0.108705753,-0.020839946,-0.537227664,-0.559897468,-0.082929693,-0.808104336,0.506869373,-0.637581644,1.085389961,-1.509730823,0.850518128,0.659090486,0
-2.293526022,-2.239057279,1.025910383,0.62743525,-0.791544213,-2.201775025,1.784553727,-0.573178676,-1.372627872,0.259095203,1.573690172,-0.857588432,-2.388656283,0
-1.091365835,-0.629358647,0.234240707,0.543423609,0.680279803,-0.625000733,2.347649388,-1.095649049,-0.897335992,0.63581303,-0.582112994,1.282317436,-0.581777162,0
-1.636640846,-1.191907861,0.519169932,1.592333146,-0.934541021,-1.230880516,-0.962266786,-0.409210164,-1.15419215,-0.732353367,0.471736647,1.133714112,2.520306516,0
-1.351406071,-2.43184451,1.677715432,-0.926062164,0.386582589,-3.340436714,0.950627873,0.376367037,0.768582352,-0.312567058,-0.522359926,2.511132548,-0.019931562,0
-1.429410387,-0.324133189,0.756807238,-0.150861027,0.084216589,-2.014795549,0.635233022,-0.454733887,0.207800914,2.399377207,0.8298919,0.406504346,-0.290463176,0
-0.554030415,-0.319388809,0.04465193,1.252020739,0.287772168,-0.148911095,0.898613064,-0.378378756,-0.622068194,1.887001006,-0.513455318,-1.284780132,-0.419872375,0
-3.429234145,-4.494605037,2.038138955,0.404916661,0.80366925,-4.03272146,0.19720036,-0.653355646,-1.777199034,-0.163261982,0.597412173,-0.604804,0.955903542,0
-3.372892522,-3.359243512,1.628794881,0.331700013,0.788333353,-3.486929833,0.330329699,-1.041681433,-1.798807537,-1.454932965,-0.487267964,-0.657500816,-0.557715106,0
-0.55555386,-1.187912549,0.312109386,0.661590407,1.810377615,-0.450839885,1.191254319,1.219267577,-0.671723706,0.993100821,-0.923631703,-1.740859689,-0.304643214,0
-1.565160513,-2.176425521,0.891207066,-1.36964918,-1.117159607,-1.708173837,1.052977457,-0.630880665,-0.992052449,1.804730613,1.396651803,1.293166582,-1.666067485,0
-1.133013598,0.488189298,-0.162807415,-0.418915748,1.033114802,-0.1291053,0.19456899,-2.316886131,-0.990224815,-0.701066806,-1.255279925,1.387922049,0.551760864,0
-3.352415023,1.106778515,0.294725614,0.162443905,0.271184205,-2.024216217,-0.131980899,-1.119945271,-1.439950932,-1.492751176,1.031798755,0.632008323,-0.551473911,0
-2.173867884,0.474853558,0.717150791,-0.95004188,1.011097006,-2.420250529,1.274059643,1.477372561,0.065223051,-0.621134799,-0.942963372,-1.197166593,1.672989703,0
-1.650397077,2.835117799,-1.012516624,0.483911942,-0.205317645,0.82429921,1.925927321,0.810227832,-1.59635653,1.011368257,0.722980513,0.516405948,-0.085401751,0
-3.70537496,-4.341195893,2.056159821,-0.710890179,-0.600957629,-4.207131917,0.699953357,0.535425956,-1.863376459,-1.071630513,-0.828857009,-1.369530489,1.926275237,0
-1.148697389,1.387395277,-0.154657145,0.771175805,1.518993088,-0.467937753,-0.597455071,-0.569791862,-0.314318077,-0.581770705,1.639945949,-1.438637016,0.127106965,0
-0.1326599,0.757370493,-0.452805028,1.28644228,0.241459299,0.722588961,2.20215522,-0.277339457,-0.566361064,-1.627360484,0.986566825,0.355557206,0.084832426,0
-0.44644525,3.280458487,-1.422356314,-0.923897153,-0.769568714,1.944632774,1.167136844,0.654093449,-1.132071329,-0.807436771,1.541795328,-1.624276596,1.197901914,0
-2.269837047,0.607533769,0.66617336,-0.923400473,-1.862213326,-2.378930474,-0.69886618,-0.223669274,-0.033903855,-1.32059629,1.29240893,0.720610549,-2.285084495,0
-1.511916491,-1.58681829,0.664721203,-1.259009985,0.897044961,-1.386276808,-0.506731037,0.965890561,-1.013534855,-0.809059502,-1.189097916,1.681292405,0.396654254,0
-3.465612949,-2.67479989,1.407319161,0.334162967,1.020708948,-3.251811869,-0.755621585,-0.321684337,-1.865710849,0.194856415,1.024420807,-0.898754878,-0.234623806,0
-0.078183508,2.042487668,-0.76812499,-1.49467022,-0.171445743,1.002017285,-0.641112428,0.4098088,-0.266837455,-0.732138902,1.663031378,-1.779823175,0.214352208,0
-3.626311498,-3.433666676,1.705048643,0.236262334,-1.1562072,-3.706824809,0.157403715,0.55201487,-1.904579781,-0.399207459,0.175736627,-1.106156129,0.522831863,0
-0.250452208,0.228305501,-0.234207729,0.266235492,-0.003196225,0.378696523,2.009392188,-0.482375352,-0.573746037,-0.159968921,1.415928344,1.376487749,0.091268843,0
-2.606034292,1.958111621,-0.416494327,0.949165063,2.807650783,-0.495011183,0.212669956,-0.143538437,-1.74833614,0.938109359,1.964826942,0.854070251,0.279415535,0
-3.135238696,-2.463019572,1.270658399,-1.181321009,-0.250219629,-2.920969681,0.072787022,-0.245150712,-1.72572426,-1.36729263,-1.712908674,-1.142283669,0.955046749,0
-2.600957246,-2.464974196,1.177739028,1.096002516,-0.398743318,-2.555431017,-0.300218218,0.454540699,-1.469101708,0.950852616,1.235588265,2.387591698,0.910559026,0
1.568133326,0.297336055,-0.564989496,-0.902158332,0.710527318,1.629223784,0.482285193,0.213822624,0.323707757,-0.846094716,0.99901578,-0.319093746,-0.085848143,1
-3.604420864,-2.938521772,1.538901593,0.302025128,-1.376435084,-3.497630845,2.337002311,1.393555705,-1.888583839,-0.15376867,-0.966114277,-0.886867284,-1.174041445,0
-1.588650766,1.847668255,-0.845551849,0.405873926,1.113014662,0.810288909,1.009875874,0.72945389,-1.905019401,-0.360817182,0.914503217,-0.077740653,-1.277405389,0
-2.813839011,-2.639929884,1.291122112,-0.265782178,-0.312060456,-2.812523641,-0.494927121,-0.229137051,-1.531223187,-0.256533964,-0.323680425,0.271514316,-1.794056023,0
-0.329779197,-0.238427484,-0.038655601,-0.759988357,-1.00158847,0.076269621,0.07513,-1.274100303,-0.552711839,0.302149815,1.362091164,0.079032411,0.327154185,0
-0.367228524,0.942693941,-0.407046834,-0.504600122,-0.100014256,0.486059693,-1.322365256,0.216201409,-0.530176175,1.108980855,1.818106208,2.067069687,-0.855118157,0
1.290645269,-0.727552975,0.0180995,-0.555818042,-0.339556388,0.58681736,0.211140595,1.727892303,0.624500172,0.430568135,0.60862673,1.015446797,-1.141525531,1
0.526448958,0.89211587,0.007117119,-0.367258091,0.517918934,-0.177603907,1.333965517,0.964586073,1.141713282,1.040105779,-0.174304573,0.307908187,0.712757074,1
-3.146359668,-0.400641191,0.50890688,1.823358962,0.562979182,-1.921045931,-0.144586767,-0.215476716,-1.90484966,0.011332378,0.676101614,-0.078825879,0.079856836,0
-1.597276354,0.020571503,0.515479579,-0.700899621,1.007955902,-1.637010361,-1.978940174,1.015826145,-0.22290174,-0.360485227,-1.934433088,-0.152223255,2.05094038,0
-1.043282651,1.8367716,-0.550516839,0.91959368,0.593588486,0.302366899,0.811850193,-0.094684061,-0.774951907,1.608554237,-0.224991354,0.692872555,-0.5348461,0
-0.211713255,-0.156045734,-0.093047753,0.475588112,0.992087442,0.204744894,0.033071544,-0.07764977,-0.510145016,0.819360835,0.652815342,2.189927822,0.058684126,0
-2.683901131,0.801432115,-0.106679548,2.117372816,0.589228285,-0.813813312,0.03121459,-1.684093729,-1.984750123,-3.856375329,1.074273297,0.10321626,-0.712201025,0
-1.888732143,0.452168118,0.442610573,1.107272972,1.218665211,-1.707426405,-0.392843891,-0.447245105,-0.318694152,-1.57334695,0.152015778,-1.41699014,0.581373059,0
-2.527290256,1.807980062,-0.327224604,0.551573539,-0.056661542,-0.62200993,0.629082619,-0.755483394,-1.591364625,0.815316885,0.206659698,0.150685858,-0.697516571,0
-1.523194318,1.481222965,0.014713015,0.864405843,0.550267468,-0.99302421,-0.621771511,1.323745549,-0.19128953,1.157006698,-2.02934813,0.57045806,-0.98843941,0
-0.94721059,2.00009535,-0.460423305,-0.914906605,-0.312846596,0.068404963,-0.360301519,0.375288008,-0.366985405,-0.89185907,0.726210155,0.957511488,-0.266568436,0
-2.329227547,2.896221185,-0.543979727,1.604278037,1.599392137,-0.455536032,1.45785884,0.747630179,-1.092288638,0.702437317,-0.921365575,-1.437038902,0.890145309,0
-1.731618875,0.17653484,0.263745862,-0.732453876,0.48107037,-1.159664563,0.16685939,-2.338008717,-0.788585501,1.841878002,-0.39075177,-0.105485367,0.509931241,0
-0.555756066,0.830857915,-0.3544734,-0.073832949,-0.615910983,0.351727135,-1.868897971,-1.222743226,-0.660343782,-1.02247413,-0.56029589,1.099167562,-0.197147331,0
-2.813692854,2.195820145,-0.504558198,0.922427751,-0.08740171,-0.438695867,1.062627497,-0.376604744,-1.949794896,-0.998796875,-1.352036427,0.120905915,0.230706156,0
-1.371719301,1.017483093,-0.003316958,0.735360827,0.187842407,-0.745560556,0.938280898,0.386225374,-0.44567925,-1.120445859,-1.514489458,0.046348699,-0.0621034,0
0.296540204,0.387801557,-0.407907744,0.188847293,1.060836059,0.874389985,0.625090834,0.620245773,-0.36673475,-0.896977588,1.231348946,-0.40139421,-0.982608344,0
-2.719482447,-2.306569511,1.135741647,1.479985641,-1.301730861,-2.550017962,-1.83849484,0.407265825,-1.548572468,1.251439877,-0.426486164,1.916797204,-1.104440021,0
-3.130236237,2.458022802,-0.192360482,-0.581390021,-0.006837198,-1.330104637,-0.73785513,0.685875233,-1.329998375,-1.031362818,1.14186351,0.781904052,1.256725202,0
-1.132290735,-0.318991165,0.160292525,-0.832652075,-1.998877736,-0.578117,-0.029308621,0.219370648,-0.86727892,-0.30192165,-0.032901891,-0.065831642,-2.697057485,1
-2.520561795,1.069310178,-0.367482519,0.541159636,-0.522648888,-0.26933199,0.019769191,-1.732186158,-2.227279675,-0.210972495,0.037825228,-1.333195569,0.012985415,0
-1.523692746,-0.7792814,0.335145988,-0.774573565,-1.073050148,-0.92589442,-1.43689869,-0.992836417,-1.16039538,-0.839375743,0.279034261,2.349800649,-0.611026079,0
-0.93142041,-0.785504234,0.249408354,-0.569272691,-2.102986439,-0.558414027,0.467695945,0.880302952,-0.840205335,2.093388264,-0.202725437,-1.216092704,0.381593176,0
-2.96142314,1.541968794,-0.19221409,-0.261003489,0.287296573,-0.959994819,-0.606825342,0.481145891,-1.86614807,0.357470186,0.334126247,-0.174362836,-0.725617457,0
1.706066307,2.50375421,-1.167464088,0.055687355,0.30290614,2.26034943,0.791246035,1.431717218,0.739642879,-0.102738862,-0.551640777,1.491923415,-1.497873356,1
-2.737589025,2.80030256,-0.849430108,-0.802184439,-1.164808558,0.153046111,-1.499179718,-0.379725789,-2.205828182,0.012341951,-2.449367246,-1.474796027,-0.865562826,0
-2.81829367,-1.997034631,1.045486773,-0.514662746,1.010373875,-2.482560761,0.484229588,-0.875313591,-1.606273002,-0.19308926,0.458022071,-0.8578649,-0.496248014,0
-1.767443485,-1.338908799,1.274551743,-0.384569767,-0.150486316,-2.930032524,-0.698893096,0.841130942,0.31666157,-0.263056338,-0.487778032,0.862504733,0.353565838,0
-2.231584767,2.038227209,-0.054556364,-0.178219013,0.620875416,-1.235927916,1.449413769,1.565820594,-0.549469076,0.0294327,1.88755135,-0.627477484,-0.132161752,0
-0.121523761,0.963226782,-0.503434958,-1.030702651,0.003551273,0.768317498,-0.426383407,0.232034679,-0.516547775,-1.043291206,2.023879617,1.25492883,-1.831116092,0
-1.88797252,2.124139986,-0.645240219,-0.303260778,-0.149680948,0.172570902,-0.967656428,1.187591818,-1.510566073,1.365328748,-0.203298245,-1.380389847,-0.80727777,0
0.510922785,0.624286109,-0.52966845,-2.065248687,-0.868598432,1.129303707,0.162255875,0.16440658,-0.276163924,0.640682068,0.423823145,1.043135736,0.017791324,0
-0.453205923,2.535332972,-0.951659946,1.806282296,-0.553267659,1.136948952,2.151164041,-0.73228241,-0.638175546,-0.337749033,-0.798185894,1.562668505,0.47822394,0
-0.094346728,0.630832151,-0.42270134,0.858384697,-0.685952925,0.709816322,0.124327009,0.278592335,-0.559830654,-0.813917339,0.618875516,1.462238987,0.977180479,0
-0.336278813,-0.264534394,-0.02339355,1.524756664,0.090275144,0.048952889,0.960322219,0.930102262,-0.543635237,0.571319574,-0.406758464,1.327178508,-0.2625929,0
-2.650467731,0.627385478,0.14238511,-0.952398385,1.520277989,-1.307865336,-0.983376723,-1.875809093,-1.526674166,-0.034256819,-0.08233055,-0.250407994,-0.498322973,0
-1.292009361,2.778558224,-0.348065551,0.356566878,0.381618239,-0.559283802,1.440505324,0.158183501,0.165185394,-0.708824764,0.886459102,-0.233238472,0.616744023,0
-1.022834436,-0.882118958,0.296595604,-0.501219232,-0.638640783,-0.657862502,-0.079695829,-0.670931101,-0.886289579,0.462060544,1.500218964,0.163324655,-1.431408733,0
-1.294213488,-0.577945771,0.287309286,-0.739115223,0.630746687,-0.821924586,0.227289541,-0.06658574,-0.917021708,1.551993532,0.325726515,-0.266284058,0.001237018,0
-2.048480952,0.302312601,0.42409451,1.272320705,-0.249130675,-1.658887223,-1.45360327,-0.962325929,-0.611615698,0.044691783,0.074669046,-0.625036978,-0.64658022,0
-2.166540967,0.883722511,-0.039759043,0.12283232,-0.834540552,-0.845228716,1.469344293,-0.574752983,-1.32138268,0.766718283,2.519332791,1.222393438,1.620932785,0
-1.294978894,1.276178909,-0.084725862,-1.403558344,0.321870382,-0.629664729,0.817206517,0.26098385,-0.368186501,0.160695609,1.339396122,0.157469242,-0.880952583,0
-1.961158219,1.064895769,0.067286,1.791782274,-1.466038201,-1.092368229,-0.000131686,-1.255149067,-0.766601225,0.674144005,0.716262496,0.283224959,-0.958928268,0
-1.315380128,0.246438474,0.061682404,-0.34617645,0.077455815,-0.605901535,1.145001479,0.359027772,-0.826279596,-0.961489199,-1.003922018,-1.105780286,0.408516065,0
1.132291724,-2.352266345,-0.329267777,0.161851497,-0.302061731,1.899534013,0.09944382,0.861789245,-1.506112598,0.349699858,1.074774011,0.384675719,0.793874855,1
-2.000483121,2.507587719,-0.879998584,-1.703831335,-1.546002544,0.537819731,1.370608381,1.936679762,-1.849266108,0.436357593,-0.10750422,0.285486943,-1.529015024,0
-0.87839115,1.920921058,-0.45689754,0.286378483,-0.553431246,0.108070508,0.889859489,-0.115457317,-0.358086942,-1.201212819,-0.837741674,-0.895688512,0.756552901,0
-2.36689367,-1.366305453,1.176726904,0.678346885,-0.669684934,-2.871494126,0.370175453,-0.142771649,-0.446748216,0.535133624,-0.419261281,-1.080286794,-1.268058099,0
0.281336597,-0.112220061,-0.230650543,2.069214129,1.172836278,0.64364243,0.839035816,-2.603736706,-0.35560458,0.643725403,0.246971328,0.203324932,0.753059069,0
-1.412353637,-1.08626555,0.436799607,-0.014501483,2.098598782,-1.016483416,-1.892086287,-0.406740454,-1.06427562,-2.892381135,0.18030672,-0.890952034,0.555120267,0
-0.24608537,0.277828333,-0.260919582,0.300592414,0.450116255,0.423139463,0.333628889,0.916341623,-0.592893079,-1.075212319,1.194063816,0.411989741,-0.216575427,0
-1.470283478,-0.566110262,0.295567858,2.327841243,0.002531936,-0.895603205,0.728355513,-0.397814927,-1.043409512,-0.747289124,0.987239657,0.204863403,1.103042215,0
-1.726051512,-1.581323836,0.69898953,-0.283231829,0.410141957,-1.527694047,0.050138025,-0.492016731,-1.119539833,-1.154850677,0.478458689,-0.675467245,1.448521361,0
-0.796487263,-0.526467911,0.129159637,1.414525939,-0.975671218,-0.337769661,-0.041672735,-0.458769485,-0.798785017,-1.709555645,-1.215966995,-0.587051965,1.19087103,0
-0.761070907,-0.18698124,0.00775646,-0.175665766,-1.001233746,-0.171472272,1.18707341,-0.566975429,-0.786796572,1.060172934,0.430247531,-1.146868651,0.252740135,0
0.966267067,1.585581125,-0.169474211,-0.285680975,1.705812601,0.106184573,0.542013882,-0.673749742,1.647290368,-1.286303914,0.19062543,1.652709389,-0.752711884,1
-2.809574087,-2.563200707,1.27594123,0.649480318,0.580153444,-2.803815525,0.122336865,0.183178446,-1.504276284,-1.008568707,-0.400055652,0.115294554,-0.384891667,0
-2.184250187,0.084941315,0.200104165,1.503700318,0.294554979,-1.113744224,-0.990769824,0.543864396,-1.395017278,-0.426960391,2.190681004,0.392309417,1.582267549,0
-1.40247513,1.747239929,-0.231913278,-0.29760711,-0.887219259,-0.492334103,1.00128193,0.635128501,-0.440618884,0.446958807,0.770379635,-0.865738728,0.805801214,0
-0.915251657,-0.027532681,-0.022218942,0.381213874,0.393983643,-0.203975164,-0.309079239,0.866317702,-0.869650966,0.484590228,1.483470561,-1.352660995,1.973536896,0
-3.099207454,-2.706453272,1.360341665,1.706015822,-1.646455835,-3.028457943,-0.558788273,1.073072767,-1.674780027,0.834035811,-1.000958439,-1.873627925,0.281471138,0
-0.867826456,0.370755129,-0.205262351,-1.772027828,-1.363404247,0.084921241,0.181459007,2.728499745,-0.941576865,-0.669552326,-1.534180961,-0.486581246,-0.100593105,0
-1.434760636,-0.92481521,0.412048729,-1.33783118,1.208406049,-1.023523211,0.901030176,-3.17987024,-1.018841951,-0.365165081,-0.132314917,0.214130044,0.225456377,0
0.231950297,0.416976301,-0.412198859,-0.259793474,-0.301655796,0.855241399,-0.741796628,-0.327084628,-0.410984898,-0.496234009,1.178637946,-0.603779796,-0.679812353,0
-0.118228626,0.870151793,-0.4781746,0.002122947,-0.463063468,0.74467325,-0.520488199,1.223346548,-0.526481114,0.513330851,-0.650081263,0.303201405,1.93406344,0
0.199832807,-0.801093311,0.063570929,-0.589184237,1.087727598,0.194847581,0.258957019,1.229994348,-0.280932667,-0.778525461,0.458066521,0.715698856,1.118634125,0
-2.498836219,1.132875158,-0.089272234,0.05948494,-0.587056938,-0.91631318,-1.590414537,-2.941628472,-1.53664195,1.631991007,-0.690421035,-1.645554453,-1.329520958,0
-4.105415217,0.971304304,0.057142111,-1.181893974,2.31810226,-1.65507098,-0.791467643,1.026419377,-2.731706844,0.592950809,-0.752234537,1.378911243,0.293786688,0
-2.230509548,-0.602745223,0.793282342,1.060559878,0.865634185,-2.230759981,0.599511241,-1.318409451,-0.617923759,0.054639442,-0.79262283,-0.187503884,0.995518577,0
-1.468265787,0.654154466,0.327717653,-1.092403528,-0.17530832,-1.396519327,-0.728217525,0.638516579,-0.058506683,-0.922748564,-0.002307345,0.770783148,0.672726978,0
-3.980285734,2.736102736,-0.812152741,0.252858246,-0.296145121,-0.267437693,-0.244953583,-0.262312828,-3.255305469,-1.540667131,-2.330663478,-2.076973522,-0.464035761,0
-3.102636223,1.112390759,-0.427641958,0.196851926,0.916378827,-0.315951746,-0.498464083,0.035225306,-2.838391688,-0.336150003,-0.119423161,-0.71438656,-0.780376605,0
-3.272512218,3.209270632,-0.825970113,1.498311544,0.915995563,-0.198112157,-0.389418533,0.74706225,-2.314992451,0.650931622,1.381949322,1.31806129,0.342995114,0
-3.898189742,1.222712618,-0.267323615,-0.516767568,-1.137600205,-0.947770849,-0.682540046,-0.041457962,-3.091046374,0.850004268,0.601936237,-1.23735369,-0.532793213,0
0.303688102,1.035604637,-0.601656604,-0.152891077,0.130043063,1.088308515,-0.887171594,-0.090714323,-0.311572778,0.048647132,0.470139689,-1.166073926,0.843440859,0
-0.182465864,0.710285863,-0.398470341,2.031327645,0.99380084,0.601538476,1.832115093,1.302654087,-0.523097131,0.851694843,1.487652324,-0.805813663,-0.374742919,0
-2.013482974,2.589925239,-0.89726042,0.236097294,0.349729682,0.544296648,1.213597562,-0.03341092,-1.837877649,0.734481656,0.128771318,0.9153183,-0.051560318,0
-1.053727735,-0.13777221,0.054680465,0.439259489,-1.374965648,-0.379595761,0.404762433,1.480309601,-0.900339892,0.734845193,1.15176037,0.193486848,0.623120098,0
-2.583438091,1.255203731,0.001015041,-0.291406361,0.694096747,-1.188437002,-0.595168999,-0.67571153,-1.316619989,2.938188067,-0.666619277,0.160611302,-0.018166881,0
-0.570185625,-1.082343647,0.318091669,0.656780423,-0.403196465,-0.505706034,0.321072142,-0.592709024,-0.592264571,0.113655536,1.503656606,-0.872158984,-0.847719362,0
-1.117946137,0.76851716,-0.016086039,-0.413600714,0.562709838,-0.555950644,-1.292429163,-0.476098469,-0.438590552,0.440662557,1.500660849,-0.17508515,0.08380236,0
-0.664937406,0.911629663,-0.212058908,-0.10039877,0.248691478,-0.031105221,0.22686832,-0.280653927,-0.375854784,-0.131603638,2.030881555,-0.873336054,0.3423849,1
-0.949824872,0.104258904,0.310254607,0.04642926,0.696593981,-1.014218271,-1.572679069,-0.377419462,-0.055492038,2.156474168,0.405689527,-0.310456463,0.747865869,0
-2.02224129,0.939247552,-0.190351109,1.053857969,-1.452701223,-0.48159136,0.828652593,0.029465719,-1.491797814,1.016356832,1.795570403,1.542748788,-1.408089247,0
0.877118228,-0.245502293,0.231453363,-0.676898437,0.242117968,-0.18562859,1.469144746,1.053273382,1.101964191,0.630575124,0.9839413,-0.523283284,-0.761247053,1
-2.852464335,0.077685283,0.267185849,1.325308997,1.463900786,-1.456090496,0.55529419,1.917259535,-1.833444106,-0.338186717,-0.57602517,0.265107095,-0.460523421,0
-1.780756544,-1.148860629,0.544252656,-1.016267857,0.46596012,-1.344456959,0.723760712,-0.650484486,-1.191626504,0.117074375,-1.094801205,-0.465170387,1.4600099,0
-3.033854241,1.136105946,0.22342435,-0.29859953,-0.228365593,-1.780921448,0.46945424,-0.521297395,-1.299848734,-1.109869007,-1.768925297,-0.652042414,-2.266406573,0
-2.31915468,-2.611063522,1.142222159,0.097302829,1.018074499,-2.342280874,-0.351802476,0.374916834,-1.411770586,0.005907809,1.465185143,-0.668340578,-1.315129742,1
-1.150631721,1.195248112,-1.215495223,0.370638299,0.202417787,2.004750963,0.517969428,0.941972133,-2.839621983,1.613157501,1.552722606,-0.582513596,-0.09833566,1
-2.676876591,0.175920881,0.395961445,-0.655797311,-1.097876288,-1.731975793,0.549887682,0.142922126,-1.317843491,0.145836266,0.805691474,-0.162219149,1.828909632,0
-0.996772901,-1.771522857,0.618130022,0.432451765,-1.355687522,-1.067135143,1.732746025,1.251702856,-0.806114355,-1.618302687,1.116223348,1.268969486,-1.396766349,0
-1.94181739,-0.511966027,0.35556583,0.65863697,0.145559385,-1.186711855,0.804060071,-0.425688069,-1.280139329,0.845499436,1.677461272,-0.604164567,0.766036314,0
-2.580303632,-2.436091679,1.136678723,-1.672277913,0.048103148,-2.466500921,1.741214932,0.032068509,-1.521628764,-0.982994764,0.412981252,-0.400892075,-1.348201693,0
0.026874455,-0.621400532,0.005724605,-1.897539194,-0.178931267,0.213022832,-0.498278777,-1.27770631,-0.427603966,0.069759617,-0.731580842,-0.965331822,-0.231208163,0
-0.936454569,-0.992497443,0.323439126,-1.984231408,-0.584869106,-0.655051171,0.299644977,0.46397803,-0.833035221,0.107279113,0.845818055,0.850595108,-0.391498673,0
-2.985862091,-1.560791921,0.943175035,-1.238386585,0.422946255,-2.452099428,0.845047321,-0.355986243,-1.656471668,0.088460595,-1.029227348,1.325017062,-0.774413516,0
-2.299923838,1.998790609,-0.08481261,0.369248443,0.700329171,-1.17317645,-0.926523766,0.105121097,-0.706473078,0.629718724,-0.090424101,0.283059547,-1.209111289,0
-2.704117564,-3.225421662,1.432557474,1.533351885,1.832225086,-2.895976779,0.089512758,0.330936915,-1.555183367,0.398330988,-0.514407345,-0.642658092,1.73390595,0
-2.202286517,-3.033418447,1.286756874,-0.894259623,-1.877424453,-2.487998966,-0.110138824,-0.123183378,-1.300743639,-1.744157814,-1.381125047,0.109530562,-0.013240229,0
-1.576144183,-1.149900306,1.200906536,-2.030782998,-1.175133076,-2.77421898,-0.293607159,-2.496798117,0.459585935,-0.31265873,1.037640015,-0.607846131,1.830016286,0
-2.889205346,0.091098138,0.032585664,-0.076827701,-0.357433842,-0.939376245,1.318760975,-0.053596099,-2.381878658,-0.727961865,-0.225271308,1.1610927,1.564496774,0
-1.739808331,0.848369454,-0.370604313,0.015584573,0.967778862,0.040580832,0.62369321,-0.28748417,-1.717437121,0.526148825,-0.605668382,-0.189786746,-0.981690716,0
-0.243764133,-0.283412987,-0.02951017,-0.074097656,-0.964943626,0.096143554,0.394274318,0.515924003,-0.490664472,0.475566794,-0.319170217,0.044034327,0.530207607,0
-2.872321766,-2.217337904,1.108592733,-0.837730234,-1.744257681,-2.563881715,0.537215638,0.889259891,-1.67633532,1.129920179,-1.684071664,-0.215955649,-0.54124255,0
-1.588513119,0.127739342,-0.328745748,1.355668658,-0.718670379,0.242404525,1.376039395,-0.775696648,-2.029399481,-0.075482353,1.012520635,0.171917909,0.954235282,0
-1.245612435,0.389322575,0.267587558,1.352271138,0.248956739,-1.102909461,-1.432601637,0.869959269,-0.196700568,-0.138581983,0.362092737,-0.039296543,-1.34165212,0
-2.64856028,2.524982898,-0.346434313,-0.765583793,-0.066852858,-0.865260797,-0.742987903,-0.175301816,-1.205074319,1.847639708,0.267968799,0.048155554,0.967611366,0
-2.938566948,1.245235334,-0.542380755,0.246552095,-0.632648251,-0.055075622,0.172419852,0.105159982,-2.853376219,0.814339815,2.997198292,1.232918587,-0.33674303,0
-1.722675694,0.589865563,0.586901536,0.911262283,0.319823063,-2.035106963,1.53884729,1.240965599,0.252855375,0.215662787,0.435683112,-0.579186141,0.822842073,0
-1.774820459,-2.259111822,0.957838016,-0.217911216,0.156999441,-1.890720374,0.548512281,2.480204225,-1.087371418,0.052994308,-0.907499861,0.350821767,-0.097073677,0
-1.244618838,0.196566513,0.289645336,1.309439797,1.858409406,-1.084944255,-0.28761255,-1.006630073,-0.290247688,-1.986345746,0.763203619,-0.434699859,-0.495157648,0
-1.581983836,2.580152073,-0.593252266,-1.493357189,0.965225709,-0.017218291,0.290337635,-0.547105929,-0.786274841,-1.329231055,-1.214527031,0.892823117,0.028738441,0
-1.941052627,0.159880673,0.304772328,-0.386237089,0.706896291,-1.307272443,1.267273646,-0.322744553,-0.891857494,-1.242564003,0.528269939,0.030848667,2.476929134,0
2.071805666,3.176696265,-1.693141037,0.65047851,0.499741269,3.321629243,0.565789286,0.064265372,0.381977859,-0.667370335,-0.115461714,-0.457253442,-0.509706384,0
-1.017378258,-1.15060674,0.402394491,-2.223201955,1.758731781,-0.801918321,0.820678652,-0.935243115,-0.844591518,0.038302458,-0.531186236,0.760983839,1.080640869,0
-0.845904085,-1.005645326,0.326349773,-1.058346944,-0.888858549,-0.630911876,1.088080923,0.267605488,-0.757247187,0.954308596,-1.109209821,0.365334316,0.252538143,0
-2.530294445,0.383239871,0.544626569,-0.230710894,1.707221185,-2.099646939,1.452043595,-0.126489457,-0.701508722,1.405927903,0.711219273,-0.700546816,-0.872068774,0
-1.600762134,-1.813851517,0.741114761,1.491401979,1.068341348,-1.505411749,0.890996313,-1.167602796,-1.089213066,-0.096769626,-1.498477133,-1.152963139,-1.68003737,0
-1.927064567,1.226871541,-0.209319401,-1.040380151,-1.127132584,-0.512139621,-1.354599661,-0.679935945,-1.236513002,-1.007174736,-0.949117628,-0.073652026,-0.708182063,0
1.268543188,1.263662644,-0.894367758,0.107003043,-1.963602083,1.950359371,1.629392752,-0.269111028,0.044502358,-1.646711729,-0.029291063,0.180644531,-1.098032676,0
-3.632937837,1.280422268,0.175111752,0.260148577,0.375613877,-1.894870865,0.593538986,-0.713249128,-1.823654575,-1.325884077,-0.395140109,-1.027773918,-0.646686853,0
-1.413664595,-0.113164841,0.909533414,-0.26064885,0.690782326,-2.430701949,0.051391969,1.006378275,0.721718863,-0.380697426,-0.072405147,-1.152444468,-0.724221314,0
-2.118808856,-2.290027716,1.029903794,-0.242063443,-0.026388954,-2.142526391,0.762516581,0.308728328,-1.249148877,-0.982640147,-1.030301245,-0.078619398,-0.438173473,0
-3.345627262,-3.134157443,1.554538073,0.553180594,-0.269710311,-3.389721511,3.29590446,0.898080693,-1.773563971,0.999972831,0.344744578,-0.071879848,0.495229803,0
-2.201317506,-0.791872791,0.513778399,-0.172766691,-1.604119158,-1.522055357,0.369400066,-1.047858625,-1.360740864,-1.784232873,-0.927722269,0.388521873,-0.493047186,0
-1.91610975,0.685699315,0.35502153,1.536317574,-1.538282942,-1.598712968,-0.165154123,-0.640954146,-0.364775726,-0.976824126,0.192890012,-0.232361877,0.430579485,0
-2.91100918,1.41861201,-0.115740748,-0.082887809,-0.7696169,-1.075550756,0.022545267,0.668610335,-1.742637471,-1.590300901,0.324647905,1.10134504,-0.136218585,0
-1.502409158,0.433078915,0.320517829,0.016526414,1.03011785,-1.312393798,-1.118924277,-0.092618825,-0.269523772,0.327569177,-1.48993615,0.442406764,-0.163949822,0
0.319771164,0.481277311,0.235552469,-0.420394425,-0.412206452,-0.610973065,-0.512026399,1.239834359,1.167046051,0.506161226,1.041665123,-0.228301399,-0.523733507,1
-4.305098855,-1.405305667,1.093633422,-0.95377988,-1.061690424,-3.228494133,-0.567910677,-0.906632164,-2.354837378,0.320067896,-0.012741465,1.1919281,0.730997173,0
-2.280398921,-1.294452027,0.688189801,0.085973194,-1.65317784,-1.763878507,0.667484253,0.026230613,-1.413686481,0.914502275,-1.882583338,-1.021206509,0.201054246,0
-2.839258886,2.096506617,0.074987163,0.486499017,0.39358065,-1.725477716,1.03465737,-0.615981343,-0.745959386,-0.713531136,1.64382593,2.407591422,-1.082051546,0
-2.178708647,-2.09927745,0.980683458,-0.227246016,2.772611283,-2.115181446,1.580587457,-1.591935192,-1.269482747,1.662351635,0.20646193,-1.411103635,0.342335903,0
-1.314995373,1.440934572,-0.547328936,-0.295971504,0.644532687,0.355781671,1.632245259,-0.357387665,-1.300590919,0.468309176,0.217958176,1.434425316,-1.137340201,0
-1.120843816,1.335437867,-0.603546103,0.399584553,-1.204814341,0.57633287,-0.093952366,1.28548695,-1.335940571,0.756594119,-0.204785258,-1.696458154,-1.298803554,0
-1.485496679,-0.420744626,0.244555199,-0.532516307,0.043913502,-0.835362106,1.487723052,-0.408832593,-1.062624755,0.842094067,-0.946680645,-0.036307221,-0.568565572,0
-0.981067737,-0.895193951,0.300191709,1.398496433,1.107889062,-0.649376509,-1.288798514,0.035427343,-0.851509668,-0.565428674,-1.315404218,-0.383959959,-0.114561139,0
1.638822467,3.161931991,-0.69552938,-1.035828316,-0.620264079,0.939531902,0.912137778,1.204414976,2.231157923,-1.346803476,1.12830033,-0.795588244,-0.912211673,1
1.312180302,-0.008133015,-0.447832917,-1.217178755,2.615266657,1.396988135,0.032507027,-1.907581998,0.135003937,-0.354577802,0.136962111,-2.671178683,-0.011610212,0
-2.773370944,-1.520469003,0.878074491,0.255015766,0.367286599,-2.257327646,-0.303571935,0.113080763,-1.586873673,-2.078918481,0.649415232,-1.29734741,0.102749611,0
-1.21745911,-0.788496651,0.339603694,1.186889319,0.419391141,-0.84442415,-0.761883329,0.383914016,-0.889854826,-0.357568672,-0.807630675,-2.294812866,0.842996542,0
-0.487275189,-0.442606281,0.057927106,0.109508763,1.630079432,-0.116481544,0.057136761,-2.43904659,-0.62597902,1.610773492,-1.956539975,0.117775697,0.679484534,0
-1.904686059,-0.518949585,0.75140035,-0.251640515,1.078829954,-2.071217501,0.423096244,-2.090854797,-0.364808351,-1.77397493,-0.79584496,-1.123457007,-1.443588449,0
-3.626206208,-4.56066085,2.111541924,0.833658206,-0.035919716,-4.23280637,-0.652968222,1.548624266,-1.833828415,-0.59075838,-0.210222133,-0.153769791,-3.065138772,0
-0.197798956,0.940402262,-0.487807188,-1.807232243,1.832642908,0.718889555,0.252280219,-1.710793158,-0.565131678,0.194844662,0.655835861,-1.166689806,0.761553531,0
-1.206792143,2.320800613,-0.606263011,0.342982967,1.126457757,0.211614353,0.140556403,-0.534121642,-0.681453015,0.600116455,-0.021418295,-1.502424598,-0.062748526,0
0.800685737,0.905252364,-0.677410017,-0.483038868,0.289511907,1.449259308,2.107754091,-0.649926415,-0.144850955,1.020597661,0.809421276,0.468932977,-1.113897648,0
-1.74340925,-1.184744133,0.53663336,-0.016938583,-1.059668557,-1.303800743,0.242314257,0.900536733,-1.202897478,-1.125626158,-0.506141092,0.26425127,1.027084697,0
-2.716202417,-2.347420064,1.167681621,-0.279016462,0.249790433,-2.607157144,0.362233413,0.865161487,-1.50454322,0.117895592,-1.235219571,0.241590257,-0.309595518,0
-0.874854465,0.248717837,-0.092620516,-0.55701641,0.1256692,-0.129691692,-0.38841184,0.791498113,-0.786092469,0.536902582,0.585096893,0.081420328,-0.175082685,0
-2.317228362,-1.943809804,0.943666251,0.767339353,-2.72937625,-2.125798869,-2.689713133,1.834888894,-1.357432588,-1.354003693,0.231378929,0.460055192,-0.139735939,0
-2.072949274,3.002270638,-0.399637366,1.320992189,0.081969205,-0.746190202,1.42684382,0.795630873,-0.465464814,-0.539426061,1.627119424,1.763870232,-0.028896288,0
-1.019601266,-1.548820408,0.547435017,0.489376197,0.775095878,-0.991618148,-0.706942716,-1.776089881,-0.818403124,-0.127992919,-0.424177552,-1.822958986,-0.508875195,0
-2.664787451,-1.633471207,0.872726665,-0.206765253,-0.801051567,-2.174186194,0.115216867,-0.286235183,-1.588415328,0.382435288,0.787697091,-1.308495887,-0.41037912,0
1.031499126,-0.123136067,-0.355422374,-0.721118797,-0.504280473,1.146841029,0.468006471,-0.098709993,0.011379805,-2.084020635,1.318542137,0.017809727,0.368027139,0
-2.503193611,0.894899739,0.14852428,0.201666247,-0.47105357,-1.373259878,1.316545773,0.478821189,-1.184575782,0.138695426,0.653250945,0.479932811,0.398410824,0
-1.215264751,-0.351701932,1.072503621,-1.423103111,-0.275898394,-2.659269171,0.262058183,-0.318227565,1.082538513,-0.514762528,-1.743355271,0.193378751,-0.108543332,0
-2.475354233,2.433674328,-0.319996985,-2.747232142,-0.011878118,-0.843178403,1.301647135,1.136576704,-1.062673357,0.719791422,-1.992392014,-0.079228777,-0.590320024,1
-0.429138523,-0.074683416,-0.060102058,0.118354067,-1.152620875,0.038731139,-0.289132266,-0.29025626,-0.565350419,1.805308056,2.05134855,1.012420452,0.541688003,0
-0.40439228,0.373171992,-0.262258973,0.164994732,-1.000605508,0.34702108,0.207844601,-2.89526602,-0.662959563,0.591037655,0.362812916,0.812075324,-0.421568079,0
-2.986046804,-3.486077186,1.618523106,0.798338437,-0.106825053,-3.307490373,-1.105198526,-1.776593503,-1.578730289,1.086913283,0.734605663,-0.443359222,-0.871489521,0
-0.174757388,0.358821613,-0.26557469,-0.58691108,-1.341379612,0.425826114,0.976408667,-0.220884334,-0.480583578,-1.572517386,0.757464598,-0.536824369,-0.903978671,0
-3.924515248,-3.685376334,1.851815845,-0.382301658,-0.640482016,-4.037281459,2.354172287,-0.851335275,-2.023607864,0.20604849,-0.516342533,0.690742094,-0.319691736,0
-1.230402346,-2.407841397,0.880691586,-1.748322833,0.26564398,-1.506475979,1.01224305,1.415428828,-0.896084948,1.230513451,-2.277494771,-0.532987033,-0.204420937,0
-3.736065895,0.919237561,0.07309337,0.480529663,1.564014018,-1.566407401,-0.699489505,-0.259275974,-2.412254246,-0.254020566,0.599262825,-0.752757497,0.810530763,0
-1.348831998,-0.315066437,0.572526636,-1.101909845,-0.356756486,-1.576824661,0.69301372,0.066275066,-0.128528796,1.122032154,0.649671751,-0.186808543,1.174472001,0
-2.761454933,1.659552287,-0.494682583,0.789222499,-1.731657524,-0.257670608,-0.280438281,-0.852888044,-2.282379608,-0.051054413,1.899185321,-0.778491565,1.079277693,0
0.136604359,0.553003504,0.728004656,-0.266357059,1.402239356,-1.805784341,-0.603223103,-0.436375943,2.165541096,-2.901070629,-0.334098176,-1.078224544,-0.126553843,1
-0.443844577,-1.455519319,1.3924399,-0.756281751,0.166586499,-2.774587616,0.625622895,0.056824062,1.649939313,-1.056638215,0.745461455,0.551367699,1.207776492,0
-1.487095885,2.800426044,-0.910730246,0.741081665,1.028162311,0.652762979,0.239358932,0.897747048,-1.251278869,-1.629193187,-1.349981117,-1.141549067,0.189671544,0
-1.142081068,-0.535174036,0.587719819,-0.425769873,-0.164171619,-1.474328192,-0.897293181,1.403619669,-0.078219735,-1.225791741,1.71998453,-0.961444444,0.382007205,0
0.784902898,1.927583132,-1.041266241,0.254883875,0.561724754,1.910786777,0.310790517,-0.224127902,-0.211767605,2.338170676,-0.048759324,1.526127196,-0.637341373,0
-1.074043355,1.058164631,0.189657839,-0.460735517,-0.229514187,-1.111601547,-0.704766363,-0.278667945,0.277608542,-0.593399569,0.388636064,-0.980028577,-0.127640069,1
-0.841435605,-0.069177671,-0.019553956,-0.409082021,0.138596066,-0.174097402,-0.412909342,0.138268961,-0.830302424,-0.884414139,2.827798524,1.035428433,1.536949818,0
-2.96300884,-1.420104677,0.866325339,1.539459635,1.283886862,-2.320640667,0.438444887,1.706535704,-1.703907711,-1.633038713,1.064273284,0.116146071,0.915676856,0
-2.28139825,1.087274603,0.312721697,0.186319936,-0.949646638,-1.749208623,-0.236341623,0.895954918,-0.478868538,-1.345831296,0.579472819,0.617154548,0.817744161,0
-0.834206261,0.150554224,0.248579634,1.082876795,0.658037391,-0.857258584,-0.526788871,1.688407184,-0.058343435,-1.216066519,-0.769164997,-0.41036232,-1.134390535,0
-3.896193211,1.180087573,-0.16578707,-1.341705341,-2.063459762,-1.16248756,0.33089078,-0.045094449,-2.89331139,2.054567307,-1.315356942,-0.212843163,-0.367136997,0
0.055836394,0.592646534,0.239091637,-0.700327163,-2.430566124,-0.734255302,0.814423972,1.747250809,1.027649943,-2.020493171,-1.058129718,-0.193395801,1.036399689,1
-1.863026926,2.499494765,-0.201191548,0.258905594,1.524330241,-0.959077053,-0.967408049,0.76136619,-0.212259331,-1.681829567,-1.284848263,0.302654431,0.449220979,1
-2.004901072,0.450359185,0.447010686,-1.057016504,-0.51816529,-1.750282202,0.231030326,-2.420217471,-0.411616864,-1.499714811,-0.020979957,-0.02567526,-1.277913107,0
-2.592321464,1.802587865,0.131506743,-1.140944488,-1.392812786,-1.679183411,-1.23679489,-0.57155216,-0.622939748,-0.319576609,-1.35712742,-0.756553254,-0.077874053,0
1.37978991,1.158397211,-0.875428216,1.302386766,-0.696562871,1.976473071,1.315612733,0.658224916,0.10555507,-0.86858861,0.32998064,-0.987442511,-0.710130715,0
-0.645150481,1.063088339,-0.271525227,0.026428906,0.725491572,0.056263875,0.88181828,-1.099248558,-0.37892446,0.174923467,-1.136890692,1.139241818,-0.3064518,0
-1.975967528,-1.157128385,0.614506276,-0.403149905,-0.263612067,-1.557188453,0.054232396,-1.094885589,-1.210641534,-0.596113612,-0.402694031,-0.232005608,-0.756766221,0
-0.591965722,-0.261639811,0.016309937,0.627134911,-0.446786208,-0.115863974,-0.011951151,-0.695811157,-0.675671732,0.545044396,-1.73764447,-0.386090463,1.008831954,0
-4.103368832,-4.426976703,2.145904489,-0.095412749,-0.45376535,-4.495339554,0.274475004,0.755073732,-2.073608999,-0.053741183,0.068468077,-0.15919066,-1.507101869,0
-2.074316368,0.609483456,-0.028228366,0.180560938,0.313223991,-0.748452794,-0.221128228,-0.553646485,-1.419713932,-0.232955013,-0.057079903,0.402164557,0.180284773,0
-3.091022583,3.426907509,-1.015069235,0.938391334,1.676635341,0.206641841,-0.92185868,1.260429399,-2.418301224,1.607617387,0.416396259,-0.899373201,0.610244258,0
-2.880095883,1.649732234,-0.628469689,-0.644202998,-0.907496381,0.01495398,-0.035638561,-0.732382746,-2.693487542,-1.67920809,0.975107143,-0.19845644,-1.829094414,0
-1.943271551,0.918412092,-0.387206909,0.636202659,0.199639292,-0.005064165,-0.095985096,-0.6190731,-1.880070757,-0.101534375,-2.043827516,0.229391941,0.232016466,0
-2.082213799,-2.626280452,1.106412544,-1.169512197,-1.749169741,-2.187374454,0.360373975,1.321305249,-1.296566971,0.276716309,0.614884888,0.335731455,0.987592184,0
-0.294566332,0.323815284,-0.26623434,1.186814594,0.89679588,0.405054531,-0.262170017,-0.355613192,-0.612821377,0.050910851,-1.370957182,-0.163662613,0.826357836,0
-2.919101208,0.303483185,0.493510735,-0.906112873,0.576676312,-2.067877844,0.985899233,1.616177473,-1.215264861,-0.53056783,-0.387751915,-0.547808054,1.933292514,0
-2.048992238,1.142861677,-0.127414125,-0.110985534,-0.303425628,-0.703551125,-0.154775674,-0.445114539,-1.221937368,0.556015714,2.935966592,-0.641233808,0.787803993,0
-3.542210775,1.365847915,-0.00683808,-0.114353055,0.362208553,-1.48607723,-0.676047245,0.667262347,-2.088885567,0.180019139,-0.310259714,2.355628969,-0.042540288,0
-2.123427975,0.988080173,-0.2044486,-0.278664771,1.087940253,-0.495962994,0.521891234,-2.431121164,-1.575332444,-2.299357696,0.169826673,-0.629867349,0.09643038,0
-3.609630411,-2.783981094,1.506327462,-0.617113991,-1.447874204,-3.479541128,-0.266790604,-0.93734889,-1.850843751,0.580614434,1.682895509,-0.760212076,0.259040477,0
-1.202288662,0.756663451,0.212903397,1.239479444,0.353565864,-1.095418876,-1.727295179,0.96059315,-0.007316918,-0.079691301,-0.489040165,1.810045104,-1.559096321,0
-3.228738555,1.301189806,-0.192779345,0.115435907,-0.225486671,-0.951260597,-0.60957444,1.60634704,-2.280606976,1.610484735,0.813689967,-1.820875552,0.559196434,0
-1.477355477,3.593502054,-1.350061051,0.367466853,0.407652708,1.373334365,1.131299145,-0.990203974,-1.636400623,-1.253975614,0.480188745,0.988462347,0.607577503,0
-1.227076032,1.684591259,-0.494507482,-0.247116401,-1.324388126,0.175778088,-0.465227276,0.680378377,-0.923396018,-1.554621124,0.001691321,0.498791873,-0.512730556,0
0.312522371,0.22553002,-0.341353064,-0.12929409,-0.49274259,0.785062453,-0.526408038,1.229130588,-0.324598295,-0.381482501,-0.741208496,-0.179111482,-0.008037934,0
-0.446234921,-0.432708031,0.057041404,-0.299102251,-0.154151658,-0.10611012,-0.409163885,0.668764161,-0.584738102,-2.038331902,0.888147844,0.053263931,1.00557293,0
-1.706858373,0.763853291,-0.013562705,0.863414072,-0.127357668,-0.729925329,0.24459807,-0.741820642,-0.950678963,2.142711034,1.439597927,0.230533667,-0.774684058,0
-2.594235439,2.991446449,-0.683905231,-0.645477178,0.195612519,-0.248109697,0.182513138,-0.672512263,-1.566560904,-0.387150964,-0.200927802,-1.862140759,1.175435757,0
-2.717525826,2.254622651,-0.236264027,0.413831738,-0.326029317,-1.04004168,-0.655825945,-0.689597346,-1.219955048,-0.627047167,-1.029944724,0.326678498,0.25333076,0
0.422592223,-0.391331781,1.025071699,-0.097533954,-1.572489524,-2.065292754,-1.014670784,-1.875455239,2.376790729,-2.145136244,0.914213001,-0.400285652,-0.043826817,1
-3.458820712,-2.738969845,1.431989732,-1.229808951,0.184807196,-3.283261963,0.47200515,-0.282471312,-1.852334123,-0.086373155,0.476379403,-0.42274374,-0.702562621,0
-1.917637646,0.538891848,0.483409541,-1.01099696,-1.017491063,-1.838748326,-0.113596928,-0.658108809,-0.187651779,-0.348308395,0.192368927,1.168768917,0.055230436,0
-1.065140418,1.00797163,-0.098554236,-0.450963948,-0.13526668,-0.437799211,-0.509374198,0.271859148,-0.39874041,-0.502830894,-0.885465626,-0.195999343,-0.114941886,0
-2.743534395,-2.806183807,1.308067391,0.143578187,-0.118333432,-2.772277648,-0.719161695,0.839829287,-1.555929557,-0.313497928,0.523866606,0.935221704,1.264582691,0
-3.384330289,0.989510716,0.277601999,0.582312886,1.111376089,-1.953402854,1.407211021,0.030378676,-1.593788691,0.205526998,1.075241307,0.575516122,0.498569691,0
-3.432180509,1.742929301,-0.340754209,-0.371509226,1.617959684,-0.829524284,0.814985035,-0.741484725,-2.460481238,1.205636609,-0.420086005,-1.022455901,-1.086289174,0
0.281057637,-0.275553302,-0.242449116,-1.172173047,0.401465968,0.7276856,0.479077055,-1.026061831,-0.504259177,-1.488672684,-0.000409186,0.519882932,0.603196073,0
-0.127079565,-0.103480184,-0.310435759,0.683062711,1.789088983,0.703688425,-1.430858584,-1.394988899,-0.884740622,2.143365983,-0.805785897,0.712724569,0.218507586,0
-4.101009611,0.767196303,0.048721627,0.255123088,0.599227631,-1.563016028,-0.739923729,-1.006792559,-2.899132374,-0.974835577,-0.808245493,0.836230976,0.476772553,0
-1.34777656,-0.6707565,1.008151799,-0.157002668,1.933194222,-2.4394995,0.15984742,1.095604337,0.584243476,-0.128112095,-0.134227384,1.403804733,-0.491723464,0
-3.57646974,-2.708795481,1.459143468,-0.215743074,0.051226782,-3.389378592,-0.375364141,0.73348401,-1.871620221,0.770772529,0.166265417,-0.554989071,-0.627828103,0
-2.541012759,1.515207226,-0.245987363,-0.92471188,1.045207582,-0.707368204,1.21488403,-0.726889383,-1.639652826,-1.146783099,-1.530927633,0.920396161,1.067856677,0
-2.691896243,0.571818956,0.753985977,1.227459031,2.114053325,-2.687283525,-0.484675965,0.113167459,-0.232108785,1.133847367,0.039279645,1.087410554,-0.347805165,0
0.105017479,0.7113012,-0.447222005,0.21596971,-0.97276093,0.794674138,0.024166139,1.811973894,-0.380676436,-0.4037699,-1.122814963,0.921378792,-0.330410813,0
-3.213438929,-2.853255827,1.433209954,-1.525935883,1.025352485,-3.175100784,-0.696014093,1.33523077,-1.720638504,-1.748379644,-0.376731914,-0.942102205,0.128491249,0
-2.519847828,-0.362069891,0.807526625,0.822859223,-0.124077226,-2.43106335,1.636105111,-1.334826818,-0.658949339,-1.02594334,0.024647378,0.269783929,0.011593859,0
-2.063561336,1.719599035,-0.310369193,1.654513281,-1.096012048,-0.495415464,-0.803042401,-1.178346125,-1.214577351,-0.833133134,0.81660357,2.097127212,0.302613526,0
-2.404581274,-1.682775825,0.89587697,1.942508592,-1.676179391,-2.134304471,-0.71812744,-0.104525609,-1.346057716,-0.273112342,0.459812691,-0.554371694,0.038234323,0
-1.746228984,1.513727576,-0.521267631,0.781511726,1.72633531,0.146710265,-1.287223181,-0.825092973,-1.564348424,0.040321211,1.237130708,0.513637389,0.264022449,0
-1.383415857,1.057407764,-0.258219911,-0.960979061,0.929468561,-0.184890643,0.345316195,-0.220409383,-0.998003498,0.760934577,0.35395814,1.199248998,0.199593923,0
-0.224985795,0.514506664,-0.319715524,0.683043797,-0.043525163,0.47943557,0.177005641,0.550253806,-0.52969033,-0.584044147,0.668655161,1.660938819,1.429117205,0
-0.298781447,0.64783931,-0.35393661,-0.449615234,1.132724133,0.488923225,-1.289678554,-0.376845223,-0.571371507,0.477198903,-0.801341143,-0.03724762,-1.367826227,0
-2.162994956,-1.007141557,0.736511661,-0.046862812,1.92006168,-1.940504536,-0.290611085,1.050817061,-0.988249279,-1.912748206,-1.642810581,-1.705288935,1.153033416,0
1.19914137,1.068064152,-0.796205666,-0.871871522,-1.395584228,1.776426412,-1.029224311,-0.427388019,0.058112846,0.331794489,0.17772374,0.422535425,-0.512138032,0
-1.856234073,0.831711173,0.048123368,-0.92878337,-1.506801645,-0.936742105,-0.213630308,0.754465829,-0.892058221,0.267391301,1.286769756,-0.508483574,0.170737111,0
-1.245160208,0.210229685,-0.055327603,-0.358853067,0.373754654,-0.307572595,0.873015775,-0.047411759,-1.054523385,-0.081158091,1.591527037,-0.979550098,-0.715263494,0
-2.78519495,0.745435366,0.622264568,-0.717498602,-0.619871071,-2.476460458,0.70710616,1.16298088,-0.479504524,1.047176655,-0.056085726,-2.080282617,-0.795175012,0
-2.897211426,1.717541564,-0.518148754,0.212131737,0.106906929,-0.263984844,-0.775379004,-0.45061915,-2.410286476,1.942379677,-2.384744617,-0.418213512,-1.580155587,0
-0.184539624,-0.826409768,0.15556987,0.390948711,0.114893197,-0.115779416,-0.389966476,-0.625736199,-0.429071844,-0.700190317,-0.57162467,-1.289719306,0.207256232,0
-2.512367173,-1.496226007,0.836994818,0.090281325,-1.908273164,-2.097387496,0.200722749,1.587978772,-1.433021944,1.358700024,1.164927237,-0.76430813,-0.577032142,0
-2.259848287,-1.9209158,0.94711568,1.533916589,0.560234485,-2.125109336,0.592960522,-0.650183445,-1.282494161,-0.586624002,0.518353712,-0.031926886,-0.681179408,0
-1.224448175,0.569932204,0.078706453,1.122848095,-1.479215254,-0.731895858,-0.550611626,-0.402873835,-0.467167701,1.692744617,-1.224410218,0.425864578,1.440574298,0
-3.01395045,1.283397287,0.372463376,0.732864977,-0.096876727,-2.164901612,-0.350727129,-0.665188541,-0.838111591,1.208436001,2.611247309,0.190869679,-0.115385742,0
-2.871248987,1.107124356,-0.206459348,-0.068854993,-0.558757396,-0.748947122,1.600401755,0.010192915,-2.14400485,-1.062711761,1.01450803,-1.31948304,0.915962809,0
-1.881731171,0.985568447,-0.403176395,0.515804388,-1.252319733,0.025317486,-1.192200553,-1.122589276,-1.812024121,-0.576013977,0.248412064,0.364767853,-1.088917269,0
-1.14423415,1.777736721,-0.318495264,0.261635999,-2.392484832,-0.232197707,-0.341248319,1.424812186,-0.386602802,-0.816905746,0.282163739,-0.532845376,0.876245864,0
-1.752777183,1.124140233,-0.583669462,-0.735490091,-0.258564631,0.423168923,0.08698077,1.02709587,-2.000927859,-0.519534396,-1.537155483,0.481964988,-0.429894029,0
-1.555359962,-0.873578054,0.42493452,0.207537492,-1.516974137,-1.105532028,0.378290915,-0.535072104,-1.056992122,1.36367511,0.285706756,-0.506775978,1.544169191,0
-1.019896242,-2.063749721,0.755462251,0.580113373,-0.015490022,-1.282608882,-1.454954466,-0.551526824,-0.736345932,-1.231435311,-0.598731689,-1.027114598,-0.448285949,0
-1.318012807,-1.261838098,0.503978576,-1.671522181,0.507344341,-1.079950007,-1.387002827,1.040575535,-0.962241785,0.426013955,-0.656518327,-0.615383533,0.954729688,0
-2.064426154,-2.73625983,1.184509582,1.068710227,-0.354614043,-2.320723187,-1.659700171,0.096160736,-1.187917185,1.416349789,-0.371433891,1.763612144,0.660572889,0
-1.108016666,0.2626697,0.331871771,-0.957783357,-0.002678088,-1.16451497,-0.967962839,1.416540351,-0.026867448,-0.538692681,-0.391026318,0.302270513,-0.530836406,0
-2.24603076,1.55043574,-0.434935903,0.237175,1.689919835,-0.206148604,1.917886326,-0.337933316,-1.779696241,0.134088686,0.933974322,0.616968839,-1.410137975,0
-1.509209034,-0.616732524,0.639768269,-1.078850961,-0.452134589,-1.669627411,3.132326151,-0.31521018,-0.34292401,2.764348516,1.898117016,0.824244055,-0.230765705,0
-1.930704941,-1.063127738,0.63352384,-1.481658563,1.115167894,-1.620274404,-0.062054852,0.198225193,-1.058269282,-0.591797465,-1.679484458,-0.56614694,0.216094866,0
-2.293278286,-1.473310718,0.75830046,-0.674653263,0.70309424,-1.863770435,-1.039407267,0.817801428,-1.401158354,-0.029009253,0.150018169,0.211433505,0.039780273,0
2.203446854,1.722606531,-0.540052237,0.474084475,0.92350368,1.255354985,-0.04430648,0.57987127,1.998504344,0.866060639,-0.888978331,-0.258529469,-1.577659426,1
-1.865796371,2.026331813,-0.284245465,-0.236584084,0.985620913,-0.605339712,1.298731939,0.696042411,-0.754269975,0.592847598,0.516611859,1.576357546,1.512048615,0
-1.966834965,-1.963995958,0.906314698,0.337466387,-1.128864435,-1.932921364,-0.599472444,-0.953064329,-1.150325924,0.00127918,1.413788521,-1.310167933,-0.835933401,0
-1.312007413,3.034836964,-1.057863665,0.574746929,1.077873077,0.954609408,0.636598378,0.261365742,-1.253497599,-0.144732399,0.354048509,-1.384088992,-0.799797938,0
-1.037945189,0.626754906,-0.211630757,-0.381308101,0.775339852,-0.039626545,0.829738344,-0.910436378,-0.913301137,1.527538858,0.333417921,-1.03385131,-0.728836254,0
-1.190502898,0.953834989,0.27418588,1.141628173,0.131228123,-1.300246638,-0.974093554,0.705655699,0.287673782,0.834762435,1.243255054,-0.557707482,-1.103064651,0
-1.524216141,0.311625358,0.195982387,-0.288977258,-0.823349538,-0.993606604,-0.241321388,0.44024803,-0.658655468,-1.306821341,1.758272158,-1.777263799,0.4760108,0
-1.17867743,-1.783757447,0.705753935,0.05130862,-0.517504591,-1.314026914,0.200956398,0.92217926,-0.777497913,-0.265221573,-1.551134901,-0.232134799,-0.978341932,0
-1.571518508,1.072960624,0.260141474,1.522003249,-0.833898685,-1.420152924,1.955541417,0.84607163,0.012375782,-1.002777557,0.445897985,0.095979163,-0.142293443,0
-3.536980415,1.653287509,0.087645582,-0.228104684,2.163474854,-1.79979398,-0.541294489,-0.946040018,-1.657736069,-0.04917413,0.34253099,-0.340269678,1.946698462,0
-1.814586667,-1.981175898,0.861668914,0.382084611,-1.066959393,-1.781719149,0.903404875,0.337144203,-1.13037108,0.038276509,0.051709934,0.523019029,1.927544265,0
-2.476710937,-1.269666846,0.751468802,1.866838113,-1.359901358,-1.972719708,1.174152098,-0.70807294,-1.424635508,0.328554727,2.307238734,1.013098675,0.642529752,0
-2.569945867,-2.176961233,1.07306868,-0.548393003,-1.666310769,-2.410272027,0.248783856,0.863211728,-1.46184556,-1.173949441,0.669622227,1.619075781,-1.100584343,0
-0.843515175,-0.535720081,0.171384052,0.467076787,-1.124828391,-0.443842914,-0.471110626,-1.91605264,-0.752022121,-0.002277841,-0.518744527,1.755446618,-2.128014713,0
-0.71442385,-0.65967008,0.178534487,0.767103031,-0.37498601,-0.379283625,-0.753774055,1.502956587,-0.715786646,-1.289695156,0.282115667,-0.49092533,2.020570157,0
-2.008829642,2.241730705,-0.42420047,-1.344340472,-1.929482263,-0.404867183,-0.142774953,-0.019476465,-1.032376523,-0.786827631,-0.22350706,0.727547374,-0.148971665,0
-0.822099283,1.453553015,0.15630506,0.629498224,-1.486447638,-1.102153988,2.677060531,0.002170847,0.717969776,-0.318260164,-1.607580924,0.390511324,2.045830806,1
0.1238475,0.850245085,-0.488760537,0.124353649,0.427293115,0.845506225,-0.473809902,-0.6594511,-0.353700907,0.868562841,0.33940668,1.564760674,-0.403873399,0
-2.819584279,2.909119354,-0.983341696,-1.086711896,0.617685613,0.394856219,-0.507789491,1.010909565,-2.496644356,1.039632329,-1.036512631,-0.295665612,0.383567132,0
-0.467796036,2.131739993,-0.834546252,0.027678211,0.782042793,1.008903029,-0.742248204,0.727788032,-0.689461173,-4.295390984,-1.908269405,0.545726876,0.144670374,0
-1.388485659,0.813780651,-0.062252628,-1.463393629,-0.946784064,-0.545197861,1.812140587,-0.095042004,-0.744629544,0.481741033,0.075901023,0.946937182,-0.179798353,0
-1.182498732,1.057849264,-0.336637031,2.04782658,1.590464272,0.05074887,-0.175974055,0.513155276,-0.99816454,0.401408626,0.281978002,0.548165559,-1.231719703,0
-2.738483797,0.484610213,0.484285459,0.777039266,0.893415957,-2.058468625,0.211458945,-1.774110312,-0.943015807,-0.267412806,-0.274767594,0.13036406,0.575038407,0
-0.763699192,-0.145203113,0.218231413,0.184238081,0.642549845,-0.664217375,-1.700064947,-1.18043502,-0.285666522,0.121946973,0.118545892,0.187683135,-0.816493756,0
0.273033031,0.434894987,-0.374227788,-1.92485522,0.55299664,0.774689026,0.643280871,0.87729852,-0.27653757,-1.216930507,0.396366365,-0.787950957,-0.027558706,0
0.899788164,1.018334671,-0.693453916,0.972724172,-0.876895379,1.474515268,0.306386339,-1.127381883,-0.00988346,1.309122042,-0.774115282,0.288937549,-0.982276857,0
-1.316838207,1.9726275,-0.638809212,-0.213288413,1.001064843,0.375963663,0.296827109,1.41591064,-1.110507596,0.574692994,-0.670914378,0.46313848,-0.356301318,0
-2.440439439,0.225420585,0.405531915,0.904822119,0.220395707,-1.702857449,0.048797378,-0.436069318,-1.052946885,0.127297884,-0.513935901,0.412886643,0.838223956,0
-1.428114939,2.221120073,-0.385673054,0.566444987,-0.331773394,-0.317474807,2.205782695,0.602052523,-0.454211591,-0.456471516,-0.387254054,-0.061408551,0.723879687,0
-2.822982846,-2.238707253,1.169872162,-0.077594925,-1.628031691,-2.681111832,-0.050540259,-0.57726375,-1.511713237,0.404891559,0.337367585,-0.784685433,-0.390016751,0
-2.225331534,2.980058628,-0.780114198,-0.696350451,-1.845005064,0.080493888,0.985289233,0.803948142,-1.468777661,1.139628755,-1.213029829,-0.918726635,1.446909945,0
-2.28559701,-0.639423433,0.883207828,0.214033838,0.829819767,-2.437701603,-1.393032302,2.275855882,-0.491649026,2.111057979,-0.42946399,-0.874965017,0.68776673,0
-1.939783819,2.795030029,-0.584608332,-0.294787503,-0.969557343,-0.21551046,0.397844416,0.994168046,-0.918909385,-1.731315936,-1.35728382,1.132133692,-0.878668095,0
-1.42173233,2.430795114,-0.60855577,-0.167835432,-1.051131736,0.116174586,-0.37920953,0.671171359,-0.792175773,1.38241863,0.463713879,-1.079932282,-0.446483586,0
-2.892625553,2.472543109,-0.498421501,-2.670167933,0.069859797,-0.572575654,1.13863895,1.94789098,-1.79836243,0.696042313,1.544797346,-0.996299015,0.264835997,0
-0.397587177,0.410612899,-0.073710915,-0.446454727,-1.608401187,-0.091753691,-1.086882307,-0.650298952,-0.206026405,1.370401801,1.567195314,-0.824067667,1.85526411,0
0.758499372,-0.00080634,-0.337533541,-0.51116357,0.561525111,0.984552045,1.165854258,0.832231639,-0.095553744,1.098946005,-0.632372244,0.695278566,0.342812777,0
-1.805028833,1.53014587,0.061623033,-1.57793307,0.990505424,-1.197893447,0.143417553,0.312454856,-0.295627249,-0.985500184,-1.014791689,1.009327105,0.655533976,0
-2.200240752,0.367670212,0.358179567,-0.982092407,0.460327818,-1.576141107,-1.650354504,-0.303086077,-0.843237309,-2.528004589,-0.834194094,1.081580728,1.589446936,0
-3.080196005,0.703406096,0.444794297,-1.841565616,0.629476497,-2.144335483,-0.058422311,-0.654445734,-1.166675687,-0.513488364,1.342747603,1.109099465,-0.104772012,0
-0.342198876,0.132102939,-0.137809795,0.22519248,1.53414557,0.167407756,0.33501348,-0.921185631,-0.509400811,0.884217171,0.422383901,0.11494012,-1.434265409,0
-0.372190799,-0.20682042,-0.078106191,-0.532950458,0.331046511,0.142399131,0.440139166,-0.292634713,-0.65466493,-0.90142171,2.684057815,0.589119658,-0.021283165,0
-1.75990282,-1.135202617,0.549659934,0.878979088,-1.241558879,-1.355500676,1.256475529,-2.144169774,-1.151087258,0.383475742,-0.601868075,0.00794678,0.466174597,0
-1.991144255,-1.086092689,0.570197345,-1.551051162,-0.153441608,-1.486032853,-0.072220438,-0.619874991,-1.270276179,-0.026064658,-0.647952351,-1.054547766,-0.865727442,0
-2.922453768,-0.56585475,0.489731233,-0.175458435,0.486894811,-1.754939463,0.118594423,1.422595198,-1.875690122,1.853834158,-2.756462797,1.253063727,-1.037441696,0
0.047555609,1.488074909,0.064859692,-0.173170871,1.10684061,-0.656020492,-0.861814008,-0.132723759,1.297996708,0.129726491,-0.012545945,-0.006275233,0.307403093,1
-1.797679699,1.800081637,-0.159295623,0.62546354,-0.316161577,-0.789584464,-0.61122627,1.17140124,-0.583352142,0.889298119,-1.080166776,1.47360311,0.688333934,0
-1.467943396,-1.199198334,0.51802783,0.26189321,0.461749321,-1.177063742,-0.487098836,0.0247586,-1.01488229,-0.372740091,-1.103163397,0.38559928,0.593921887,0
-2.231486581,1.72604089,-0.49327106,-0.148654629,0.007031798,-0.131338061,0.191061817,-0.906496119,-1.76677928,-1.231366926,-0.966690109,0.415149633,-0.469923,0
-2.295774149,-1.939644523,0.924342214,0.453589994,-1.452497364,-2.077249793,-1.382674705,0.355647644,-1.378944674,-0.694755855,-0.513324247,-2.106623406,-2.590924463,0
-2.434589082,3.127474715,-0.860722212,-0.580117463,0.885376991,0.151152679,-0.313506685,-0.353207896,-1.722313511,-0.572206495,0.441133856,0.682652718,1.007196856,0
-3.087178767,0.227636537,-0.065437758,-1.403138408,-0.869611035,-0.822147145,0.655100272,-0.932086414,-2.672755866,1.342253526,-0.330168063,0.061831672,-0.084907324,0
-1.346106593,0.597969335,-0.104549734,0.865762179,-0.04752024,-0.361252634,-1.670070313,-0.097896268,-0.963639774,0.03050793,-0.477722553,0.986908046,-0.373388736,0
-0.271204983,0.079836316,-0.196900789,1.143230897,1.611424552,0.340251659,-0.352556026,-0.19526735,-0.61900614,-1.834035145,0.417648814,0.087898362,-1.312483947,0
-0.325904316,2.104920411,-0.876369881,-1.771754779,-0.559094572,1.1541032,0.33740107,-1.937973314,-0.679414875,-0.937140524,0.063689955,0.771803,-0.158214811,0
-2.228610224,2.014686152,-0.372935394,0.473573537,0.768125712,-0.504784314,0.835393866,1.132068339,-1.278782095,3.158073426,0.608242663,-0.447674366,-0.307432345,0
-1.047061318,-0.655823766,0.21457247,1.593565011,-1.350605743,-0.558320984,-0.703063803,-0.909513993,-0.922533903,-0.508695467,-1.021617955,0.958272582,-0.465162867,0
-0.502963792,0.072474213,-0.104496504,-1.482014362,0.387580713,0.066425612,0.353272953,0.65039333,-0.619561804,1.108802343,1.22942747,1.549184966,-0.585030576,0
-2.216427954,-1.430500791,0.711918295,-1.507955381,-0.270232084,-1.75145142,0.297540541,-0.533165987,-1.406154331,-0.916035564,2.25765689,-1.10972207,0.271857379,0
-2.180468514,-0.818080769,0.48079896,-1.060111427,-0.154831341,-1.43204538,1.348751054,1.8040336,-1.436095222,0.014692239,1.539483243,-2.507899501,1.542959334,0
-0.21996788,-0.074296289,-0.144919231,1.004393561,-0.58047818,0.291284724,0.302874901,1.765707149,-0.572704233,-0.015677959,0.610284086,-0.194417642,0.974422739,0
-0.130546543,-0.188403882,-0.100481283,0.337717253,0.222851324,0.256382732,0.2048675,-1.421779428,-0.480101948,-1.000320698,-0.76926673,-0.386983353,-0.649842192,0
-0.310480183,-0.428662983,0.052338017,-0.123975924,1.340357754,-0.057701797,0.159485764,0.385733544,-0.473723106,-0.59791735,1.658325543,0.245526746,1.656532746,0
0.72347716,1.633008725,-0.890698057,1.266417906,-0.758262594,1.655071631,-0.026380712,-1.687650838,-0.147502333,-0.128787676,-0.235729469,0.322701636,-1.254256523,0
-2.221229699,-2.174983157,0.997695427,1.447490915,-0.460696382,-2.139437746,0.002081275,-1.116804126,-1.324964411,0.030394736,1.570100643,-1.401155093,1.561107296,0
1.322817069,-0.334133262,0.64035838,-1.640965401,0.046181324,-0.953234449,-0.325248025,-0.915006451,2.34244771,-0.346651192,-0.264152874,-1.100622623,0.244820091,1
-3.651416762,-2.802387411,1.494108936,-1.312263833,-0.018266049,-3.457421869,-0.659276844,-0.249019744,-1.928489501,-1.15304011,-0.064720587,-0.853011309,-2.003343978,0
-0.864168107,1.168898332,-0.378112214,-0.478366717,0.834027569,0.197635117,-0.173813513,1.00549532,-0.730333069,-0.001225038,-0.90525616,-0.175224967,-0.352452704,0
-1.368625956,0.563806531,-0.169369958,0.470011033,0.785089101,-0.208751425,-1.621639235,1.653211315,-1.154244405,-1.713625489,-0.833305156,0.81325321,0.48721854,0
-0.633845577,-0.740278871,0.18805139,0.357098604,-0.830495731,-0.349308691,-0.423587878,0.186491212,-0.684248618,0.447247684,-0.510886945,1.102793289,0.583243936,0
-3.763753762,-2.7858438,1.504238207,-0.031679527,0.399496311,-3.518610656,-0.465072704,-0.52090799,-1.991510298,1.186848492,-0.26560961,0.389216757,-0.774018853,0
0.472626701,-0.171092385,-0.265199829,0.891635412,0.614753648,0.797854202,-0.499885107,-1.15704913,-0.310029396,-0.810343609,0.865758753,-0.334551135,1.003247253,0
-2.602686663,2.922087431,-0.983095362,-0.24682333,0.395804941,0.452313835,-0.130414827,-0.325454329,-2.297004147,1.112268293,-1.059518585,1.003137003,0.231792763,0
-2.482610734,2.052991434,-0.682009387,0.86817548,0.176212706,0.109402753,0.550679323,0.541582932,-2.165449043,0.784367136,0.712804805,2.085029676,-2.289227264,0
0.482992456,1.405865075,-0.802369168,0.765835714,-1.698236942,1.465163546,0.300924437,-0.497360792,-0.32890303,-0.26848986,-0.02226219,0.902083438,-0.018167633,0
-2.847089405,-2.001596053,1.081934907,-0.424132898,0.684570892,-2.571922478,0.087516096,0.207859701,-1.553046929,0.200593579,-0.832150298,-0.153497137,-0.123495104,0
-4.546227043,2.247612902,-0.153390868,1.301096693,1.090979028,-1.753065434,1.662777289,-0.086546161,-2.636163421,1.103083278,-0.155755309,1.94401765,0.367165405,0
-1.102732355,-0.633770342,0.245792792,-1.293982155,1.241068372,-0.652927981,-0.955565101,0.491289274,-0.884636435,-0.338622776,0.249249882,-1.999622885,0.085770756,0
-2.353330461,4.015305636,-1.130406367,0.530451853,1.980154352,0.4743521,0.574906041,-0.136135849,-1.593611088,-0.494492602,0.037645065,-0.723437223,-3.199264645,0
-2.073782984,0.216622722,0.114740147,1.255933632,-0.065374208,-0.934538652,-0.023507382,-0.791646243,-1.3917711,-0.008443449,-0.958657743,-0.611156022,-1.20035524,0
0.37441419,-1.276673931,0.179171549,1.334574528,1.700625539,0.150089457,0.104556982,-2.341403383,-0.224162468,-0.383806494,-0.192662998,-1.795820399,0.402633529,0
-2.763216254,-3.693366015,1.639030789,-0.529485557,-0.959226975,-3.216909696,-0.849583891,0.42942206,-1.492885684,0.34266283,-1.582736055,-0.957187265,-0.077589478,0
-2.292620079,-1.092074255,1.50384902,-0.968824114,0.155525038,-3.688229546,-1.003433811,0.705548565,0.556794948,0.078115692,-0.426786471,1.447857766,-0.279105856,0
0.165147543,1.602556836,-0.81039112,-0.902494908,0.173022447,1.322579907,1.886856835,-0.661541428,-0.477616616,0.012686497,-0.052168152,0.221593709,0.81423081,0
-1.535471905,2.021564143,-0.536429957,0.629648013,0.22532518,0.063529211,0.78377945,-0.949213481,-1.035190563,-0.620175624,-0.189835128,0.243440714,1.105113543,0
-2.904576249,1.853973429,-0.16073488,0.492924303,-0.938259504,-1.124568075,-1.358262785,-1.390870591,-1.512945815,0.576792488,0.02873003,-0.336256954,0.248729853,0
-1.288107402,0.620725298,0.356569969,-0.386244951,-0.706749659,-1.398236773,-0.587685954,1.042293474,0.1385946,2.169872687,-0.339149405,-0.355834935,1.522861722,0
-1.851578605,-2.078532626,0.927504258,-0.794794907,0.415252127,-1.907497228,-0.196299743,-0.736640305,-1.087645091,-0.351459753,0.177780134,1.320157593,0.098539154,0
-1.717467105,-1.12892376,0.827398328,-1.113844377,-0.725518304,-1.975316822,1.187127252,-0.733607946,-0.486190999,0.727490204,-2.20593518,-0.217386199,-0.341665284,0
-1.931794615,-1.444039223,0.642988506,-0.657533711,-0.043672183,-1.508266484,0.355090459,1.135881703,-1.322360679,-0.733778432,-0.043099494,1.970172598,-0.220231278,0
-3.249273078,-4.669113978,2.070197524,1.515811055,0.500084817,-3.992216006,0.265215413,-0.024922879,-1.678401594,-2.484975882,0.056798972,-0.342292663,1.51012035,0
-1.723241239,0.346583363,-0.084198094,0.118424546,0.493588486,-0.427908946,-1.448581047,-1.897377331,-1.434986727,-0.391330405,-0.246274411,-2.990601448,0.424291133,0
-0.264194203,-0.990539791,0.20157339,-0.28814689,0.376233931,-0.1854379,-0.291607484,-0.350805211,-0.517947627,0.646635546,-1.643926726,0.269199797,0.387591827,0
-2.20522684,0.788887866,-0.377714475,0.473649777,-0.574602922,-0.056667991,1.129523429,0.431855493,-2.18422389,0.213080396,-0.087623546,0.210570752,0.052478057,0
-0.638773087,-0.472683232,0.105431311,-1.038079439,-0.65117473,-0.257351718,1.420781382,0.512893982,-0.674145606,-1.135484335,-0.581893149,-0.715163807,0.629258139,0
0.334023574,-1.530388129,0.288809855,-0.96963074,-0.23797665,-0.021088197,0.350527665,-2.210403688,-0.202856336,2.265023076,-0.451485357,-0.015447039,0.521988326,0
-0.752623114,1.566419558,-0.433698064,-0.08052965,0.598168134,0.216250979,0.951564925,2.404624492,-0.460866669,-1.742369226,-1.195816437,-2.820266503,-0.597949345,0
-2.487734638,0.034364939,0.412045588,0.818175525,-0.409017848,-1.664169115,0.381269147,-0.273992473,-1.222268513,0.155751908,-0.100046311,1.13129905,-1.392512567,0
-0.315331373,-0.468606776,0.005361705,0.534548247,-0.091475001,0.06146052,-0.568708843,0.243606544,-0.613179134,0.951507727,0.24512343,-1.146121098,1.505264011,0
-2.094093789,-0.609335046,0.427012626,0.091650078,0.024047769,-1.35846867,0.822360939,1.3472969,-1.325504544,1.75192081,0.950315658,0.133185772,-0.378401528,0
-1.552692067,-0.847975356,0.583597857,0.381512451,0.515586845,-1.473570101,0.100693016,-0.277820502,-0.679561058,1.26447621,-0.610840889,2.054201834,-0.599161918,0
-1.447566249,-1.05813774,0.458709704,1.928252687,0.383098513,-1.08620837,-0.972712788,-0.205424581,-1.024866907,2.166417624,-1.27994754,0.027779909,-0.459118313,0
-0.992012827,0.301468678,-0.106087307,1.55210167,0.361406461,-0.15147734,0.275021819,1.049559952,-0.879234092,1.328297441,2.520486771,-1.127278665,0.57188215,0
-3.300719735,-2.908236872,1.46930585,0.99128756,-0.128758564,-3.262826867,-0.766688553,-1.489188073,-1.756916416,-0.471011175,1.002055685,-0.822247282,0.2177116,0
0.219267315,-0.353234427,-0.076663179,1.081473171,0.676374799,0.361175947,0.950200705,0.167652729,-0.244243713,-0.753787655,-0.775732823,-1.2731142,0.81888796,0
-0.135177021,-0.927646768,0.14866129,0.125881278,-0.256978423,-0.050314889,0.632356115,-0.74249815,-0.477046498,-0.458529616,0.503621966,-1.666331373,0.372975149,0
-1.588471398,0.327838326,0.241415071,1.159771962,1.340439136,-1.120869341,1.198166668,1.319558802,-0.600726696,0.58575856,-2.113643414,0.111358496,-0.728176847,0
0.243414504,-0.079874174,-0.221903592,-0.116458096,0.068832076,0.601505611,1.12833568,-1.580898448,-0.34494653,0.277886657,0.924385698,-0.77827371,-1.537993277,0
-3.005769733,0.602635146,0.824481471,-0.485529976,1.355828471,-2.948522803,0.207244662,-0.300708378,-0.325024526,-1.857386906,0.238944555,-2.912160025,-0.433892818,0
-2.592018366,-1.928987342,1.010206878,1.000082063,1.645751097,-2.361177048,0.496970012,-1.125171735,-1.437032404,-0.678047643,-1.680170249,0.025054551,0.616488375,0
-2.993453489,-2.638922259,1.28512208,0.287160717,0.961577313,-2.851086202,-1.524833955,-0.500083735,-1.70078146,-0.543627507,1.031208551,-0.926700855,-0.896116504,0
-4.330711194,-3.748781331,1.981869155,-0.634437968,-0.312606049,-4.427125815,0.568382878,-0.619343423,-2.13385881,-0.589022939,0.493000831,1.134510767,0.814471978,0
-1.802968662,-1.818957709,0.78131242,1.029238375,-0.345085759,-1.6531111,0.468280426,0.416276789,-1.179412126,-1.148890466,-0.631313953,0.255171227,0.128549762,0
-2.656643956,0.745778416,0.122183472,1.253442823,1.418485033,-1.305416684,-0.238864391,-0.222286674,-1.489005166,-1.078669276,-0.274833407,1.067566121,0.693386704,0
-2.139744273,0.883911972,0.331081141,1.292406901,1.465726413,-1.678553124,-0.040591836,-0.698210082,-0.465800196,-2.154383706,-0.839351958,0.059465927,-2.216120647,0
-2.131812824,1.479767591,0.000316116,-1.070482901,-0.252419722,-1.13543914,2.235684681,-0.7493413,-0.756154421,1.264803618,-1.581987645,0.813786745,-0.071148562,0
-0.531139058,-0.307663154,0.045596653,-1.581994942,0.117182852,-0.148568154,0.059150448,-0.083069783,-0.591204688,-0.527788373,-0.707816429,2.357996652,0.192264117,0
-1.005577265,-1.051304197,0.354173647,-0.119599175,1.032003744,-0.724036804,1.537262774,0.238398833,-0.868341815,1.006161899,0.112018794,-0.771948021,0.244605685,0
-0.621422573,0.084754036,-0.102090692,1.302182206,0.275314333,0.02248355,-0.860766517,0.770804615,-0.708440494,-0.154052808,-0.544317672,1.155013378,0.571278582,0
-2.643768233,-0.293043858,0.73527322,-2.528715764,0.105162306,-2.327200216,1.33836855,-0.521266597,-0.877742838,0.365391819,-1.207331997,-0.824703909,-0.112831988,0
-2.185806519,1.258480594,-0.763003913,1.967366111,-1.268797913,0.657757179,-0.234532593,-0.92436344,-2.681143433,0.248473218,0.458550859,-1.469712365,-0.156375477,0
-1.607656363,1.794466036,-0.765811202,-0.065176767,0.530394306,0.642657003,1.76487371,-0.137388599,-1.782423767,1.154356286,1.388090032,0.412253974,0.376656592,0
-2.923997326,-2.197493087,1.162141829,-1.38012388,1.959691501,-2.707197375,-1.092638835,0.125106452,-1.5864994,0.327445697,-0.862743319,0.051888358,1.534448125,0
-1.21697331,2.62113747,-0.521218574,-1.005107501,-0.802777675,-0.089672004,0.67521243,0.013144789,-0.275311444,1.184755503,0.051971727,-0.32778769,-0.534842855,0
-2.505729811,0.749504619,0.149094281,-0.618629951,0.540374131,-1.324217567,-0.846604842,0.004210521,-1.294058609,-0.005411335,1.167390679,-0.142914692,-0.506402418,0
1.692275892,2.240943774,-1.331910174,-2.427710582,0.148235356,2.721606542,-2.54258178,1.770042777,0.162433408,0.123913649,-0.246727768,0.425403647,0.555594953,0
-1.850216154,0.691599849,0.126289746,-0.3049813,-0.074937572,-1.063060302,0.028848895,-0.340019791,-0.816026252,0.54286372,-0.027402291,0.308128337,-0.077180276,0
-1.961809575,0.013405061,0.444024762,0.200094059,-0.627662696,-1.577609831,-1.488258213,1.400099812,-0.706901464,0.366327484,0.520677767,0.640056081,1.688157053,0
0.14226313,1.177264232,-0.626183065,1.201679961,-1.42174545,1.04760669,-1.67088194,-1.682437269,-0.401808229,-0.137035759,1.592689983,0.563326619,0.208592964,0
-1.498178334,1.58781977,0.261285274,-0.052892325,1.527185144,-1.582421642,-0.697631905,-0.284346357,0.463362516,0.848162873,-1.512294032,-0.672018379,1.569514769,1
-2.340647135,-1.537930676,0.787324626,-1.497235666,0.384615396,-1.92056,-1.549217367,-0.15917166,-1.425645787,0.391019219,-0.484675986,-0.593850145,1.907315388,0
-1.852660537,3.437132604,-0.804991062,-0.0544243,1.2316943,0.083881732,-0.421769088,0.464795269,-0.857922111,0.383190385,-0.400136063,-0.995642407,0.194607598,0
-0.625881608,0.182095316,-0.134579666,0.639976094,1.104756382,0.060686596,-0.492096223,-0.671881984,-0.712557054,0.563757359,-1.646326952,0.20798328,-0.601362679,0
-1.062094437,0.29302156,-0.108451019,0.944600521,-1.210477769,-0.16336734,0.646484891,-0.428623224,-0.952042612,-0.656445327,0.986728197,-0.438684305,0.985371207,0
-1.115980467,1.17274369,-0.221816203,-0.556279065,-0.125234715,-0.230805483,-0.97839294,0.582166997,-0.596681834,-0.344189052,-2.125453598,1.309757166,1.013526135,0
-3.052805539,-3.098757903,1.487827513,-0.376288227,-1.080037214,-3.166395433,0.272509766,0.073287682,-1.641105202,1.150038056,0.489786223,0.488789084,0.778261013,0
-1.491536361,-1.982044184,0.791983027,-0.717533356,0.727602354,-1.53018704,-3.062648714,-1.248656434,-1.005267121,-0.100492119,-0.728018906,-0.436841599,-0.684999124,0
-0.765295717,1.844713769,-0.449554834,-0.519025719,1.097422687,0.150810747,-0.103128062,-0.390304149,-0.299745439,-2.281662072,-1.111850707,0.006924721,-0.923429206,0
-2.103279338,1.103533117,-0.256242197,0.303392375,-2.069439259,-0.413243521,1.416583823,0.535637588,-1.587751884,-0.893068557,-0.496363129,0.191765633,0.93861077,0
-1.758103935,-1.209840875,0.544868977,-1.007785195,-0.696685085,-1.317901914,-0.219786251,0.601701989,-1.215988027,-0.005416423,0.815847774,0.756514603,0.623974982,0
-1.930623871,-1.51338884,0.709285111,-1.832517587,-0.683594504,-1.633918209,-0.692970413,0.410881342,-1.224365045,0.573867241,0.115258255,0.75997842,-0.653186153,0
-4.826780248,-3.054118389,1.82882172,-0.856470026,0.312466411,-4.4671369,-0.311170891,0.03233117,-2.391827126,1.155900179,0.159043605,-0.487765165,-1.031088238,0
-0.160470556,-0.671480889,0.084356936,-1.411071927,0.49671318,-0.001754955,0.46577006,-1.744422279,-0.45216686,1.628681235,-0.996151476,0.077705134,0.764601806,0
-2.876881606,0.115367793,0.444710738,-1.093989206,-0.384090918,-1.878958958,-0.137508744,0.968734573,-1.428327825,1.500736383,-0.810933225,0.676862137,1.774418533,0
-1.023979903,3.016676338,-1.643396476,-0.209953568,-0.510731682,2.371944883,0.758307426,0.262683458,-2.32927441,-1.248528682,-0.234259457,1.260378518,-0.761327348,0
0.078233808,1.010506375,0.307111811,1.822392833,1.112326824,-1.028813028,0.455045094,0.278385695,1.511782661,0.263866021,-0.394679709,-0.52345243,1.293148075,0
-1.429551054,2.156421756,-0.984005448,0.535579968,-1.785502269,1.061727778,-1.755646612,-0.998370944,-1.846224122,1.967655622,-0.125666151,-2.026169246,-0.189863692,0
-1.642043178,-1.010433251,0.446831538,-0.768194235,0.48688595,-1.132129262,-0.901565495,-0.701063531,-1.185730117,-0.072329001,-0.737626265,0.194838819,-0.697078913,0
-1.187803927,1.633072336,-0.633358678,-0.231322328,-0.061721211,0.520087736,-0.172926583,0.398868124,-1.239099316,0.644451158,1.17272118,0.863974278,-2.425482899,0
-2.98034227,0.908175971,-0.178756246,-0.019260756,-1.866017674,-0.77336747,1.132622458,-0.566987914,-2.325642184,1.322818269,-0.253618479,-1.045883828,0.117323497,0
-0.400713216,0.087286058,-0.138490226,1.050676305,0.770011816,0.167811388,0.862222164,0.360988825,-0.595483896,-0.894732998,0.08502459,0.83927698,-0.130559229,0
-2.418974839,-2.32425561,1.064281469,0.451647942,-0.216575877,-2.295058425,-1.09754719,-0.690056284,-1.459690449,-1.683227249,-0.693123342,0.96177382,0.692853035,0
-1.643022614,1.598278177,0.120176147,0.334557635,-0.568904853,-1.307873744,1.095873455,0.810594973,0.028083547,0.958332715,-1.282556693,0.018777723,0.272793386,0
-1.143886804,-0.611974972,0.23355455,1.324554962,-1.105567085,-0.64470161,-0.45808318,1.238146094,-0.931761421,-0.549859078,0.839015911,-0.287934991,0.017200592,0
-0.874979981,-0.755079344,0.252485664,-0.005090898,0.288741187,-0.559796721,0.034114654,0.161167397,-0.761300066,-1.049722186,0.650955671,0.520759226,-1.89769536,0
-0.939796548,0.038339028,0.042832199,0.673169815,-1.808680569,-0.381714221,-2.079588119,-1.725918448,-0.695954356,1.700774788,-1.234794751,0.57249088,-0.261971855,0
-3.154032057,-3.966072994,1.802268882,1.036480941,0.618347257,-3.604060957,-0.962587161,-0.864330462,-1.671508039,-0.861400847,0.853884157,-1.301646707,1.398777325,0
-2.187047202,1.001723703,0.090586845,-1.129888088,-0.599721846,-1.188186815,-0.148422647,-0.718033082,-0.958741758,0.033649959,0.38192167,-0.141015718,0.476265017,0
-2.181523555,1.739492275,-0.149436257,-1.267001976,1.015646733,-0.901394773,1.07474125,1.111356184,-0.941656888,1.741272056,-0.607842206,-1.144214955,-0.233482903,0
-2.008683518,2.057272031,-0.61696952,-2.475065283,0.763642584,0.097121735,1.618010573,-0.048560115,-1.602468397,0.21330816,0.447701348,-0.412894443,1.715191811,1
-2.291563522,-0.796334981,0.720555952,0.857256537,0.068097487,-2.015450814,0.968020275,0.185397088,-0.978940209,-0.144601538,-1.319158602,0.815508224,-0.711856154,0
-2.755758114,-1.918030787,1.014602051,0.445131334,0.008868173,-2.422228526,0.33402201,-0.328360226,-1.561977179,-0.512482652,-0.73697335,0.838890476,0.72618496,0
-0.986938855,-0.129571709,0.063738332,-0.154116956,-0.763175663,-0.383749982,-0.183726052,0.547392566,-0.815571432,-0.337001454,0.36182582,-0.571791598,0.268747549,0
-1.749881324,1.256987509,-0.063667587,1.144649444,0.522202545,-0.801910978,0.405290545,-1.239304181,-0.732510319,0.135826835,-0.902180963,0.879491511,-0.769314101,0
0.249170791,0.48490531,0.014851638,0.554691048,0.140043072,-0.132110755,0.95501349,1.112955338,0.612924232,-0.339605503,-0.25277166,0.521791875,-1.314945715,0
-3.401602489,3.588681028,-0.918076567,-0.07481842,0.460045391,-0.159733032,1.975705101,-0.492444112,-2.351121861,-0.709919133,1.092055411,-0.720388359,-0.555400399,0
-0.053570935,0.702555546,0.005395216,0.141134891,0.054975872,-0.274445492,-0.495324411,0.575789977,0.489827921,-1.03169832,0.504344175,-0.901299708,0.971551711,0
-1.388276971,0.748038178,0.004141803,1.603769593,1.226086381,-0.672615893,-0.091813384,-0.780398578,-0.644561571,2.071635855,2.427067396,-0.226662203,-1.327528326,0
-3.491276076,0.263037778,0.391847867,-0.449781606,0.871576502,-1.988184104,-0.761853544,1.094394785,-1.973209451,0.183368003,0.02913489,-1.742258969,1.400914776,0
-2.524739182,1.228960831,0.043739026,0.032025343,0.391886629,-1.259175337,-0.989378271,-0.168545916,-1.189094896,-1.777975535,-0.224166329,2.360882172,0.877362209,0
-2.515040419,2.297780153,-0.773127651,-0.056914163,1.299640374,0.220708356,-0.731092833,-0.788843249,-2.215456256,1.105338338,-1.615416944,0.202621596,1.360112011,0
0.508852302,0.86911856,-0.595386424,0.116941057,0.997414997,1.191749461,0.393702474,-1.392421202,-0.242637575,0.375099932,0.417089926,0.879489651,-0.607848266,0
-1.857281945,-1.824737556,0.801138181,-0.445878215,-0.493135659,-1.711710142,0.908911724,0.496948084,-1.186673927,-0.815309725,0.990411674,0.257048987,-0.378839325,0
-2.20884566,1.117174469,0.090030765,0.076102416,0.512599511,-1.23376355,-0.75311158,0.962591983,-0.892833377,0.71373522,0.32797039,-0.742745571,-1.033028845,0
-1.487580294,0.186972053,0.02941389,0.962322909,-0.001345255,-0.561513683,1.747128232,0.592963418,-1.093448801,1.746536497,0.573028051,0.878913014,-1.446926818,0
-1.867072082,2.687517447,-0.316133959,0.227277413,1.884739555,-0.765617107,0.601013526,-1.878851951,-0.333312682,0.503119782,-0.720595912,0.405886465,-2.255145721,0
0.352221031,0.697087825,-0.508082092,0.53115082,0.526576438,1.008997923,-1.117263699,0.903842563,-0.31196656,-1.433506889,1.022925503,-0.491634914,1.725957972,0
-2.109972751,-1.61731853,0.806230715,0.03328575,1.308024666,-1.869006637,0.874248763,1.520605455,-1.241058533,-0.834082632,-0.513012209,0.215530342,-1.226150963,0
-0.850193709,2.520094605,-0.553349772,-0.140530528,0.041701005,0.124492951,0.140078456,-0.780467988,-0.102547621,0.123330758,0.613765994,0.136551172,1.473191513,0
-2.407066743,1.448699733,-0.455444719,-0.787758258,-2.309204021,-0.170362439,0.098824045,-0.762158463,-2.042288518,-0.055590523,0.363098433,1.121950492,-1.537503218,0
-2.730564651,0.038345967,0.577164476,0.583433569,-0.416899636,-2.110074569,-1.041005218,2.036042833,-1.060876578,-0.535245704,-0.213296576,0.473341183,-0.216792032,0
-2.266200893,-0.365468491,1.121131589,-0.334473418,-1.005396464,-3.067887862,0.924214693,-0.39747014,0.263634951,-1.008022062,-0.3585495,0.154781204,-1.002138378,0
-0.42673334,-0.59420887,0.112395304,-1.119583254,-0.123698666,-0.169292021,0.367234279,-1.973972741,-0.564083728,-0.937168983,0.611994962,-0.680763181,2.6203456,0
-1.628348468,1.711244161,0.03538598,-1.499596097,1.095936148,-1.151030735,0.639020475,-0.918694361,-0.065006392,0.604532944,1.092500804,-0.015538159,1.763152115,0
-1.203497018,-0.508407722,0.213359896,0.468047085,1.251892136,-0.652476347,-1.379940519,1.399701898,-0.95180637,0.641009477,-1.28169835,1.283631794,0.597891099,0
0.360144623,1.578380654,-0.80666471,-0.267704744,0.77981331,1.378873575,-0.704023374,-2.028215419,-0.317023564,-1.041597739,-0.16223599,0.274719495,-0.822623765,0
-1.949607176,0.622085218,-0.276859926,-1.176919892,1.010130714,-0.153058015,-1.583895591,-0.498264426,-1.859249201,-0.818134222,-2.033299111,0.39546944,1.212490944,0
-1.229569209,2.804140951,-0.591968072,-1.025469844,0.483494702,0.002863773,0.780395595,-0.099120519,-0.308424847,0.254819218,1.716075946,0.985851779,-1.412917599,0
-3.332071002,-2.420601596,1.3086652,0.237261783,-0.368342351,-3.078841999,0.259374671,1.306790082,-1.780665923,1.279020726,-0.288520736,0.578173229,-0.532156223,0
-1.939516057,1.503757656,-0.502060196,0.392272527,0.760319316,0.050893735,-0.585185853,1.856415518,-1.697484668,0.558124013,0.761769726,1.896582922,1.166577206,0
-2.304638641,-1.526828572,0.777991492,0.624735739,0.169888948,-1.892905961,0.368753992,1.391682625,-1.406853315,-1.526158712,-0.770909694,-1.547633058,0.726051925,0
-1.515749992,-1.851288918,0.734156416,0.17554787,-0.949281662,-1.451958229,-0.57071685,-0.232885999,-1.058537813,0.271916907,1.069923199,1.359628273,-0.029570035,0
-1.150797999,-0.081769417,0.0231276,-0.14203244,0.232685883,-0.355713087,0.301429578,-0.610000377,-1.014090849,1.139956296,0.704359863,1.527661552,-0.616512054,0
-1.452825387,-2.484735807,0.963981866,-0.45897678,0.814529536,-1.732518585,0.242419866,1.48667158,-0.960847334,0.701305286,0.018008423,0.188058949,1.266479162,0
-0.940521547,-1.561952896,0.53398011,-2.133951473,0.246820053,-0.933679702,0.823060977,1.22472586,-0.789339255,-0.380421065,-1.457880668,1.269211659,-0.399071295,0
-1.527512462,0.043452351,0.566740475,0.18495662,-1.241422828,-1.741170141,0.153253499,-0.057752497,-0.029886087,0.507943079,0.113100078,0.687049347,-0.753649711,0
-0.789626103,1.556093111,-0.296309019,0.874587646,0.505934306,-0.102366493,1.031018217,-0.941617766,-0.192634058,0.224590633,-0.172524373,-0.312494878,2.030545723,0
-2.080863019,0.475260679,0.086430533,-2.27586319,0.434161239,-0.963221281,-0.646839677,-0.503537863,-1.268380838,-1.094247826,2.368045592,0.378155936,0.136223162,0
0.358049691,0.942905367,-0.596210009,0.1150052,-0.024113843,1.124197523,1.32209159,-1.014645787,-0.321087229,-0.666413711,0.548454495,-0.746883506,0.705800661,0
-3.192556872,1.337533775,-0.06198362,-1.234422172,2.052395492,-1.250205238,0.6783772,1.035276566,-1.928416472,-0.377346183,-0.02088415,-1.76270699,-0.135270541,0
0.905933303,1.06703773,-0.751793217,-1.365010244,0.422504646,1.591483601,-0.660173314,-0.981104573,-0.099050985,0.196727245,-2.103740299,0.806499163,1.108028111,0
-1.566912731,-0.339956663,0.731047748,-0.308314369,-1.371761415,-1.990487676,1.365832289,1.005411015,0.01811799,-1.203657626,1.326621639,0.041496086,0.365290327,0
-1.25428605,0.02110084,0.311286086,0.512074819,-0.493052496,-1.075181604,-1.566265367,-0.518497337,-0.381131631,-0.368795865,0.35330644,-0.335117068,0.71465398,0
-0.295901112,1.375355359,0.242231406,0.347600477,-0.660437794,-1.117753437,1.670882613,-1.438304541,1.311882897,-0.928662677,-1.692016558,0.273739378,-1.521808376,1
-1.998442791,-0.785728008,0.43959381,-0.47426882,1.248771619,-1.297452755,0.008194433,-0.804632996,-1.345438188,-1.782955457,0.595563382,-0.023632448,-1.107568203,0
-3.005457243,-2.944412688,1.426690089,-0.526127924,-0.674504642,-3.068299497,-0.096508551,0.027161607,-1.6217013,-0.593208817,0.832466142,0.151988159,1.27211619,0
-0.902693218,-0.692144928,0.213532897,-0.4629472,1.643234886,-0.501558954,-0.511058892,0.648214982,-0.825912933,-0.719436948,0.137145752,0.070459591,0.654631017,0
-2.043657556,0.123063183,0.059807521,0.62880914,0.213992893,-0.7684117,-0.559282478,0.667495499,-1.558562731,0.269784399,0.26274955,-0.969679661,0.673679596,0
-2.425750313,3.079574673,-1.301920749,-0.835361947,-0.610534768,1.171072554,1.69432545,0.703613284,-2.740256883,-0.682114659,0.314928468,1.001753434,0.812196443,0
-1.775109639,0.476533456,0.025858051,2.706687941,-0.93115785,-0.738098319,-1.197055005,1.086915618,-1.136335567,0.112337949,2.391873389,-0.486136467,0.428058748,0
-2.503771702,0.125450827,0.416895891,-1.372080435,1.024645642,-1.711786757,1.150741501,-0.178857826,-1.157388857,-0.786693659,0.082073273,0.274283716,-0.174167665,0
-2.275724104,3.104890082,-0.639273869,0.601580045,-1.756230234,-0.297284046,0.905119183,1.583936441,-1.103589764,1.068161035,0.96136036,-0.022200223,-0.015547154,0
-3.322752923,1.624542246,-0.293917971,0.098715052,0.347410478,-0.862590603,-0.705423714,1.328331806,-2.348222421,0.404704113,0.064823899,0.802501154,0.158647451,0
-4.360827747,-3.361733713,1.831252962,0.275705891,-0.691991753,-4.230189095,0.403444867,0.392044142,-2.209133861,-1.468427595,0.047970911,-0.312435074,-0.091226676,0
-0.401065101,0.370214339,-0.268670947,0.408446204,-1.569299338,0.363560735,0.715992898,0.508532296,-0.676648497,-0.50558954,0.094116772,1.33298181,0.306765835,0
0.287133186,-0.024408998,-0.25334913,0.085908018,-1.967306323,0.665948741,0.193741901,0.309559485,-0.335913999,1.551640528,-0.171653044,-1.170764347,-0.353227459,0
-3.337026797,-3.121380973,1.541799094,0.825630185,-1.548894102,-3.36283852,-0.4316857,-1.472480097,-1.785097128,-0.506927574,0.109125453,1.472406014,-0.859960696,0
-1.924214608,-1.302596814,1.167193515,0.606659458,0.011927716,-2.744545762,-0.985919966,-0.252634298,-0.034005454,-0.464800329,0.860363099,2.566365573,-0.146463402,0
-1.189829106,-1.023635896,0.405795496,1.229092258,0.739942716,-0.903975502,-0.041145942,0.824783892,-0.892761583,-0.610513667,0.777306122,1.070427804,0.906055958,0
-1.761422756,0.883757786,0.095668841,-0.908652282,-0.18580561,-1.035494146,-0.060685433,-1.22656058,-0.663731891,0.979035825,-0.643153997,-1.865839755,0.02846894,0
-2.172078149,2.129096697,-0.187252422,-0.812381355,-0.516026532,-0.949750117,-0.611828817,0.846853743,-0.727390236,1.533622846,1.530047442,1.204675936,-0.109654849,0
-0.68522899,-0.323275839,0.049769537,-2.19157873,-1.315640653,-0.196999913,-1.480593609,0.513016458,-0.728057177,-0.030876196,1.184253465,-0.835493953,-1.341149127,0
-2.648777577,1.197639648,0.040317442,-0.161068086,-1.194969895,-1.276197871,-1.697296149,-1.267676777,-1.328471714,0.107541904,0.319462296,1.434353225,1.336548044,0
-0.556827934,-1.125954537,0.283942922,0.136803674,-0.299818079,-0.409093052,-0.808507794,-0.564774404,-0.68977666,-0.054900944,-0.281931467,-0.405735913,1.909272287,0
-2.341113653,-2.608521147,1.192157184,-2.908862432,0.02047517,-2.46275081,0.027498754,0.764732021,-1.317010802,0.345181909,0.736017243,0.283963598,0.965264001,0
-2.965578845,3.558614661,-1.351303036,-1.007868578,-2.547606673,0.95907919,-0.906131233,-0.892511025,-2.964825082,0.250980869,0.29248748,-0.930580805,0.940400066,0
-0.167095104,0.739058872,-0.460366014,-0.322521453,0.636021073,0.736233301,-0.820269854,1.082626518,-0.627066768,-1.66436787,1.147289972,0.481454284,-1.730020828,1
-0.564511644,-0.162008772,0.648891606,-0.334351826,-0.946311246,-1.577500363,0.775843947,-0.051963178,0.841984437,0.971918694,-1.36386315,-0.682384585,-1.485739466,0
-2.887319136,-2.657470049,1.285155058,0.906694852,-0.725878625,-2.814028704,0.183352038,-0.627257991,-1.621872708,0.761787552,-0.890388486,-0.358354505,0.719862175,0
-1.252340754,2.365996324,-1.51096101,-2.401946944,-0.849280962,2.234266927,1.37096276,0.156898741,-2.717325232,-1.049674116,-0.446726866,0.863827344,0.597472934,0
-2.084936725,-1.122623971,0.577074666,0.187820135,0.544821339,-1.515855837,0.944706303,-0.159907901,-1.364023119,0.696485902,0.882573507,0.433297122,-0.47338965,0
-1.0412783,0.019834661,0.007156206,0.925765426,-0.731601479,-0.323584907,-1.282794754,-0.456370791,-0.878433036,0.708144055,0.008495017,1.036777845,-0.107814987,0
-3.460336795,0.888376191,0.243279229,-0.527353243,-0.917578385,-1.861971336,-1.085742321,-0.580504677,-1.812673743,0.767372161,0.83317137,2.120143134,-1.474048392,0
-2.254114535,-1.844973306,0.875172671,-0.730910147,-0.720596857,-1.986976516,-0.393703639,-1.556336982,-1.38220706,0.592892594,1.319067074,1.910252823,-2.612366377,0
-3.066968918,-3.195308567,1.534115372,1.476036509,0.349726764,-3.241541382,1.058931831,-0.04923952,-1.621700369,-1.487224708,-1.13418101,0.275697096,-0.822864691,0
-0.959956131,0.082433649,0.527357134,1.558626517,-0.654184326,-1.501818617,-1.999087813,-1.490082676,0.406471996,-0.936519846,0.579584222,0.348286248,0.283323593,0
-2.506650689,-1.629055276,0.878918687,-0.254442792,-0.113436497,-2.144159847,-0.766591273,0.528892096,-1.433132689,-0.358195,1.256520435,0.936064392,0.099125033,0
-1.492487004,-1.64547543,0.709837092,0.613780268,-1.141500459,-1.462383252,0.718516923,1.02941501,-0.939134538,0.371568797,-0.16424034,0.199197676,-0.70011163,0
-2.00947957,-1.690251781,0.790494584,-0.687902419,0.736790374,-1.778713855,-0.07139257,0.17336161,-1.24305883,1.08085525,0.14638064,0.685509127,0.54645038,0
-2.457568603,2.351627062,-0.577418808,-1.729997791,0.225898021,-0.225451387,1.646551421,0.123990784,-1.685963802,0.655717221,0.093671032,0.072271478,0.5322624,0
-3.086186,1.660661442,-0.449205783,-0.005330573,1.034799131,-0.454871023,-1.084470624,-0.328830827,-2.463088528,0.554254476,0.809054289,0.363840434,0.346034411,0
-1.766866716,0.640743705,0.801547808,-1.107199798,-0.049604511,-2.552497999,-0.164696047,0.605686211,0.733843532,-1.612850935,2.012955849,0.302990857,1.007531402,0
-2.103135656,-2.202706386,0.989983733,-0.188932254,0.76951798,-2.07814414,-1.213094264,1.098323078,-1.25983836,0.618548492,0.298927483,0.793537634,1.214872853,0
-1.204880646,0.008074316,0.507978005,-0.665242158,0.61901898,-1.502410057,-1.11162733,-0.337804119,0.093597117,-1.07083026,0.609142924,-0.313340909,-0.664853987,0
-2.782892008,-2.153414184,1.107560838,-1.171876449,1.972393463,-2.558194447,-0.003070423,0.148415872,-1.552832701,-0.825409575,1.444906441,-0.573966731,-0.735593245,0
-2.020867049,1.606198567,0.198792702,0.567241707,-0.509094651,-1.59794273,-0.433355441,0.982438831,-0.11956715,-0.588801567,1.407099289,0.134387442,-2.808724592,0
-1.939309522,-0.19591766,0.347365543,1.015342786,-1.083201683,-1.278396361,-0.31911809,0.775765385,-1.060397218,-0.783488128,-0.882597286,-0.374400448,-0.16224854,0
-0.715266304,-0.136363324,-0.003981741,-0.925783236,-0.182962539,-0.149417039,-0.58490444,0.562140264,-0.735344661,0.094289153,-0.237788934,0.939919527,2.331983696,0
-2.456394878,-2.652898523,1.19820897,-0.783925794,0.481597655,-2.494145011,-0.322777103,-0.097225257,-1.437232657,-0.138452957,0.936320062,-0.235918231,0.697802783,0
-1.969482001,-0.30644645,0.787955634,-0.806922086,1.068889276,-2.247446407,0.289767144,1.03875629,-0.180726169,0.961838832,-1.068328171,1.277619013,0.212326141,0
-3.520701791,1.097606504,0.486292295,-0.274765292,-0.654476672,-2.503975701,-0.403032965,0.672549675,-1.163943696,-1.578400027,-0.228338787,-1.618547665,-0.633013822,0
-2.354088156,-2.501379848,1.138939466,1.876550157,0.558406289,-2.383437876,0.454948196,-0.766510093,-1.367755484,0.003369826,-0.595932862,-1.201828602,0.025469344,0
-3.148347419,-0.05439255,0.94510578,0.429088404,0.145522492,-3.032439178,0.352750225,0.440881011,-0.669404367,2.078156617,-0.535714633,-0.203678635,-0.574908829,0
-1.540046742,-0.911256449,0.406844436,0.829655727,0.621261784,-1.046856263,-1.058131496,-0.145188659,-1.112337301,-2.598781171,-0.154963615,0.213925967,0.093735373,0
-2.493013868,1.044861313,0.045701073,-2.36451537,-0.246573913,-1.189812073,-0.185010877,0.706406609,-1.294430916,0.675509675,-1.859815176,-0.239012211,0.576251392,0
-0.205430097,0.866641038,-0.464866236,1.46128402,-0.296883586,0.690569703,0.354921499,-0.562148389,-0.575391372,1.362324949,-0.150643396,-0.311545326,-0.692995733,0
-0.751506272,0.954965329,0.318354485,0.798451422,0.843069301,-1.274166364,0.469684481,-0.562221827,0.770971289,-0.027017168,-0.678870216,-1.311550901,-0.213218373,0
-2.576859773,1.870225617,-0.287902853,0.001833001,-0.668367625,-0.747345639,0.232842451,-0.293595954,-1.499956057,0.343110663,0.811683395,1.084939774,-1.988131814,0
0.005520782,0.185867508,-0.249752698,-2.127894845,-1.479400371,0.502698121,1.052480044,-0.457193126,-0.416777868,-0.655062559,-0.756940912,-2.511638644,-0.125473164,0
-1.067701341,-1.130904724,0.406682485,-0.917200063,-0.068591489,-0.833079751,0.165117297,-0.161172644,-0.864206522,1.195103425,0.082648992,0.602873479,-0.032425692,0
-3.425681448,-0.897853557,1.061846301,-0.135130007,1.222345256,-3.080942362,-0.383943622,0.617620665,-1.279358875,-0.108751023,-1.95009516,0.124763863,-1.202691029,0
-1.33178383,1.39950871,-0.4243415,0.269121525,-1.145241676,0.086578502,0.158993691,-0.03637733,-1.070236076,-0.472089522,-1.508424703,-1.076991226,-0.374499339,1
-2.795507107,0.663603426,0.446205942,0.384231917,-1.25546801,-2.051429534,-1.735630876,1.265198888,-0.944618943,0.496366244,0.362511011,-2.050139043,1.267182132,0
-1.744800148,-1.909900498,0.827251352,1.491623756,-0.177054721,-1.708568965,0.396218144,-0.5770643,-1.093439645,0.776908973,2.666467711,1.150705726,-0.14881592,0
-0.443795583,2.203505313,-0.79801335,1.356799685,-0.375173725,0.907771841,1.14153766,-0.881665128,-0.532957688,0.067187675,-0.609821217,0.231059121,0.28121053,0
-0.520134614,0.729471801,-0.062911026,-1.07648205,0.43244311,-0.263589929,0.530595665,1.822072866,-0.050760666,0.807660888,-0.309284293,-1.854609311,-1.305462022,0
-0.411494381,-0.29541863,-0.02806104,0.44084306,1.119073622,0.04868683,-2.663640631,0.882991273,-0.642846671,-1.294644562,-1.166046743,0.688405514,0.577546626,0
-2.261437789,-1.143811831,0.632316651,2.417722057,2.144171498,-1.684608722,0.069986629,1.321610837,-1.410026467,0.003285734,-0.252247437,1.7643849,-0.102661961,0
-0.95182658,-1.320668655,0.469548533,0.43350861,-1.676276892,-0.875569001,1.510624419,0.317165844,-0.763639713,-0.396028219,1.217623175,-0.102320617,-0.607175275,0
-2.096333649,2.139906792,-0.823568008,1.947256739,0.988922917,0.511335071,-1.365054443,-1.003476561,-2.080854286,1.154590248,-0.247086497,1.13242311,1.247496724,0
-3.668572561,2.196191288,0.040385222,0.25438048,-1.00320802,-1.921261378,-0.518810282,-0.029026406,-1.473372154,0.597879687,0.965831647,-1.006733063,2.039202045,0
-1.285163059,-1.548648754,0.642180619,0.487612801,1.116068715,-1.28315141,-0.604896406,0.880548562,-0.837599696,-0.616332721,-1.085955461,-0.190699559,1.104543176,0
1.006586545,2.094570003,-1.117052252,-0.575385923,0.541458547,2.087955116,0.285915932,0.010533192,-0.063553914,0.232169173,0.034104751,-0.382896494,1.245467924,0
-2.186857047,0.776714198,0.311636449,-1.941694047,-0.074828543,-1.610397101,0.617838219,2.311609375,-0.630598977,0.258460174,-0.326482624,-0.766941262,-0.52595274,0
-0.689005219,0.30531492,-0.175171209,-0.21083158,0.058990842,0.091251775,-0.249720686,0.362893069,-0.766762077,1.406046193,-0.09420893,0.185704745,0.400707466,0
-2.412497018,0.93629332,-0.025699323,-0.199049283,-0.035031899,-0.966531287,-2.787288925,1.485400524,-1.465371139,-0.632997032,0.943600053,0.717530516,-0.992269713,0
-3.98284876,-2.744276455,1.551985313,-0.534997673,0.085721687,-3.704695571,-1.306217801,-1.807087038,-2.044673951,0.724747095,0.167058669,0.807978209,-0.975140467,0
-0.642413647,-0.516062082,0.070308951,0.143851633,-0.669981939,-0.163515967,-2.081093131,0.214812776,-0.788512658,1.036355881,0.271707053,-0.823633878,0.896862218,0
-3.064125529,-1.967340075,1.076469406,-1.690822493,-1.010380505,-2.6341704,-0.249327257,0.586741479,-1.7292623,-1.117638596,-1.040159394,0.9340682,-0.701798016,0
-0.271348868,-2.375213623,1.377441233,1.317351305,-1.158001807,-2.367791027,2.164892589,0.496737757,1.080307315,0.048848393,-0.666645193,2.140970296,0.014416563,0
-2.727904047,1.323332037,-0.464717011,1.710808544,-0.875323568,-0.197858043,0.072801794,1.605690108,-2.436859031,-1.148207292,1.838754501,0.525112943,1.041912604,0
-0.771893141,-0.927940917,0.258524122,0.324291754,-0.155013891,-0.483038481,1.62778732,1.802044908,-0.786783624,-0.84830905,0.272335067,-1.44253131,0.200141323,0
-0.022793284,0.557961023,-0.363008978,0.445851228,-0.168414858,0.620682607,-1.145468468,-0.401815747,-0.417820017,-1.35633497,1.162044338,0.210529263,-1.373069834,0
-2.771269898,1.772330329,-0.200588276,0.798568127,-2.546005065,-0.967057238,0.296772507,-0.784162742,-1.546905502,1.671659437,1.070882292,-0.258800864,0.361252283,0
-3.33361047,2.754289818,-0.18946905,-1.169668503,-2.143686229,-1.499388322,0.689849428,0.320403521,-1.279924939,-0.767799617,0.031745274,-1.532371001,0.049249936,0
-1.237554699,1.874460616,-0.22040719,1.259955981,0.798824809,-0.515534254,0.06390685,1.25450386,-0.175807628,-0.553948341,0.068774907,-0.347791129,-1.136134633,1
-1.557461717,3.423952228,-1.379546643,0.840730575,0.979832257,1.476642731,0.085230452,2.039983822,-1.899089268,-0.92576404,-0.057485749,-0.843371875,1.068943437,0
-2.03218382,-0.160321982,0.882683259,-0.866925239,-0.578651054,-2.531680003,-0.760192322,-0.722300188,0.08614788,0.226315953,0.496346411,-1.421669048,-1.970721282,0
-2.026311502,-1.516654299,0.728009885,-0.341823565,-1.11965234,-1.702839301,-1.269101722,-0.530176456,-1.268350114,1.934256248,0.093460108,1.944689269,-1.82904713,0
-0.260111113,0.350686935,-0.266720493,-0.774682187,1.698671306,0.406658688,0.054141161,-0.026756336,-0.563762647,0.088011382,-1.966274095,0.137403651,-0.747059343,0
-3.258731201,2.628202461,-0.743505679,-0.45900446,0.400431994,-0.177062263,1.431889064,-0.399027932,-2.551741123,0.047104698,2.423106131,1.656322508,1.924845495,0
0.575255101,0.145112269,-0.357261712,0.382119926,0.748280436,0.925178352,0.559151434,-1.026425153,-0.190897528,0.087905807,-1.324187019,0.373980557,0.16459805,0
-3.306765839,2.822489578,-0.054836325,1.210226725,0.04314402,-1.820916645,-1.841759705,-0.061758924,-0.903496645,1.258166812,0.865849036,0.782748071,-0.101377311,0
-2.007198433,-0.965917255,0.547625633,0.136081349,1.452588275,-1.481685032,-0.471558995,-0.370316258,-1.245220011,0.788201499,-0.411349532,-0.057336811,-0.252152334,0
0.817356323,1.524862818,-0.893002959,0.736642062,0.425358535,1.725364778,-0.016253973,1.206158427,-0.151431714,0.074684701,1.698073366,1.133559632,-1.391985336,0
-0.957158067,-0.402240797,0.118226627,0.261213779,-1.78080822,-0.402958288,1.749628659,1.680770131,-0.870877239,-1.711614859,-0.523303489,-0.24207088,0.061696788,0
-3.636829142,1.588544652,0.113877188,-0.575585454,0.273319645,-1.865346918,1.587580913,0.24176689,-1.734408913,1.562244211,-0.157561956,-0.94085353,-0.507345196,0
-2.27442037,2.006168771,-0.468496432,0.085668338,-0.09961995,-0.298295661,-0.60388605,-0.111404135,-1.53955149,0.448052799,2.475064639,0.323942781,1.138097094,0
-1.412404579,2.499694278,-1.200464732,-1.316569793,0.662678358,1.436992383,-0.908464338,0.044823132,-2.060637454,-0.885735601,-0.262816843,0.189647955,1.032538898,0
-2.275502462,1.961698482,0.036681478,0.91823088,-0.008076536,-1.428626861,-0.618908125,-1.531414982,-0.440246871,1.060828687,0.07226791,1.307035432,-0.217105747,0
-1.113232581,3.463642676,-1.079653639,1.550078824,-1.166713273,0.910759541,1.236848707,0.838870861,-0.808675169,0.336338562,-0.476909928,0.032426118,-0.232773377,0
0.240796103,1.599258884,-0.794684691,-0.522031744,-2.164200068,1.309942549,0.979117177,0.13513564,-0.378778642,-1.045259548,0.614276141,-1.036355977,0.279439091,0
-3.546971419,1.939425973,-0.344943563,0.094427224,-0.459335124,-0.922153585,-0.134048767,-2.002142725,-2.423424352,0.201939903,-1.447462257,-0.494527084,-0.787209688,0
-1.644766713,-1.017481087,0.458673954,-1.230483971,-0.58965379,-1.157295696,1.065754932,0.042754156,-1.166799714,0.18703175,0.819148793,0.617722666,1.472595497,0
-1.844341248,2.255911633,-1.206214625,0.532237737,-1.318655909,1.41104904,-0.193855156,-0.118915651,-2.632727003,1.581881125,-0.342380855,0.50916268,-0.760578873,0
-1.670362075,-1.733088363,0.718590569,0.350721285,-0.332040579,-1.502776032,0.180028006,0.568441488,-1.140233004,1.941170592,0.494447057,-1.296748657,1.096437151,0
-2.749000657,-0.104252803,0.696182539,0.224632316,0.297287095,-2.33521672,0.93474813,-2.659281184,-0.916398602,1.908010851,0.259384333,-0.011102591,1.404305505,0
-2.334075775,-0.669486376,1.186649504,0.423944039,0.31362271,-3.129270393,0.039319357,1.44767999,0.124394094,1.620111605,0.855351207,-0.339396815,-0.246762539,0
1.137482183,-0.210096386,-0.555980523,0.931801478,0.671145129,1.662782021,-0.346382631,-0.386300005,-0.410977106,1.776349482,-0.014927033,1.770570782,-1.820608115,1
-1.121858152,-0.448106087,0.627048289,-0.398338623,0.423458332,-1.588263582,0.530423464,-1.457304769,0.092681743,0.175413642,0.347066272,-0.379731125,1.076664652,0
-0.215654122,0.932116914,-0.478955378,-0.687151209,1.278596293,0.696574642,0.607715463,-0.473456237,-0.567048783,-3.317318321,-1.587884808,0.541941985,-0.123020363,0
-3.253695107,1.88810755,0.149325857,-1.149250519,0.016461622,-1.940424364,-0.37812458,0.919015663,-1.096658612,1.269953489,-1.208257742,0.473710805,0.506826911,0
-1.29845084,-1.146073873,0.478320482,-0.221131332,-0.606740109,-1.056778979,1.901155976,0.323384238,-0.916301853,1.067802498,-0.546425048,1.3985916,-0.421531414,0
-1.420123387,-1.253454118,0.504472374,1.627919635,1.915273077,-1.113471538,0.403875825,-0.456468751,-1.044042818,2.381934731,0.235055099,0.654830575,-0.059568367,0
-1.697359932,-1.496767453,0.650285543,2.440511662,-0.074051482,-1.438664998,-0.049296378,0.587164973,-1.140633398,-0.529885499,0.518677838,-0.704745501,-0.521795923,0
-0.590225778,3.107293482,-1.304301259,0.510154193,-1.537050155,1.696250597,-1.762472671,-0.133392629,-1.122030907,-0.464031216,-0.309890727,-0.281756332,1.562823266,0
-1.713789339,1.525057708,-0.101111105,-0.315972385,0.44094402,-0.800738335,0.208226862,-0.039886752,-0.584871685,0.303901802,0.316852339,0.486533303,-0.137058815,0
1.866331062,3.440226688,-1.606844789,-0.878580536,-0.678445487,2.97409286,-1.06984772,-0.147308988,0.592909525,0.306680412,-0.795086471,-0.16672541,-0.681664482,1
0.098790336,0.220611597,-0.290421736,-1.368385665,0.32633878,0.609630534,-0.403923141,0.637352372,-0.400639084,0.190455807,-0.173101918,0.307637709,-0.783676371,0
-2.751385373,1.51728747,0.400701143,-0.189468083,0.717060152,-2.235342177,-0.174768839,1.361711456,-0.370856042,-0.061445681,-0.638954851,0.009060054,-0.598480226,0
-1.782637243,2.094568875,-0.756136524,0.932278355,-1.229353238,0.46483405,-0.865322326,0.084505806,-1.689472797,-1.079372513,-1.58875035,0.182499311,0.560454253,0
-1.787306102,1.792256137,-0.181540567,-0.836668778,-0.126162129,-0.733396455,0.41976763,0.490841625,-0.630045821,-0.431155066,-0.002526661,0.170873529,0.012255431,0
-2.231859699,-0.146455698,0.996338136,-0.196293618,-0.44722436,-2.851898596,-0.02264413,-3.094289249,0.177136229,0.072375516,0.794774038,0.56271986,-0.978074263,0
-1.155781752,0.673509552,0.092974711,-1.092701863,1.030316695,-0.780823389,-1.403499017,0.74473827,-0.297864243,-1.176381855,-0.654220261,-1.108053327,1.775846895,0
-1.545150079,-0.795440268,0.956176432,-0.078313683,0.563881553,-2.334776614,-0.079145026,-1.218061845,0.202187046,0.058161712,-0.172827956,2.902650262,0.458498476,0
-0.783886873,-0.188764581,0.039147,-0.002819099,-1.361836001,-0.248615101,1.218061075,-1.115955275,-0.737622186,-1.540092266,1.271798874,-0.36305897,0.550167585,0
-1.912248396,3.509532896,-0.919180525,-1.303472429,0.484484239,0.30022073,1.506167131,0.319500766,-1.11210849,-0.751856744,0.006118664,-0.578163623,-0.092221158,0
0.386642693,2.300851607,-1.05623416,0.491966179,0.359852315,1.698738408,-0.666108336,-0.571296829,-0.314462238,-2.034477451,-0.399877886,-1.718359718,0.565564596,0
-0.98729563,-0.348555041,0.116819888,-2.836229051,0.676906918,-0.427318085,0.220621453,-0.687325901,-0.860271203,1.119595337,-3.026467527,-1.504063254,-1.748451824,0
-1.414826983,-0.521185632,0.273883194,0.986961359,-1.363467208,-0.846207444,-0.329416841,2.085702087,-1.01009601,0.671255451,-0.575600362,-1.467101711,1.47212493,0
-3.316367774,-0.951940452,0.887391845,1.031415906,0.78525536,-2.634784297,-1.149304577,-0.783308757,-1.615697239,-1.308778304,0.984950103,-0.429676127,0.315372896,0
0.548413865,0.781148701,-0.574943678,-0.040921732,1.425383815,1.187699694,0.725422512,0.038386779,-0.227899017,0.277611323,0.612559837,0.172644702,-0.979925481,0
-2.267637807,2.9890758,-0.503450298,0.656811024,1.39155234,-0.562293807,-1.847597557,-0.257043026,-0.878248877,-0.059674825,0.860742425,0.333122057,0.253403665,0
-2.570760437,-2.832787547,1.273788214,0.109452668,0.241095143,-2.635353572,-0.492333044,-0.966475227,-1.501826967,0.111402509,1.171372942,-0.934925306,0.009748047,0
-2.714449759,-2.353104759,1.187601279,-1.744488058,1.297134455,-2.649828551,-0.560732003,-2.0911247,-1.462563686,0.43051348,-1.258292621,-0.662146152,-1.432838696,0
-0.592187163,-0.560880107,0.130436737,0.103390583,-0.467047609,-0.26964256,-0.125976236,-0.100309983,-0.643205379,-2.284651472,0.103396581,-0.529038222,-0.815296186,0
-0.861948537,0.439278168,0.123278305,-2.341797444,1.40606928,-0.682511894,-1.876417847,0.944698872,-0.148152159,0.662272248,0.427596319,0.672645112,0.667271992,0
-3.475856617,2.44897748,0.007124052,-0.24348107,2.475313801,-1.879022146,0.824152363,0.017855301,-1.190988261,0.703493523,0.994410281,-1.14884012,-0.818952445,0
-1.278371575,-1.048387589,0.968446945,1.230545005,0.611521669,-2.196801109,0.177328363,-0.0029814,0.273840736,-0.311336653,-0.004348487,-0.870409535,-0.166627108,0
-0.408099616,0.673687022,0.177995025,0.767044129,-0.440516944,-0.758001501,-1.187778192,-0.876937066,0.545939244,1.951986432,0.221642093,1.458542766,1.088105293,0
-0.275733709,1.101135045,0.700957327,2.323728664,-0.124818017,-2.055916852,-1.054892232,2.288302994,2.153997551,0.455301903,-0.767331293,0.396768859,2.033782512,1
-1.626224593,-2.169236251,0.892671974,-0.798767137,-1.201182365,-1.73163687,1.230921802,-0.139248795,-1.036722679,-1.115500787,-0.780116782,-0.195930667,0.572698642,0
-3.166877748,1.363831908,0.039694383,0.425794474,-0.923470574,-1.482618394,0.507070541,1.54528734,-1.658227593,-0.274875439,-1.471243696,-0.749675112,0.956579931,0
-2.89329778,2.76631786,-0.815482642,0.053514274,-0.954404051,0.043077544,-1.195070564,0.560529285,-2.291006061,0.683062582,0.394523605,-0.634795482,-1.613130019,0
-1.481898119,2.833501321,-0.778047891,-0.292375353,-0.977284832,0.341749613,-1.448355918,-0.027555937,-0.924352421,1.593106222,-1.038106986,-0.998815268,-1.242153351,0
-0.963066036,-0.679899758,0.266614546,0.140180031,0.557738829,-0.643654343,-0.107983467,0.918363115,-0.750394328,-0.412055655,0.738608066,-0.48870197,-0.281506561,0
1.518774129,-0.406717309,0.099078106,0.747943253,-3.019083058,0.356299804,-2.050828051,-0.963652574,1.244927492,0.787007318,-0.108509395,0.540819338,0.423342235,1
-1.632919476,-0.924266009,0.456142482,-0.78039261,0.216717874,-1.180876729,-0.52241652,0.361470433,-1.092542717,-1.244468108,-1.617461153,0.853040268,-1.202996372,0
-2.598090913,-0.254231068,0.365042831,-0.491003975,-0.7962808,-1.488049892,1.025626278,-0.315394413,-1.639551427,0.070197792,-0.635885898,0.379924178,-1.151519357,0
-0.216906691,-0.412593555,-0.013769706,-0.158960139,0.556598414,0.113566964,0.731754211,2.197258008,-0.528336631,-1.370122506,1.364301327,-0.862614181,-0.387775384,0
-1.486610013,-2.192321159,0.893552009,1.144532879,0.270181618,-1.685248335,1.114404216,-0.393549516,-0.930064039,0.756200811,2.019371611,-1.395549195,0.305541941,0
-1.381964062,-2.080730535,0.82633331,1.144856243,0.087148008,-1.541815476,1.325963188,0.629672871,-0.906188358,-0.311642725,0.977019336,-0.610752632,-0.966613783,0
-3.527921916,-3.815636374,1.843470504,-1.30107738,-1.014397454,-3.858195312,0.792100909,-0.343908046,-1.793254241,1.721999105,-1.358927639,1.863767209,-0.202411746,0
-0.639089122,1.467462629,-0.118056233,-0.160102414,-1.049546459,-0.432050129,-2.429292968,0.540456805,0.272593386,0.650383691,-1.113808885,-1.077012701,0.723095887,0
-0.708358998,1.331761979,0.068652843,0.662607187,-0.071674158,-0.827788826,0.534487487,0.34066142,0.529706445,-0.09132845,-1.482039572,0.561688792,1.918111328,1
-1.97328992,1.481989727,-0.21549472,0.747038927,1.041696558,-0.601074686,-1.185683791,-0.128635922,-1.100272233,-0.120544668,-1.887093524,0.244208595,0.715398618,0
-2.419845265,1.321900661,0.845489261,0.357854401,-0.69622838,-3.079760661,2.3361461,-1.412682067,0.770747679,1.058105618,0.354840156,1.81492591,-0.597265373,0
-0.802435673,0.242292257,-0.126937681,-0.502943837,-0.897843421,-0.028719191,-0.328090565,0.471143081,-0.804646015,-0.483975878,0.43919866,-0.907144205,1.426184692,0
-3.183830214,-2.049200024,1.161126498,0.795859014,-0.446971421,-2.831936266,0.141542908,-0.158652002,-1.704966238,0.483711971,-0.741560039,-0.493896462,0.33333298,0
-1.844890176,-1.404261445,0.673094904,0.751538828,1.351511718,-1.565442188,0.031163399,0.263137282,-1.149225953,-1.249190337,2.061417209,-1.789673457,0.461669303,0
-2.859447203,-0.301864203,0.790387339,-2.381991273,0.938595803,-2.511309033,0.871045293,0.297167147,-0.94901205,-1.401254014,-1.590430259,-0.766080456,-0.609136089,0
-0.267565021,-0.181720694,-0.094531604,-0.915444878,-0.408913833,0.201015473,1.53261095,0.338050215,-0.581414913,-0.450993186,-0.336608178,-0.101424283,1.071840509,0
-2.296901843,-1.118813094,1.186560044,0.801151962,-2.715098194,-2.960528125,0.906306738,0.467085614,-0.178796284,0.167958896,0.682693511,0.348017524,0.457833049,0
-0.331554429,1.060279783,-0.48885824,-1.223824938,0.282779877,0.640582978,0.665026617,-0.608408649,-0.59479553,-0.693429243,0.221225241,-0.88081958,-0.235242237,0
-1.606233836,-1.543716216,0.651685329,-0.463216727,-0.408630892,-1.399061569,-1.520437146,-0.357448247,-1.092967147,-1.026808241,1.546338832,-0.446834801,-1.353612593,0
-0.485201813,1.305407768,-0.260717369,-0.389762136,-0.001571807,-0.007212814,-0.416705484,0.655960552,-0.034092644,-0.367143571,1.122969372,-0.835939776,-1.610169798,0
-1.979625792,-1.431767915,0.669969272,0.420163052,1.520622749,-1.58756166,-0.863792499,0.341327983,-1.294432177,-0.389233941,0.092478708,-0.164827026,0.35285294,0
-1.710848624,-1.647391228,0.746018062,0.160291007,1.584824258,-1.606754588,-1.216151219,-1.536715196,-1.050071306,1.556399091,1.192860218,-0.373222351,-0.28527998,0
-1.478331796,-1.449539939,1.282496313,-0.454822052,-1.002426682,-2.825789164,-0.120222434,0.403710573,0.504360117,-0.395729774,0.820197245,-2.109059103,0.766508001,0
1.213462427,1.551868293,-0.985788254,0.089686392,1.388923933,2.040566782,0.700434663,1.473059996,0.006450551,-0.283368609,0.745798251,1.153277247,-1.493134448,0
-1.773490383,-2.80857246,1.16290587,-0.246728178,0.922774119,-2.162402743,-0.631159395,0.717074359,-1.036314898,-0.854301274,-1.21612156,0.883971072,-0.212334801,0
-1.261786588,-1.401442208,0.543837036,1.050505481,0.517374329,-1.105087806,0.001503316,-0.941598838,-0.927936814,0.95655413,-0.070925821,-0.713484604,-1.144175741,0
-0.261137904,0.27574658,-0.238162071,-0.55402827,0.467984004,0.36791896,1.42683554,0.724130216,-0.55653167,0.33794522,0.562745105,0.009546318,-1.396361002,0
-0.882785127,-0.860407798,0.275660367,-2.039149966,-0.921752755,-0.577609626,0.259425202,-0.003068506,-0.794754256,-0.84911791,-0.86656881,-0.348262397,0.594972603,0
-0.731069079,-0.934315071,0.250986373,0.072924396,-0.010054952,-0.451928674,1.284280451,0.436283838,-0.772804882,-2.264218639,-1.49094031,1.259026191,-0.179583381,0
-1.099239361,-0.579120454,0.212531026,1.961582624,-0.631052893,-0.595684047,1.846725014,0.640272925,-0.915414686,-0.533455817,0.584753016,-0.635192127,1.377801845,0
-2.026119932,2.505749153,-1.059433109,-1.183678785,0.670705765,0.937989826,0.584230207,0.976227086,-2.275616883,-0.492053012,-0.161223466,0.131477422,0.029180661,0
-0.352948701,0.032096125,-0.152075216,-2.477503629,-0.042461754,0.231782659,0.8195894,1.005576978,-0.625456553,-0.208365005,-0.245573903,-0.108038575,-0.379275303,0
-1.82949134,-2.136180042,0.938940355,0.05889233,0.855544292,-1.906812848,0.229657313,-0.917671296,-1.085736184,1.847570244,0.382770236,-0.326104479,-0.743492519,0
1.607000501,1.339040841,-0.984554881,-0.457807064,-0.051369296,2.226048872,-0.099082623,-1.868071124,0.193985603,-0.271752423,0.88453035,-0.881881563,-0.163558315,0
-1.330367365,-0.273132626,1.114262341,0.315496808,0.857291504,-2.814769845,-2.01629431,0.255559699,1.134374746,-0.433284174,0.930873289,-1.344886781,-2.142719846,0
-0.025861572,-0.869989381,0.157074914,-0.035979989,-0.000799109,-0.05811053,-0.509662564,-0.654714966,-0.319664341,-1.219752159,-0.172005152,-1.162042502,-0.096342599,0
-2.310437279,1.012482536,0.403196472,-0.750038178,0.876759989,-1.936494829,-0.620540875,-2.043768702,-0.357069063,-0.584499216,1.338249631,0.201785107,-0.397740284,0
-2.364389144,0.448996282,0.218737205,0.247085656,-0.554666875,-1.335832558,-1.852342503,0.121243732,-1.238726596,1.043042527,0.595831865,0.22665736,-0.128128414,0
-3.903206585,1.443017239,-0.18109698,-1.372093243,1.64755503,-1.222138939,0.034569417,-0.130705119,-2.737491904,-0.896420383,-2.457400268,-0.366240015,1.182441631,0
-0.003441492,0.445262417,0.248015651,0.294934735,2.130104266,-0.719828497,0.751277705,1.05331028,0.88587608,-0.595424385,0.138863989,-1.25819729,0.332705294,0
-1.998270494,-0.44194449,0.299052428,0.425700621,0.060139992,-1.099430337,-0.131167807,-0.228706156,-1.40395847,-0.822132688,1.286390077,-0.502575724,2.780026223,0
-0.832672266,1.923294163,-0.661125949,0.441322402,0.427643677,0.583573522,-0.997863549,-1.708992011,-0.774611164,0.873486787,0.314321446,-0.384110127,-1.886775555,0
-1.900897736,2.278862168,-0.870495683,-0.283999943,-0.402951076,0.625332134,-0.31513317,-1.342641084,-1.911740385,-0.216649321,0.067351298,1.468533902,-0.149987471,0
-0.049548913,1.005467065,0.547024147,0.40848936,-1.66153407,-1.607977217,0.166529173,0.339733523,1.934716828,0.675401328,0.980671996,0.00634531,1.576224285,1
2.154673133,-1.353889819,1.553643544,-0.272179645,0.008049248,-2.426234191,-0.495327145,-0.916694494,4.356656697,0.269963794,1.314047623,1.109663664,-0.418365024,1
1.2939067,1.084492798,-0.83647944,0.211893221,1.142560334,1.889326817,1.552595748,-1.176495726,0.062770979,-0.432812536,-0.22836774,-0.494587988,0.569620786,0
-1.289829683,0.633070583,-0.290296364,1.270386028,1.014897254,0.063888367,0.127380634,-0.458478461,-1.305043586,0.085046048,-1.13553011,-0.816793727,-0.272846796,0
-2.519940631,2.084642284,-0.096898104,-1.519431703,0.851410842,-1.239393249,-1.253563192,-0.599388964,-0.861624792,-0.195439189,0.789905497,1.161837432,0.120862168,0
1.483948934,0.153892582,-0.101021796,-0.018604706,-0.23964663,0.603137253,-0.68001148,-0.482094678,1.1840914,0.244380145,0.328071565,0.823894354,-0.754217956,1
2.535514332,2.541092327,-1.076325927,0.919559929,-1.057651152,2.279833475,0.75701169,-1.23317969,1.696317738,-0.094148325,0.331765914,0.976275049,0.131239091,1
-0.773093568,0.243406571,-0.130888997,-2.247931531,-0.843971963,-0.01168515,1.052897058,0.142780978,-0.787056515,-0.786278548,0.30972252,0.531995011,-0.983506517,0
-3.394184876,2.229421308,-0.125045359,-0.95330047,-0.245949785,-1.478614763,0.141657903,0.159271972,-1.580125177,0.240405612,-0.945350073,-1.084824571,-0.917197446,0
-1.345436027,-1.564169694,0.601803579,-1.271028356,0.733615612,-1.203520982,-0.344230221,0.666274606,-0.992413022,-1.55633735,-2.116827557,1.146129338,-0.764245897,0
-0.504399298,-0.68366498,0.158425606,0.082822891,0.357337237,-0.264665008,0.86931475,-0.457345723,-0.595413891,-2.229028187,-1.049155341,-0.930828209,0.460120187,0
1.935989198,4.916557397,-1.007183885,0.216262598,1.386105955,1.115755767,-1.452769891,0.500388678,3.101353743,0.123713095,1.168738771,0.559025863,0.816594259,1
-0.203229346,-0.485517511,0.215376672,-1.142004535,0.715261534,-0.376530767,0.961025809,-1.182349171,-0.056707887,-0.45631683,-3.083464793,0.530586207,-1.476277916,0
-1.543333455,-0.65283113,0.317884212,-1.27683331,0.914223046,-0.936826966,1.363597552,-1.637022409,-1.121872861,1.177716132,0.167512867,0.498051085,-0.779967961,0
-0.835861508,-1.913717902,0.875606499,0.634630206,-1.161382147,-1.554675479,-0.701898105,1.336019687,-0.194065551,-0.166056118,1.189854204,0.623866784,0.197972125,0
-1.501778325,-1.969551373,0.765751325,-1.358371065,0.134854929,-1.478041433,-1.173503463,-0.349335997,-1.063739349,-0.182712547,-0.367739704,1.521134295,1.333838924,0
-1.310125664,-2.607184781,0.974973426,-0.061852134,-0.09894121,-1.673271594,-0.877053425,-1.741901751,-0.902989506,-0.218879113,-0.151691096,-0.784285592,-0.117010383,0
-2.03583211,2.513208265,-0.719638757,-0.48813628,0.755504906,0.161985458,-1.164546778,0.34337035,-1.516144946,0.135055705,0.939363064,1.113599751,2.071255454,0
-0.991892879,0.709866193,-0.042031146,1.553279188,-1.308121577,-0.440148734,-0.753777459,0.142148013,-0.430513347,0.605932094,-0.313756945,-0.852928322,1.108197896,0
-2.125626447,0.801893484,0.319986801,1.780452751,0.033223239,-1.620513684,0.358736144,-0.66715955,-0.539595941,-0.467923722,-1.146550164,-0.258958835,-1.561878572,0
1.111122579,1.172494706,-0.849736847,-0.000249175,1.488281191,1.835753401,0.768780226,0.508761296,-0.060891368,1.462196594,0.051221092,1.00406481,-0.799903685,0
1.083397967,0.539083558,-0.093041709,-1.046840953,-0.045151615,0.334199253,1.189796767,-0.361365304,1.139784902,-1.131238635,0.791341699,-0.237162829,-0.270050104,1
-1.741759254,-1.303780652,0.583651738,-0.835186074,2.443472635,-1.368143864,-0.342895309,1.658851872,-1.184831729,-1.03974278,2.406875666,0.814563202,0.057413561,0
-2.164428107,0.098979495,0.514877593,0.10958225,0.452941593,-1.826797003,-1.838269734,1.529330654,-0.660981373,1.193394436,-0.085939472,-2.244889294,-0.241958212,0
-0.079171714,0.447372835,-0.321149842,-0.904417229,-0.884511321,0.54833216,-1.965040773,-0.105981254,-0.455696006,0.878080971,-0.987032366,1.217996223,-0.709172661,0
-0.15803778,1.560594541,-0.715531901,1.175371608,2.13519919,1.02896421,-0.970399576,2.000311612,-0.578333811,-0.816876088,0.207856643,1.623937069,-0.163957819,0
-0.108946199,0.414144187,-0.308861652,-1.22257737,-0.016109292,0.523546492,0.664927127,0.22328729,-0.478933388,-0.96776234,0.175293576,-0.016627422,-1.213111468,0
-0.637112225,-0.962798362,0.304919714,-0.203471799,-0.608233492,-0.537129338,0.980009344,0.395985743,-0.591013331,0.198238776,-0.041495212,1.512038814,1.275898494,0
-2.242526764,2.492341948,-0.982514407,0.390869908,0.893077435,0.705833813,-1.058150992,-0.341520415,-2.302023932,-1.094692044,0.021626631,-1.289382089,0.734811344,0
-0.912687029,-0.694633217,0.754033769,0.029174427,1.608077135,-1.729311318,0.795432707,1.161211402,0.376204694,-1.005695087,0.037647372,0.426790193,-0.685472853,0
0.704939692,-1.269688021,0.654690778,-1.078096304,-1.801981081,-0.83539211,-1.021164973,-0.42088249,1.136590028,-1.929611527,1.562326943,-0.583803341,-1.11173253,1
-2.376556525,1.09154447,0.290858016,0.267687402,1.302306711,-1.728577458,-0.871003179,2.208059078,-0.607832591,-0.820669519,-0.205976279,-0.099588221,-0.252731093,0
-1.548658652,3.207860102,-1.403975975,-0.469070618,-0.577220956,1.610480141,1.412096375,0.078573221,-2.107540125,-0.803530961,2.753229511,1.400777276,0.4559684,0
-0.748574015,-0.046010805,0.529794047,-1.225307674,-0.852888126,-1.401252088,-0.81613649,-1.704915081,0.500636999,-0.159295603,-0.606634566,-0.763769501,0.345309556,0
-2.456151697,0.518060599,0.455332915,-1.169023689,-1.278701471,-1.923111321,-0.776516424,-1.837416647,-0.736455977,1.831903826,1.427770185,-1.184352317,0.192418071,0
-1.589192459,-2.674954973,1.031946153,1.145102465,1.086834805,-1.859176828,1.246850068,0.125977185,-1.069452011,0.628716482,-2.193921493,1.504236304,0.214112514,0
-0.756574582,0.247284079,-0.11762094,-0.718307057,-1.38934242,-0.038370795,1.134232447,-1.018636289,-0.739967422,-0.295190411,-0.76430475,0.269729527,-0.417837776,0
-2.890474083,1.462064931,-0.184779233,1.946821962,0.281356538,-0.928323681,-0.059609845,-0.881153062,-1.8471639,-1.597454218,-0.073932365,0.250943193,0.366055915,0
-0.996790726,1.550017827,-0.104648173,-0.524811084,-1.087849116,-0.594642722,-0.250458604,1.717780066,0.051946247,-0.023717763,0.772781466,-0.048182927,-1.169861106,1
-0.016590904,-0.735852984,0.068404765,-1.045710647,0.4481534,0.098537059,-0.587535785,-0.963689726,-0.410373149,0.71431033,-0.880262252,-0.419506679,0.835573289,0
-0.011477173,-0.307278805,-0.077365311,-0.141909851,0.240585262,0.280061863,-0.092782455,0.946557749,-0.413007973,-0.152750082,0.052414883,-1.219457897,0.223352224,0
-3.850105058,-3.595233459,1.80862424,0.284418411,-1.045533383,-3.949526487,-0.236894853,0.927312035,-1.988239004,0.062137556,-0.187449959,-2.10330055,0.505664303,0
-0.742411247,-0.256520641,0.022928979,-0.256055349,0.143978625,-0.17607334,1.07991157,-0.912020179,-0.788375693,-0.945833556,1.30471508,0.189285118,-0.356422168,0
-2.216931604,-1.623666008,0.817050854,0.283332225,-2.6397155,-1.92217072,0.504114269,1.368619713,-1.31492248,-0.819655383,-1.1002513,-0.479306929,-0.218259886,0
-3.350662058,-3.121973367,1.541362105,1.040587505,-0.058963407,-3.365572979,-1.817847858,0.717390607,-1.798426845,-0.198186847,0.090569265,-0.471857548,1.012702471,0
-2.131435212,1.850837936,-0.33063142,-0.145134583,-0.603741093,-0.515139887,-1.172411608,0.975044055,-1.22133146,-0.453157894,0.063065029,-0.539229537,0.506278471,0
-3.17417509,-1.002332073,0.86165809,-1.154497227,0.030811115,-2.517706661,-0.854710653,2.504316802,-1.586885922,-0.340768649,0.07536724,-0.652552904,-0.219878965,0
-2.974967492,0.786276588,0.10205315,-0.230339539,0.088911358,-1.36581983,-2.404518385,-0.040139006,-1.781912568,-0.113571742,-1.079532704,0.044022733,-0.743084172,0
-3.232171101,3.429925091,-0.970752823,-1.761150387,-1.171126564,0.06436285,-0.6020529,-0.099048186,-2.439875306,1.604347434,1.110580318,1.39602755,0.944160058,0
-1.803204141,1.558831118,0.185158887,0.92576245,0.081247076,-1.487595631,-0.54932053,0.511525672,0.004554539,0.015983767,-0.250427217,-0.196781833,-1.532182416,0
0.297436793,1.571019307,-0.830383146,1.004456424,-0.786951784,1.417157484,-1.013984577,-0.186733513,-0.430495153,-0.235980565,-0.356354079,-0.468897608,-0.844859779,0
-3.194365738,-2.136009441,1.190354092,-0.21871046,0.839734668,-2.870767905,0.077811347,-1.202083426,-1.713398403,0.296817479,-0.758661152,-0.807581324,1.409308002,0
-0.874678199,0.567785962,-0.239240799,-0.152728992,-0.325391355,0.090798251,-0.677429479,2.318742267,-0.876699959,-0.28239632,0.044129915,-0.302564267,-0.576512472,0
-0.266201355,-0.32870758,-0.003509161,0.55898283,0.37351258,0.046614614,-0.295153975,1.16080631,-0.48573564,-0.297861192,1.1455328,-0.420426256,-1.407573994,0
-2.225712835,0.693268737,0.403807463,0.191299379,0.296284529,-1.801322678,-0.040454766,2.078277976,-0.52002653,0.408854186,0.53994183,-1.311665902,-1.067255024,0
-2.008744941,-0.792406666,0.419017481,0.379160192,-1.772399011,-1.251416191,0.182083113,-0.793102916,-1.405586975,-0.047752879,-0.22359014,-0.920899031,0.425861349,0
-1.113448206,0.417267759,0.46963724,-0.221082118,0.063172861,-1.532804145,0.67530083,-0.500964958,0.392906467,0.435039455,-1.236876238,-1.760330513,-1.771439422,0
-1.139601021,0.404870025,-0.131853878,-1.939942581,0.403337122,-0.171937893,0.693566422,0.941249958,-0.988731243,0.097365063,0.385181571,-0.795406786,0.150698704,0
-4.010355714,-3.574698998,1.819287774,-0.042235444,-0.178995535,-4.027150772,-0.504166156,0.135831582,-2.0889223,0.65488776,0.933823896,-0.243396409,-0.802126129,0
-3.222165352,1.777440026,0.376263275,-0.287358874,-0.065529115,-2.407106005,-0.568539305,1.414743819,-0.642574449,-0.511868401,1.54610856,-0.288030739,1.383057399,0
-2.245517479,1.839937974,-0.475506232,-0.286271234,-1.505234218,-0.215676305,0.278903607,-1.123419263,-1.654141831,0.559491129,1.08376331,-1.149681527,0.416879512,0
-3.09212658,-3.624717226,1.687596994,1.937999526,1.224298285,-3.446043578,0.60029698,-0.626059846,-1.619889798,-1.461421747,0.62814422,-0.62747115,-0.196800677,0
-0.958884121,-1.021271791,0.34657463,-0.995318399,0.277238034,-0.703881874,1.808854215,0.862705477,-0.822195479,-0.897097427,-1.668853435,-1.501899629,-0.902010761,0
-2.580707726,-2.524289677,1.213834499,0.868964085,0.314847192,-2.610613244,-1.197478753,0.764033572,-1.414715579,1.268543105,1.078583578,-0.011393249,-1.614898418,0
-0.44973248,1.094394188,0.682342741,-0.135866606,-1.236242784,-2.061530735,-0.053836025,0.433546979,1.955255628,1.148945042,-0.112360353,-1.622725355,-1.060392234,1
-2.785517454,1.588506935,-0.535340426,0.955966526,-0.708868528,-0.147455691,1.442656769,-1.064919753,-2.447654772,0.472768468,-0.528674594,0.246456627,-0.086555482,0
-0.81295181,0.869576971,-0.113579537,-0.082590325,-1.722722482,-0.282365324,0.534062956,-0.412719279,-0.31554893,0.353679376,0.716727648,-2.933770647,1.335453062,0
-2.508704155,1.128824384,0.020825588,1.583389953,-0.082822909,-1.167416066,1.974326388,1.195635243,-1.30126077,0.094393907,1.124582628,0.882273043,0.576854237,0
0.129698105,1.068779148,0.120858644,0.037007132,0.726620822,-0.612050109,-0.024905318,-0.621088519,1.182338795,1.934302166,-0.869991811,0.68679962,-0.791013214,1
-2.642908262,1.261930536,-0.011265501,2.196332235,-0.028901523,-1.180105978,-1.874055503,0.493254176,-1.391083768,-0.045642853,0.020841482,0.706975464,0.249725487,0
-2.158143702,-0.977904933,0.744808007,-0.544693187,1.299333674,-1.968188096,-1.299809241,1.290095813,-0.943571649,-2.927059843,0.282553651,0.925797043,-1.135742893,0
-2.55382138,0.856712921,0.254293926,-0.20791231,-0.160664848,-1.614316346,-1.384378144,0.887622963,-1.019983922,-0.553934684,0.729369795,1.096724208,0.688108024,0
-1.992559121,1.658175761,-0.405033967,-0.2620902,-0.769723844,-0.238679183,-0.747878027,0.109757606,-1.410827068,0.999464085,1.519665439,2.132644026,-1.076363967,0
-2.497666408,-2.784260849,1.264944808,1.368786631,-1.027740297,-2.611256144,-0.367011636,-0.334732743,-1.421610826,0.071330396,0.43690577,0.087247588,0.57722147,0
-2.913707525,-2.500338401,1.245541482,1.089053394,-1.731618522,-2.786994717,0.234007066,0.514094831,-1.61648688,-0.275222517,0.296278888,-1.401291875,0.562278475,0
-2.515457405,-3.302590299,1.48399854,0.653535589,0.237103217,-2.931105738,-0.578252576,-0.986379664,-1.332630716,1.027415639,-0.043607973,0.830208149,0.667273017,0
-1.322414068,-0.70070517,0.284516188,-0.339445367,1.011109307,-0.780609433,0.626041662,1.902205971,-1.039562589,-0.437220057,-1.729797415,-0.10467932,1.762534547,0
-1.664990495,1.074817965,0.091503303,1.619322076,1.622358159,-1.065334011,-0.133659733,-0.217098062,-0.446229482,0.153005373,0.168259102,-0.729341859,0.28385729,0
-1.32641757,-0.972694262,0.4133398,0.412514581,-0.034682259,-0.978379719,1.731252309,0.780005961,-0.95707941,-0.742522443,0.908366427,-0.667353588,-0.299252256,0
-0.85092891,-1.942667963,0.666098512,-1.483993813,-1.417452794,-1.073733688,0.700054054,0.431578499,-0.698901838,-0.168227995,0.299100958,0.435584088,0.239789582,0
-3.278985579,-0.910640017,0.99024342,1.525303292,-0.887162588,-2.87175195,0.989950854,1.259045004,-1.321455345,0.508267321,1.662706016,-0.276210381,1.411546705,0
-3.085145127,-2.546556867,1.281216765,2.045000911,0.056083398,-2.901122278,0.151387742,-0.717208063,-1.720656649,0.957035864,-1.98223994,-1.628282172,0.836797218,0
-2.750978584,-1.773222514,0.945737968,1.848341749,0.579545192,-2.315540821,-1.503667824,-0.756401492,-1.604202462,-0.637228006,-0.96095354,-1.883756799,-0.111012274,0
0.095687265,0.381710857,-0.352237224,-0.127723033,-0.535047754,0.692337684,-0.57364256,-0.516785931,-0.421770886,-0.061214328,0.169964282,0.998634764,-0.51687546,0
-2.349488316,0.014617435,0.534565855,0.34527051,0.072689463,-1.895202167,-0.035901298,0.463444938,-0.841393292,-0.157226717,0.936814317,0.402391169,-0.120518374,0
-1.793833629,1.339628635,-0.129889091,1.096547266,0.721219048,-0.693439591,-1.215360983,0.157771311,-0.857773498,2.022174859,0.004098437,-0.417742367,-0.736427984,0
-3.561037031,1.347319379,0.277411632,0.167650155,0.070697022,-2.129619631,-0.380468536,-0.720162904,-1.481397502,-0.703736957,0.013835723,-0.488446091,-0.878400477,0
-1.508852797,0.532936684,-0.08140246,0.500952176,-0.929477857,-0.437853934,-0.241739814,-0.506740563,-1.102374442,-0.285937041,0.663599095,-1.087972071,0.536010855,0
-1.954306067,1.953668811,0.106578326,-0.525261899,1.75227319,-1.491658845,1.450760021,-0.676230742,-0.008931513,-0.498392712,-0.994913676,0.634679084,2.31759401,0
-2.893454409,0.553628958,0.255340959,-0.360221771,-1.052508911,-1.60821761,0.08645909,-0.687624719,-1.540491549,0.25651374,0.535512545,0.491661175,-0.968962055,0
-4.282498956,-3.713541544,1.957074764,-0.856795612,-0.119082563,-4.369366102,0.652386,0.116490181,-2.121078915,-0.715019543,0.243669958,-1.384452482,-1.478464181,0
-2.43414921,1.031666725,0.114681283,0.533519993,-0.668994432,-1.324629147,1.14252282,-0.928882458,-1.098109515,1.425405932,1.864413664,-0.671373519,-0.713799466,0
-1.587946895,1.748554448,0.202356683,0.835538916,1.099029933,-1.531134721,-0.008218901,-1.826844466,0.372755054,-1.458926455,-2.70470452,-0.362931106,-0.673646659,1
-2.960234595,0.879983787,0.110451717,0.117217256,1.079618322,-1.413528299,-1.800056812,0.952976269,-1.68024493,-0.944823894,0.387786827,-1.796783246,1.635629501,0
-1.331922401,-1.086851479,0.434804589,-0.764193836,-1.895709191,-0.988550405,0.275823647,-0.087428576,-0.998952568,-0.891478061,1.574398857,0.006935622,-0.060313467,0
-2.741268192,-2.607937241,1.260919055,-0.881737197,-0.133175097,-2.734330716,-0.610008731,-3.19889768,-1.511731578,0.809967819,-1.321278924,1.144300451,-0.575310193,0
-1.134896054,-0.072351385,0.861389318,0.609285116,0.358909981,-2.255436335,2.348018509,1.33280173,0.887604434,0.22384669,1.425910332,1.131678537,-1.490349807,0
2.084105307,-1.245109407,1.148289789,0.324320081,0.096209042,-1.56554046,0.388942031,1.985269205,3.466767328,-0.248766305,-0.640649994,0.807082893,0.237555617,1
-1.837011314,1.179285145,-0.528250318,-0.33144646,-0.821601673,0.253821511,-0.348489703,0.563297796,-1.908974143,-0.669053935,0.852501276,1.462071882,0.174395637,0
-1.40644494,-1.198166999,0.505675697,-1.35105925,0.469502858,-1.131672739,0.855826656,-0.26875113,-0.988122794,0.902374363,1.227476074,-1.044128541,0.568544057,0
-2.268955446,-1.811097566,0.884363544,0.638389301,-0.548442427,-2.023998882,-0.182176877,-0.73371649,-1.349255206,-0.589781688,0.022782963,-1.46505022,-0.450509504,0
-1.930377739,1.272758356,0.098031308,0.069906654,0.953695133,-1.226219398,-0.231918405,-1.982626328,-0.515556969,2.198139519,0.116451978,-0.404918691,0.519130647,0
-1.586702717,0.435251047,0.059667535,-0.519941837,0.076192421,-0.745919771,0.893472894,-2.366968958,-0.926771983,1.22846649,-1.473840897,-0.432976265,2.258460796,0
-1.447616988,2.623762098,-1.020660118,0.47608249,-0.037138445,0.975498983,-1.611253628,-1.205523279,-1.595340806,-0.333468651,0.269639488,1.40361915,-0.468301143,0
-1.250512514,1.658380547,-0.448268657,-0.219970087,1.141830928,0.073362972,-0.739136559,0.289304636,-0.859685563,0.829273687,0.154850448,-1.251698049,0.021605548,0
-0.214609433,-0.578114823,0.048595199,-0.293753085,-1.189550602,0.030934513,-0.874437523,-0.489898704,-0.509977118,-0.520846206,0.122951182,-0.795648075,-0.49226368,0
0.424125119,0.4974485,-0.462638665,-1.44318162,-0.35548231,0.996803311,-0.09281405,-1.384978137,-0.29626031,0.106931903,-0.408155568,-0.85940079,-0.011086707,0
0.18001335,-0.032297977,-0.211363338,-2.297568104,0.627914693,0.542602431,-0.028692388,0.528125721,-0.3411441,-1.152684836,2.571696186,0.280556993,0.422742555,0
-2.452885125,-0.222307257,0.883552993,-0.032018804,1.008762507,-2.633246115,1.103173939,0.115025566,-0.325554517,-0.812157131,0.210926162,-0.389135096,1.99615232,0
-2.182913991,0.662817686,0.122822531,1.299224424,-0.71941375,-1.141065543,-0.350243335,-0.295168598,-1.135821915,-1.950170785,-0.740667237,0.487249359,0.307336314,0
1.939121771,2.754661038,-1.297295807,-1.519498735,0.863550374,2.533887826,0.28814981,0.706795842,0.839178345,-1.207744085,0.175150294,2.53719023,-1.398576531,1
-0.435967373,-0.326817435,0.417743703,-0.623010407,1.233913878,-0.9583373,-0.312417338,0.741415095,0.312577104,0.45540084,1.453859104,-0.854214368,-0.543173216,0
-0.255057136,0.689413121,0.237844436,-2.691199756,0.461811205,-0.855100962,1.321642801,-0.452660349,0.825606238,0.292639887,1.428277953,0.924094531,0.971076303,1
-0.328001493,0.312572936,-0.550917966,0.907763998,1.558166355,1.044960818,-1.658798097,0.397346727,-1.289146234,0.981872084,-0.768808866,-0.139208164,-1.190723456,0
-2.277060739,-2.614745773,1.168888076,0.190738133,-0.437617736,-2.389316984,-0.126953599,1.264083552,-1.3179317,-0.829190286,0.690575321,0.276406654,1.329617789,0
-2.501154733,1.236580616,0.262690467,1.387993203,-1.806992117,-1.751584143,0.731689887,-0.698589542,-0.671557604,0.126321273,-1.910080514,-2.356936696,0.47771598,0
-3.940802854,-3.229047275,1.700351769,0.182861302,1.020030321,-3.858765991,0.356433567,-2.328211902,-2.036986008,1.175604899,-0.4213573,1.561290761,0.772956371,0
-0.376165321,0.622258778,-0.306787384,1.087318379,1.569719587,0.368659343,0.048017817,-1.136389351,-0.552257548,-0.164097251,-0.433322219,1.039090422,-0.53371476,0
-1.629899747,3.112942553,-0.683423313,1.551099799,-1.413831292,-0.013682085,-0.928131894,0.356040444,-0.632667999,-0.592063672,1.06735471,1.51032917,1.808663028,0
-3.567444544,2.942526836,-0.336771285,-1.601592515,-0.093274584,-1.298908208,-0.566463649,-1.334509072,-1.674086187,0.869104188,0.584352558,-0.38366594,-1.176458157,0
-1.442020966,-1.582352615,0.640894148,0.602459981,0.544689232,-1.313646902,0.749034798,1.067443585,-1.002624526,-0.435015824,-0.000229699,1.152750891,-1.559102774,0
-0.752150881,-0.052964926,-0.046255734,1.13379552,0.889258604,-0.093480677,-0.948877285,0.342749974,-0.800140418,-0.201858521,-1.018570621,1.987820911,-0.611393931,0
0.471662773,0.832119349,-0.584298396,-0.824126096,0.880278568,1.168870726,-0.003967201,-0.095086819,-0.277857881,-0.448149819,0.644878466,1.14141282,1.523550126,0
-1.064687286,1.50956232,-0.548867284,2.391452663,0.456641527,0.407375736,0.028728692,0.625838658,-1.034225629,0.265849649,0.328659498,-1.333966631,0.563453522,0
-1.630767832,-0.67308259,0.381266127,-1.167976631,0.166676695,-1.098674301,0.780853008,0.795741009,-1.071136308,-0.184568875,0.193557904,0.541266269,0.57874948,0
-0.673574467,-0.099738039,-0.233395063,-0.288330273,1.455240302,0.370008107,-2.794850438,-0.031761323,-1.186320494,-0.83281938,-1.776918825,-0.943211089,0.66667478,0
-0.548573138,0.695694548,-0.459451569,-1.150228178,-0.530616772,0.639340816,1.250661508,-0.687228138,-0.990515338,-0.700789103,0.125548391,-0.504592606,0.513555613,0
-1.864232796,-0.174730037,0.623142474,0.201887194,-0.006400753,-1.889584339,-0.501237958,0.193809008,-0.360267665,-1.694039281,-0.846719328,-0.404462288,-1.312912977,0
-1.761621702,-0.713887533,0.408954301,0.889156174,0.240159271,-1.184882471,-0.366161095,-0.419468392,-1.153745147,-0.525872332,1.09785091,0.385978898,0.978466677,0
-2.973995726,1.154042203,0.107635106,-0.054018743,-1.260566011,-1.507367188,0.458736448,0.823705514,-1.493978823,0.22946463,2.659440258,0.535071575,0.457098794,0
-2.595563215,-3.570547183,1.595020964,0.743061744,-1.133603519,-3.111876978,-0.38198035,2.190570134,-1.35353351,0.39999413,1.403973256,0.221034543,0.506336005,0
1.273291827,2.294629474,-1.255212595,0.044551205,0.063436533,2.407947382,0.753056177,1.452582979,0.008718764,0.640153206,1.470022865,-0.961288026,0.901961874,0
0.356290022,1.07321009,-0.648159962,-0.768392948,0.073552077,1.195735098,1.88721343,0.231648194,-0.341901096,-1.523595448,-0.783693388,1.716897446,-0.966327564,0
-0.312209252,-1.593580946,0.501802931,-0.176549709,0.960531573,-0.668343404,-1.139540698,2.285148572,-0.33647228,1.107155909,0.156505454,0.417378362,0.254456145,0
-3.54422294,1.970684123,-0.382566501,1.618106783,1.553247187,-0.847018407,1.298193912,-0.87017647,-2.482101219,-0.283021606,-0.009056264,0.684624996,-0.243902949,0
-2.503500871,2.263035659,-0.054703616,1.165157124,0.4245486,-1.392995437,0.457671611,1.359739255,-0.619416166,0.178931729,-0.069466052,-0.165961731,-0.370750984,0
-1.511768942,1.90918287,-0.578121573,0.904749803,0.068425311,0.204386239,-0.946064512,0.763319451,-1.191933894,1.982513064,2.392298384,1.039441392,0.290604697,0
0.401759375,0.193568856,0.947544839,3.139113997,-0.454045107,-2.100920423,1.187589949,1.48489683,2.621320828,0.200068163,-0.880607126,0.310161286,0.056129454,1
-2.839453506,-2.137365796,1.097336602,-0.066985269,-0.07787286,-2.556961581,0.048153287,0.543310308,-1.61318365,0.155355336,0.537726701,0.208617909,-0.046691543,0
-1.05387288,-1.252141557,0.843004235,-0.525360004,0.232736558,-1.775995679,0.535210285,1.035539018,0.036317399,-0.047234817,-0.250284391,0.746497203,-1.680897286,0
-0.203448959,-0.113390224,0.699185219,0.626205562,-0.680065631,-1.604471951,1.332645519,0.676901238,1.306421591,0.206708916,-0.28466455,-0.334133239,0.152569249,0
-1.301030216,-0.959709095,0.399399316,1.650928586,0.985011798,-0.944002556,-0.192752306,1.144709791,-0.95649337,-0.825660097,1.735447693,-0.082868755,-2.54860154,0
-3.397567238,0.656914933,0.44291677,-1.086109686,-0.229090103,-2.215304493,2.317353766,-1.820659493,-1.482741586,-0.470045185,0.320506413,-0.044686401,-0.388745294,0
-1.716721444,-0.831147123,0.76044718,-0.216420997,-0.084636387,-1.927857476,1.454955682,-1.484424562,-0.413445976,1.542133454,1.159497954,-0.99156356,-0.53344027,0
-0.948761263,-2.33007623,0.902025711,-3.010522516,0.443375982,-1.500922224,1.722627661,-1.966048413,-0.544218268,0.817484981,0.489239775,0.360580016,1.396943456,0
1.934486243,3.070114921,-1.011275303,-0.485560798,2.600673739,1.77311997,0.596490343,0.234027572,1.712371285,-0.36113446,0.214484618,1.323178427,-0.225183168,1
-1.52385411,-0.001167883,0.494458538,-1.166917801,-0.380053651,-1.560522607,-0.856288124,2.010903035,-0.222179742,0.01718385,0.724075051,-2.510222141,-0.038651769,0
-2.597816905,-2.717126589,1.265102226,-0.491101519,-1.107461328,-2.664084036,-0.004766039,-0.060548522,-1.458594006,0.170812854,-0.339043664,0.512030257,0.141572135,0
-0.185812367,0.758271342,0.350399625,-1.508169209,0.735566898,-1.114561642,0.487086559,-0.006678573,1.19001749,-0.188981245,0.160692867,0.366146526,-0.506704176,1
-0.977546771,0.555549767,0.371055747,0.518596734,0.46364163,-1.318605094,-1.770692502,0.512325054,0.393635314,-0.167286677,-0.172896435,-2.151052683,-1.217259537,0
3.531733708,2.623780761,-1.780143564,-0.629803915,2.195489088,4.13429377,1.480296504,-1.839235869,1.048869002,-0.190825826,-1.364768716,1.380929826,-1.193842477,0
-3.467732996,2.716875651,-0.833727251,-0.064801698,-0.40826511,-0.063896091,-0.561440107,-0.395483639,-2.87047865,0.95331031,-1.440980815,0.510547216,-1.830772765,0
0.70470055,0.026280325,0.570901463,0.079366013,0.281832484,-1.100622663,-0.24389354,-0.341380777,1.915911364,0.868336894,-1.578911565,0.597346381,1.183804217,1
-2.156824402,1.141253952,-0.549203064,0.441085615,-0.625112618,0.222435325,1.12844666,-0.764644618,-2.263654854,-0.082155859,-0.001021902,-1.510945767,0.076133554,0
-2.316771254,2.668848131,-1.178959624,-0.514138856,-0.450266592,1.06791881,-1.336837655,-0.879129368,-2.675841641,0.467377777,-0.87833904,-0.160512852,0.79053283,0
0.802429833,1.541162819,-0.899942131,0.8357925,1.126864546,1.731070364,-0.268251746,1.41815761,-0.167866435,1.469186814,0.579037518,-0.500376609,0.979328645,0
-3.76605908,2.633019139,-0.52000036,0.954043411,-0.385539097,-0.831972248,-1.301873852,0.613443267,-2.489698737,0.42934967,0.366834869,1.241118372,0.563714722,0
-1.944034304,0.812264649,0.291538085,0.349158384,0.809736687,-1.507254557,-0.759913994,-0.814986884,-0.437107077,-0.904651309,0.952945261,0.610564298,-0.498414322,0
-1.412995255,-1.751674218,0.706038205,-0.185276726,-0.647909436,-1.393536443,-0.312979953,-1.054158059,-0.957526088,1.662790594,0.868873142,1.27337414,-0.65994479,0
-1.816432477,1.16352553,-0.519098806,0.493086402,-0.99069751,0.244539599,-0.544572932,0.382131276,-1.882236325,-1.822534344,-1.087933459,-1.028038659,0.068750057,0
-0.587767425,-0.618722295,0.144292024,-0.236808566,1.626185389,-0.279472747,-0.914120951,-0.003674939,-0.651442212,1.47937841,-0.636938366,-0.692310779,-0.86800499,0
-4.233001835,2.738614215,-0.534468344,-0.066573449,0.807060562,-0.970954061,0.51321105,-1.096928092,-2.851084495,-0.537106415,-1.02716446,1.325372259,-0.006764594,0
-1.531964037,1.395822937,-0.076975572,0.381441525,0.316104453,-0.75762877,1.194046984,-1.046666059,-0.468422799,-0.537289011,1.412069431,-0.058869855,-0.278168574,0
-1.387834413,2.332942538,-0.50314606,-1.78846395,1.12018946,-0.078725328,0.658525962,0.062899917,-0.599123766,0.523547658,0.78847104,-0.101176712,-0.13215089,0
-3.382294237,-3.208476307,1.579741993,-0.904089843,0.056520263,-3.431353752,-2.024848074,-0.516907226,-1.804518202,1.793958945,0.070654632,-0.736186925,-0.511303724,0
-1.900434665,1.442924103,-0.132299183,0.607151041,0.845775064,-0.755006538,-1.605325281,1.158258281,-0.879153536,-1.848937877,0.883971843,-0.867414329,-0.370596432,0
0.60246647,0.039448611,0.602174157,1.321371106,0.389985862,-1.205660318,-1.086945324,0.026210292,1.90663179,2.068779433,-0.10086511,0.187210018,-0.833986266,1
-3.373719224,1.674578231,-0.396884938,-0.604675182,-1.287378593,-0.661359788,-0.780043158,0.642107759,-2.58639693,1.02719156,-0.016801316,1.11206068,1.671354084,0
-2.846242191,-2.276742212,1.148155175,-0.680674997,1.758754539,-2.625213248,0.994757762,-1.832171101,-1.609145688,-0.659015848,0.703724208,0.236156407,1.128488888,0
-2.198290131,-1.762565268,0.889644241,-0.564871494,0.193022133,-2.032634579,-1.030825127,-0.080137068,-1.23946602,-0.246737281,-0.410935077,-0.629824804,1.461992831,0
-0.089563791,0.088645386,-0.220318814,0.821219335,0.317130764,0.442665029,0.359131598,3.401875562,-0.506353472,-0.32144173,0.161992268,-0.561732884,0.32445939,0
-2.217834674,-1.993730203,0.901768749,0.835894151,-0.606917967,-1.984577456,2.629238202,-0.052814248,-1.401909746,-0.942835,-0.851527046,-1.159010697,-0.343832672,0
0.713935438,0.66293462,-0.551262835,-0.174565787,-1.492221729,1.223266316,-0.295445175,-0.52279217,-0.118479879,1.712521585,-0.991027013,0.210470162,-0.57635866,0
0.689955415,1.123710559,-0.706816687,-1.419420764,0.6345173,1.407275562,0.043356519,-1.339235349,-0.144431629,-0.967877145,0.611314346,-0.029128386,0.499981067,0
-1.391768369,-1.495305503,0.61361058,-0.582956921,0.225631875,-1.267849749,0.119123109,0.338201186,-0.9549702,-0.665247776,-1.079036031,0.457843908,-0.626132964,0
-1.245546883,0.338914079,-0.0081944,1.534286975,0.591066936,-0.459769775,-0.229715839,0.549022087,-0.853038645,0.637159744,-0.426339818,-1.175880205,0.498639326,0
-3.021622607,-3.874205803,1.712028872,1.270653837,-0.236912601,-3.393483913,-0.663618279,-2.291857345,-1.689764788,0.432412475,0.454331921,0.543838087,0.821607086,0
-3.195816123,-3.880140989,1.781393139,-1.415257925,0.560503236,-3.598954645,-0.99060115,0.637429222,-1.690680293,0.75638996,1.049033379,0.035274358,-1.387448904,0
0.130269642,1.278379389,-0.667085625,0.843024769,-0.128591198,1.101390957,0.691255038,0.266210906,-0.428564068,0.230889923,0.926704483,-0.139472816,-0.334914292,0
-3.677930243,-2.546111211,1.41353701,-0.691332773,-1.713307613,-3.372361152,0.935565151,-2.059650061,-1.941091788,-1.776048545,0.332497389,-0.708799626,1.911988238,0
-0.910870628,1.840977237,-0.734247924,1.044546578,-0.872783428,0.755751997,1.144204798,0.097284665,-1.068414065,0.878532558,0.086848519,-0.676261511,0.240049828,0
-1.492365587,-1.247224867,0.563492995,-1.417526925,0.423546833,-1.270346427,-1.735364661,0.09817861,-0.970055378,0.532619493,-1.627090387,-0.74790948,-0.531837754,0
-3.562049596,1.856266408,-0.165812915,0.244670349,-0.161771385,-1.303526493,-0.713556491,-0.039313938,-2.096766439,-0.606931627,2.534532569,0.572236727,-0.400288481,0
-0.404621546,2.200887403,0.325034521,-0.547335165,1.152553269,-1.626846112,-0.064635546,1.372888526,2.019038811,0.111574055,0.385675017,-0.131498235,-1.104974016,1
-2.82653629,3.981240527,-1.449891115,-0.618015072,0.361182167,1.074330272,-0.779090859,-0.573421514,-2.749086715,2.005593064,-0.836842182,1.067993045,1.295271234,0
-1.745826628,2.830171586,-0.802870507,-0.24025684,-1.256286041,0.323073094,-0.459698142,-1.659735361,-1.21300766,-0.772517476,1.974373155,1.026162215,-1.019426734,0
-1.037577371,1.581812179,-0.529942956,-1.685492393,0.88398316,0.346903963,1.609343376,0.016620981,-0.914152789,-0.879016269,-0.185548535,1.083392144,1.322973308,0
-2.615209796,-0.076081569,0.237262099,2.045279918,0.894240871,-1.265779119,0.742402068,-0.499356832,-1.808197277,0.061937022,-0.224860364,0.784627913,-0.000419204,0
-1.913898636,1.485328169,-0.3415135,1.950928997,1.891580338,-0.299329621,-0.236572939,-0.424913539,-1.328660198,-1.551973012,0.048848467,0.102478482,-1.612182351,0
2.411367955,2.353575962,-1.491943706,1.146049908,0.417524218,3.252414686,0.561816718,-1.260485993,0.515406889,-0.164757444,0.91901552,0.535018869,1.245630854,0
-1.950286532,1.731629854,-0.035149519,0.551647706,-0.514553584,-1.091104143,-1.110479122,-1.658113255,-0.489177751,-0.180158967,-0.401566964,-0.719405373,0.194775472,0
-0.803631637,-0.918779223,0.301295561,0.31048438,0.609916891,-0.59240899,-1.465268815,0.526219264,-0.71169474,0.559049446,2.102969677,-0.768995118,1.119475441,0
-3.271948322,-0.017227207,0.236255138,0.556795947,0.88021414,-1.47362375,2.246188014,-1.311143822,-2.340015318,0.642993155,0.027966544,0.99886216,-2.911549919,0
-2.860934476,-3.369943166,1.48870433,-0.349713262,0.266661792,-3.017785177,-0.399168402,-0.121798797,-1.674043933,0.673436229,-0.113976065,-0.236578667,0.177319196,0
-0.138365596,0.222759265,0.376618288,-0.716726239,-1.037918303,-0.972246617,-0.620061494,1.628730241,0.890481453,0.059572478,-0.226677183,0.86856091,-0.43988832,1
-1.362891933,-1.044194593,0.396959307,1.175320487,-0.133245921,-0.926641559,0.190588388,-0.11264797,-1.079062677,-0.668387769,0.517686013,0.376292665,1.283123624,0
-2.079323535,1.204728889,-0.032445143,-1.112177398,0.425408629,-0.949400394,-1.361357871,-0.826169954,-0.989157775,-0.163742747,0.240411214,-0.329044295,-1.147251991,0
-0.751369983,-0.122127653,0.007488461,-1.253967229,1.095381375,-0.190844258,1.45188677,0.044399673,-0.730509083,0.578240134,-1.463356388,0.635103024,-0.006002616,0
-0.613369987,0.004646241,-0.08505149,1.551238637,-1.089792116,0.014301187,-1.120988091,0.216688453,-0.722984038,1.689654764,-0.021384966,-0.379293854,-1.397659875,0
-2.128880333,0.25928285,0.012614541,1.813673084,-0.074654072,-0.733817005,1.018924589,-1.455896122,-1.637171877,-0.040726079,-0.372710305,-0.048353655,0.055885638,0
-1.029995459,-1.196572168,0.374101257,-0.389483461,0.716494488,-0.725250725,0.269233065,-0.030727756,-0.953406214,-0.959092906,-0.324260138,0.483026081,-1.225250213,0
-1.803825174,0.206909862,0.432738466,1.276694199,-0.772738803,-1.574403256,1.304602703,-0.527016987,-0.449800122,1.974652362,0.171044069,-0.681399913,1.053985483,0
-1.789516117,0.78911521,-0.092284612,1.56545466,1.06870498,-0.58411835,-0.372318354,-0.428602237,-1.180625736,-0.727465706,-1.220414211,-1.259295552,0.401058308,0
-3.259233904,2.637177141,-0.382011882,0.042039037,-1.463503103,-1.000151991,0.962613575,-0.822948626,-1.734409269,0.120373129,0.214984536,-1.321233738,0.986514004,0
-1.730077892,-1.505963756,0.644830198,0.139826161,-0.463585474,-1.432501957,0.031638078,0.042016603,-1.188309987,0.405045348,-0.1862464,1.217184233,0.396998824,0
-2.756310421,2.143097294,-0.222941096,0.412503595,-1.101066841,-1.042273306,0.265707099,0.751860467,-1.307192525,-1.551215613,-0.714530382,0.025394653,0.059704439,0
-4.323422907,1.885318616,-0.187293666,-0.205651912,-1.088627721,-1.484658748,0.121033879,-0.276132086,-2.78814245,-0.733462091,-0.889962557,0.954666816,1.25532319,0
-1.279528814,-0.714560924,0.29984071,-0.255560786,-1.409630907,-0.798124139,0.099815638,-0.635752682,-0.978074159,-0.443129023,2.132488495,1.01440426,0.269566527,0
-1.020984117,1.835189108,-0.474410803,0.458900072,-0.063579358,0.136762806,2.341884927,1.272664928,-0.585904748,-0.969632435,1.328063962,0.573742143,-0.889107913,0
-2.284259572,-0.752029348,0.909722714,-0.099760275,-0.161127487,-2.457895842,2.024028536,0.233287582,-0.515058301,0.943768785,0.924577866,-0.162527965,0.335218346,0
-1.594847637,2.096643157,-0.215510787,-1.992185566,0.08015976,-0.707747095,1.038654287,-0.505620586,-0.310954244,1.363545947,0.301930635,0.721161822,0.256324653,0
-2.585444108,-1.799142566,0.950718078,-0.811599615,-1.137678865,-2.26997721,0.738055412,1.933632703,-1.467826683,-1.550310586,0.357294558,-2.367032684,0.776764469,0
-1.003362071,0.761402793,-0.259737981,0.978515912,0.12812857,0.032155314,0.282645665,0.342528944,-0.89051439,-1.794896649,0.826467863,0.180549577,-1.307642934,0
-2.810324677,0.155936813,0.518881795,0.849456255,0.186161956,-2.04221191,0.084341032,1.979948368,-1.173504568,-0.670090574,0.912023671,-0.231375957,-0.022677525,0
1.172541939,2.166962594,-1.02992699,-0.332428665,-0.333483111,1.912822084,-1.185005034,-0.423143962,0.330892386,-0.87056049,-0.436325294,-0.152096249,-2.672334265,1
-1.386415743,-0.509532757,0.032992821,-0.078926676,0.935494396,-0.295814979,-0.188591851,0.01481601,-1.51706332,-0.367735583,0.395697507,0.141559267,0.703156316,0
-1.892076281,-1.517580784,0.817251268,-0.171509159,0.852053782,-1.866170351,-1.172206618,-0.736730988,-0.951593104,-0.336858349,-0.391947907,-0.672031077,-1.242532115,0
-1.092356922,0.783014954,0.116667557,0.012963941,-0.813359936,-0.85471811,1.684446339,0.620093198,-0.107566722,0.129918904,0.179398039,1.746077518,-1.3476848,0
-1.532533601,-0.131665385,0.112900382,0.42635686,-0.584582547,-0.651897972,0.857676761,-0.384274679,-1.18327238,2.129175347,-0.510990075,-1.004029961,0.455267824,0
-1.615804088,1.336922069,-0.516808771,-0.818078987,0.948205995,0.236322445,-0.706843346,-0.813599254,-1.572447496,-2.672207384,-1.085952734,-0.348775261,-0.071813143,0
-2.991196901,-2.611668444,1.321252575,-0.537947536,0.252768055,-2.941943906,-0.281316471,1.486744159,-1.597399441,1.779849034,1.067241181,1.273549348,-0.534297899,0
-2.207885251,0.66023453,0.811316676,0.368429808,1.683993338,-2.708723195,-0.183582289,1.365058322,0.385193012,2.668882758,-0.19620166,-0.75534082,-0.772684623,0
-1.071867801,-0.387623239,0.161535067,-0.605516136,1.032000449,-0.539398524,-0.061704338,0.76808905,-0.862965041,0.470273447,-1.264609349,-1.193106582,-1.212179092,0
-1.731206978,-0.864486219,0.430814288,-1.165570335,-0.21719055,-1.172788044,0.210484429,0.010710028,-1.190570782,-0.048168631,1.340950422,0.384209801,-0.59253248,0
-2.625882277,1.485694222,-0.050825456,1.346480596,-0.87305256,-1.16407227,-0.491410417,0.824884038,-1.29792082,1.047701569,0.365160632,1.487688446,0.561711028,0
-1.464305173,-0.430868843,0.225197335,1.726317943,2.058058035,-0.781793255,-0.063591193,0.293290539,-1.09511019,2.010085713,0.056038822,0.044825299,0.207060584,0
-2.727341802,1.536601399,-0.466547969,0.707884514,-1.493252931,-0.268449439,-1.003325457,-0.266104055,-2.281256559,-0.539941915,0.027264508,0.99977958,-0.212044312,0
0.583198909,0.233340055,0.747091,-1.105402525,0.128475398,-1.60795963,-0.455012465,0.771279097,2.359703756,0.967768788,-1.262433093,0.170404385,-1.513645624,1
-4.395624182,2.226720625,-0.031492669,-0.486391769,0.576446493,-1.978721057,-3.655086515,1.797838733,-2.246748204,0.014033734,-0.699582696,-0.794281847,1.09496957,0
-1.600701884,-0.087249713,0.291840205,1.111888085,0.062552462,-1.092961437,0.855982673,-0.71047283,-0.808160318,0.102629629,-0.156999041,-0.741427582,-1.859544634,0
-3.137884743,0.958338391,-0.143749066,-0.729561078,-0.907657708,-0.915822931,-0.523083997,1.826220478,-2.347222378,-0.028366504,-1.149183367,0.684083979,-0.767670154,0
-1.352547962,-0.579259884,0.253488138,0.846219015,0.537907542,-0.761592148,0.349328909,0.320580078,-1.044826696,-0.014816292,0.888271212,-1.000473249,-0.391475652,0
0.281433045,-0.55157226,0.111861209,0.786708659,0.262548395,0.02123709,0.015948303,-0.33187814,0.084955774,-2.007036099,-1.36482243,1.3656999,-0.773092445,1
2.570488519,2.105329982,-1.449713607,-0.0122749,1.334496114,3.289739523,0.990264037,-0.133236708,0.563777312,0.357209902,0.600417716,-0.223478323,0.571774243,0
0.511056382,0.352335909,-0.418208117,0.512928915,1.548348615,0.972089534,1.791802214,-0.328521318,-0.228996349,-0.088508201,-1.215942458,1.244885578,-2.174367445,0
-1.600333574,1.874175604,-0.619628775,-2.017288977,1.206114589,0.285262124,1.644380286,-1.463818584,-1.388536459,0.842157836,1.700288642,-2.267558343,0.330852878,0
-3.996257203,0.760348934,0.563258039,-0.256733803,0.334299964,-2.69725321,0.517720764,1.087726751,-1.658322393,0.956549462,-1.01103713,-0.617284569,-0.618983451,0
-2.22186002,1.353169477,-0.108442837,0.843550409,-1.601236322,-0.870308877,0.299641187,0.661432849,-1.17332054,-0.737767731,-1.129920265,0.732413548,0.212858315,0
-1.709100757,-1.138913491,0.561616916,-0.792321657,-2.216711114,-1.3666578,0.097682073,-0.47143464,-1.082667278,0.827436604,-1.227520877,0.588830672,-0.179683835,0
-0.098178316,0.517417788,-0.400264444,0.64804571,0.161454665,0.697662892,-0.71965008,0.531059815,-0.597506983,-1.299306821,-0.780750967,0.005680216,0.676057055,0
0.246261187,0.245679226,-0.284436711,0.580701837,-0.66427101,0.629795964,1.031816834,-1.664651458,-0.239717043,0.783558079,1.303344989,0.342501501,1.272091382,0
-2.157576622,2.607181209,-0.30645459,0.770480437,-2.06752332,-0.843156917,-2.327599233,-1.163099185,-0.625254993,1.552480374,0.245785017,-0.094770672,-1.656966456,0
-1.885248148,0.660590537,-0.030905685,-1.242620145,0.136426918,-0.705788639,-1.125950896,0.310153826,-1.222462192,0.488013486,0.020804024,0.532116134,1.215873562,0
-0.568946602,-0.564118957,0.133229751,1.106127871,0.050874001,-0.268134489,0.233295873,1.115401989,-0.619061971,-0.814558347,-0.090364798,1.563032962,-0.519067557,0
-1.631986842,0.017607069,0.927564922,-1.308219198,0.622664216,-2.580506153,-0.329204563,0.396270921,0.669155246,-1.060731624,1.474460327,-0.320517724,1.395707482,0
-0.545241458,0.802995857,-0.179540986,-0.545504858,-0.275442807,-0.032163947,-1.314053505,1.487358277,-0.279473167,1.122367945,-1.295627549,-0.166926794,-0.404369809,1
-1.478001771,-0.316748072,0.199107565,-0.528685052,-0.801227749,-0.766660538,-1.880597809,-0.614420462,-1.080408806,1.193748127,-1.516305018,0.926278727,-0.480895772,0
-0.255368121,-0.988089825,0.160600617,0.43500345,-0.790635103,-0.090834523,-0.683226375,0.751250663,-0.600340325,0.54209986,1.135154366,0.964107457,-0.692843003,0
-2.338114856,-1.99330515,0.96074654,-0.74723738,0.241820794,-2.153174703,0.692867714,1.028713687,-1.37430082,0.762453697,-0.172392295,-1.626991378,-1.29618902,0
-1.946510508,1.101763092,0.007314959,-1.588503136,0.746684856,-0.965089593,-0.664585488,1.011295448,-0.8608411,-1.785025839,-0.228217534,-1.938526837,0.596333584,0
